      14
      25      10       1
      0.75000003E-01
      0.53029999E-01
      0.37500001E-01
      0.26520001E-01
      0.18750001E-01
      0.13260000E-01
      0.93750004E-02
      0.66290000E-02
      0.46879998E-02
      0.33150001E-02
      0.23439999E-02
      0.16570000E-02
      0.11720000E-02
      0.82860002E-03
      0.58589998E-03
      0.41430001E-03
      0.29299999E-03
      0.20720001E-03
      0.14650000E-03
      0.10360000E-03
      0.73240000E-04
      0.51790001E-04
      0.36620000E-04
      0.25900001E-04
      0.18310000E-04
       9
       1      10
       1.3030000    
       1.3250000    
       1.3750000    
       1.4250000    
       1.4750000    
       1.5500000    
       1.6500000    
       1.7500000    
       1.9850000    
       2.5339999    
      11       1
       50.000000    
       0       0
       0       0
       0       0
       0       0
       0       0
      12      10
       34.450001    
       33.230000    
       31.049999    
       29.080000    
       26.570000    
       24.160000    
       21.219999    
       17.430000    
       12.320000    
       4.3030000    
      22      10
      0.99000001    
       1.1300000    
       1.8300000    
       1.6799999    
       1.2600000    
      0.91000003    
      0.82999998    
      0.57999998    
      0.88000000    
       2.3800001    
       2      10
Ash 
Comb
      0.29600000E-01      0.97039998    
      0.59300002E-01      0.94069999    
      0.11040000          0.88959998    
      0.16069999          0.83929998    
      0.22780000          0.77219999    
      0.28990000          0.71010000    
      0.36430001          0.63569999    
      0.45710000          0.54290003    
      0.58990002          0.41010001    
      0.81519997          0.18480000    
       0.0000000           0.0000000    
       0.0000000           0.0000000    
       0.0000000           0.0000000    
       0.0000000           0.0000000    
       0.0000000           0.0000000    
       0.0000000           0.0000000    
       0.0000000           0.0000000    
       0.0000000           0.0000000    
       0.0000000           0.0000000    
       0.0000000           0.0000000    
       1       2  SCRN
       7
      0.94999997E-02      0.89999998           4.0000000           0.0000000    
       0.0000000           0.0000000           1.0000000    
       27.780001           11.002434           16.777567           0.0000000    
       0.0000000           1.3009348          0.69906527           0.0000000    
      0.50706398           0.0000000          0.50706398           0.0000000    
      0.68550402           0.0000000          0.68550402           0.0000000    
       1.1362900           0.0000000           1.1362900           0.0000000    
       1.3706900           0.0000000           1.3706900           0.0000000    
       1.2229199           0.0000000           1.2229199           0.0000000    
       1.0397100           0.0000000           1.0397100           0.0000000    
       1.0462800          0.50680125          0.53947878           0.0000000    
      0.84422702          0.75980431          0.84422708E-01       0.0000000    
      0.74774098          0.67296690          0.74774086E-01       0.0000000    
      0.65159100          0.58643186          0.65159142E-01       0.0000000    
      0.56034499          0.50431049          0.56034505E-01       0.0000000    
      0.47672799          0.42905518          0.47672808E-01       0.0000000    
      0.40205500          0.36184949          0.40205508E-01       0.0000000    
      0.33668801          0.30301920          0.33668816E-01       0.0000000    
      0.29929101          0.26936191          0.29929101E-01       0.0000000    
      0.22125299          0.19912769          0.22125304E-01       0.0000000    
      0.19298799          0.17368919          0.19298807E-01       0.0000000    
      0.16802600          0.15122339          0.16802609E-01       0.0000000    
      0.15470500          0.13923450          0.15470505E-01       0.0000000    
      0.14120799          0.12708719          0.14120802E-01       0.0000000    
      0.95809102E-01      0.86228192E-01      0.95809102E-02       0.0000000    
      0.80424398E-01      0.72381958E-01      0.80424398E-02       0.0000000    
      0.67618698E-01      0.60856827E-01      0.67618713E-02       0.0000000    
      0.56851100E-01      0.51165991E-01      0.56851096E-02       0.0000000    
      0.30018899          0.27017009          0.30018896E-01       0.0000000    
      0.41829401           0.0000000          0.41829401           0.0000000    
      0.56549501           0.0000000          0.56549501           0.0000000    
      0.75038201           0.0000000          0.75038201           0.0000000    
      0.90517199           0.0000000          0.90517199           0.0000000    
      0.89780402           0.0000000          0.89780402           0.0000000    
      0.76329702           0.0000000          0.76329702           0.0000000    
      0.48673901          0.23576856          0.25097045           0.0000000    
      0.39274201          0.35346779          0.39274216E-01       0.0000000    
      0.34785599          0.31307039          0.34785599E-01       0.0000000    
      0.30312601          0.27281341          0.30312598E-01       0.0000000    
      0.26067701          0.23460931          0.26067704E-01       0.0000000    
      0.22177801          0.19960020          0.22177801E-01       0.0000000    
      0.18703900          0.16833510          0.18703908E-01       0.0000000    
      0.15662999          0.14096700          0.15662998E-01       0.0000000    
      0.67459300E-01      0.60713369E-01      0.67459308E-02       0.0000000    
      0.49869701E-01      0.44882730E-01      0.49869716E-02       0.0000000    
      0.43498900E-01      0.39149009E-01      0.43498911E-02       0.0000000    
      0.37872501E-01      0.34085251E-01      0.37872493E-02       0.0000000    
      0.32877900E-01      0.29590109E-01      0.32877903E-02       0.0000000    
      0.30009599E-01      0.27008640E-01      0.30009598E-02       0.0000000    
      0.20359900E-01      0.18323909E-01      0.20359904E-02       0.0000000    
      0.17090600E-01      0.15381539E-01      0.17090607E-02       0.0000000    
      0.14369300E-01      0.12932369E-01      0.14369301E-02       0.0000000    
      0.12081100E-01      0.10872989E-01      0.12081107E-02       0.0000000    
      0.63791797E-01      0.57412617E-01      0.63791797E-02       0.0000000    
      0.25554899E-01       0.0000000          0.25554899E-01       0.0000000    
      0.34547899E-01       0.0000000          0.34547899E-01       0.0000000    
      0.19831499           0.0000000          0.19831499           0.0000000    
      0.23922400           0.0000000          0.23922400           0.0000000    
      0.26844600           0.0000000          0.26844600           0.0000000    
      0.22822800           0.0000000          0.22822800           0.0000000    
      0.16848700          0.81612401E-01      0.86874597E-01       0.0000000    
      0.13594900          0.12235410          0.13594903E-01       0.0000000    
      0.12041200          0.10837080          0.12041204E-01       0.0000000    
      0.10492800          0.94435200E-01      0.10492802E-01       0.0000000    
      0.90234503E-01      0.81211053E-01      0.90234503E-02       0.0000000    
      0.76769397E-01      0.69092453E-01      0.76769441E-02       0.0000000    
      0.64744398E-01      0.58269955E-01      0.64744428E-02       0.0000000    
      0.54218099E-01      0.48796289E-01      0.54218099E-02       0.0000000    
      0.28028900E-01      0.25226010E-01      0.28028898E-02       0.0000000    
      0.20720500E-01      0.18648449E-01      0.20720512E-02       0.0000000    
      0.18073499E-01      0.16266149E-01      0.18073507E-02       0.0000000    
      0.15735701E-01      0.14162131E-01      0.15735701E-02       0.0000000    
      0.10194700E-01      0.91752298E-02      0.10194704E-02       0.0000000    
      0.93053002E-02      0.83747702E-02      0.93053002E-03       0.0000000    
      0.63037402E-02      0.56733661E-02      0.63037407E-03       0.0000000    
      0.52915099E-02      0.47623590E-02      0.52915094E-03       0.0000000    
      0.44489698E-02      0.40040729E-02      0.44489698E-03       0.0000000    
      0.37405100E-02      0.33664589E-02      0.37405104E-03       0.0000000    
      0.19750901E-01      0.17775809E-01      0.19750912E-02       0.0000000    
      0.18829999E-01       0.0000000          0.18829999E-01       0.0000000    
      0.25456401E-01       0.0000000          0.25456401E-01       0.0000000    
      0.77718198E-01       0.0000000          0.77718198E-01       0.0000000    
      0.93750000E-01       0.0000000          0.93750000E-01       0.0000000    
      0.13124000           0.0000000          0.13124000           0.0000000    
      0.11157800           0.0000000          0.11157800           0.0000000    
      0.89443602E-01      0.43325044E-01      0.46118557E-01       0.0000000    
      0.72170503E-01      0.64953454E-01      0.72170496E-02       0.0000000    
      0.63922197E-01      0.57529975E-01      0.63922219E-02       0.0000000    
      0.55702601E-01      0.50132338E-01      0.55702627E-02       0.0000000    
      0.47902301E-01      0.43112069E-01      0.47902316E-02       0.0000000    
      0.40754098E-01      0.36678687E-01      0.40754117E-02       0.0000000    
      0.34370501E-01      0.30933449E-01      0.34370515E-02       0.0000000    
      0.28782399E-01      0.25904158E-01      0.28782412E-02       0.0000000    
      0.15202100E-01      0.13681890E-01      0.15202099E-02       0.0000000    
      0.11238200E-01      0.10114379E-01      0.11238204E-02       0.0000000    
      0.98025603E-02      0.88223042E-02      0.98025613E-03       0.0000000    
      0.85346401E-02      0.76811761E-02      0.85346401E-03       0.0000000    
      0.12488500E-01      0.11239650E-01      0.12488505E-02       0.0000000    
      0.11399000E-01      0.10259099E-01      0.11399006E-02       0.0000000    
      0.77328500E-02      0.69595650E-02      0.77328505E-03       0.0000000    
      0.64911400E-02      0.58420259E-02      0.64911414E-03       0.0000000    
      0.54575801E-02      0.49118218E-02      0.54575829E-03       0.0000000    
      0.45885099E-02      0.41296589E-02      0.45885099E-03       0.0000000    
      0.24228601E-01      0.21805741E-01      0.24228599E-02       0.0000000    
      0.32279901E-01       0.0000000          0.32279901E-01       0.0000000    
      0.43639500E-01       0.0000000          0.43639500E-01       0.0000000    
      0.53598698E-01       0.0000000          0.53598698E-01       0.0000000    
      0.64655200E-01       0.0000000          0.64655200E-01       0.0000000    
      0.56671999E-01       0.0000000          0.56671999E-01       0.0000000    
      0.48181500E-01       0.0000000          0.48181500E-01       0.0000000    
      0.35361402E-01      0.17128497E-01      0.18232904E-01       0.0000000    
      0.28532499E-01      0.25679249E-01      0.28532501E-02       0.0000000    
      0.25271600E-01      0.22744440E-01      0.25271606E-02       0.0000000    
      0.22022000E-01      0.19819800E-01      0.22021998E-02       0.0000000    
      0.18938100E-01      0.17044289E-01      0.18938109E-02       0.0000000    
      0.16112100E-01      0.14500890E-01      0.16112104E-02       0.0000000    
      0.13588300E-01      0.12229470E-01      0.13588304E-02       0.0000000    
      0.11379100E-01      0.10241190E-01      0.11379104E-02       0.0000000    
      0.66509200E-02      0.59858277E-02      0.66509238E-03       0.0000000    
      0.49167299E-02      0.44250567E-02      0.49167313E-03       0.0000000    
      0.42886198E-02      0.38597577E-02      0.42886217E-03       0.0000000    
      0.37338999E-02      0.33605099E-02      0.37339004E-03       0.0000000    
      0.53522200E-02      0.48169978E-02      0.53522224E-03       0.0000000    
      0.48852800E-02      0.43967520E-02      0.48852805E-03       0.0000000    
      0.33084899E-02      0.29776408E-02      0.33084909E-03       0.0000000    
      0.27772200E-02      0.24994980E-02      0.27772202E-03       0.0000000    
      0.23350201E-02      0.21015180E-02      0.23350213E-03       0.0000000    
      0.19631900E-02      0.17668710E-02      0.19631907E-03       0.0000000    
      0.10366200E-01      0.93295798E-02      0.10366198E-02       0.0000000    
      0.53799901E-01       0.0000000          0.53799901E-01       0.0000000    
      0.72732501E-01       0.0000000          0.72732501E-01       0.0000000    
      0.14471699           0.0000000          0.14471699           0.0000000    
      0.17456900           0.0000000          0.17456900           0.0000000    
      0.10737900           0.0000000          0.10737900           0.0000000    
      0.91291301E-01       0.0000000          0.91291301E-01       0.0000000    
      0.49922001E-01      0.24181414E-01      0.25740586E-01       0.0000000    
      0.40281199E-01      0.36253080E-01      0.40281191E-02       0.0000000    
      0.35677500E-01      0.32109749E-01      0.35677515E-02       0.0000000    
      0.31089799E-01      0.27980819E-01      0.31089801E-02       0.0000000    
      0.26736099E-01      0.24062488E-01      0.26736110E-02       0.0000000    
      0.22746500E-01      0.20471849E-01      0.22746511E-02       0.0000000    
      0.19183500E-01      0.17265148E-01      0.19183513E-02       0.0000000    
      0.16064599E-01      0.14458138E-01      0.16064607E-02       0.0000000    
      0.10451400E-01      0.94062593E-02      0.10451404E-02       0.0000000    
      0.77262800E-02      0.69536520E-02      0.77262800E-03       0.0000000    
      0.67392602E-02      0.60653342E-02      0.67392597E-03       0.0000000    
      0.58675599E-02      0.52808039E-02      0.58675604E-03       0.0000000    
      0.73911599E-02      0.66520437E-02      0.73911622E-03       0.0000000    
      0.67463401E-02      0.60717058E-02      0.67463424E-03       0.0000000    
      0.45809802E-02      0.41228822E-02      0.45809802E-03       0.0000000    
      0.38453799E-02      0.34608420E-02      0.38453797E-03       0.0000000    
      0.32331001E-02      0.29097900E-02      0.32331003E-03       0.0000000    
      0.27182600E-02      0.24464340E-02      0.27182605E-03       0.0000000    
      0.14353100E-01      0.12917790E-01      0.14353106E-02       0.0000000    
      0.49764901E-01       0.0000000          0.49764901E-01       0.0000000    
      0.67277603E-01       0.0000000          0.67277603E-01       0.0000000    
      0.91117904E-01       0.0000000          0.91117904E-01       0.0000000    
      0.10991400           0.0000000          0.10991400           0.0000000    
      0.71585700E-01       0.0000000          0.71585700E-01       0.0000000    
      0.60860898E-01       0.0000000          0.60860898E-01       0.0000000    
      0.35361402E-01      0.17128497E-01      0.18232904E-01       0.0000000    
      0.28532499E-01      0.25679249E-01      0.28532501E-02       0.0000000    
      0.25271600E-01      0.22744440E-01      0.25271606E-02       0.0000000    
      0.22022000E-01      0.19819800E-01      0.22021998E-02       0.0000000    
      0.18938100E-01      0.17044289E-01      0.18938109E-02       0.0000000    
      0.16112100E-01      0.14500890E-01      0.16112104E-02       0.0000000    
      0.13588300E-01      0.12229470E-01      0.13588304E-02       0.0000000    
      0.11379100E-01      0.10241190E-01      0.11379104E-02       0.0000000    
      0.61758598E-02      0.55582738E-02      0.61758608E-03       0.0000000    
      0.45655300E-02      0.41089770E-02      0.45655295E-03       0.0000000    
      0.39822902E-02      0.35840611E-02      0.39822911E-03       0.0000000    
      0.34672001E-02      0.31204801E-02      0.34671999E-03       0.0000000    
      0.43327501E-02      0.38994751E-02      0.43327501E-03       0.0000000    
      0.39547500E-02      0.35592748E-02      0.39547519E-03       0.0000000    
      0.26820300E-02      0.24138270E-02      0.26820297E-03       0.0000000    
      0.22513601E-02      0.20262240E-02      0.22513606E-03       0.0000000    
      0.18928800E-02      0.17035919E-02      0.18928805E-03       0.0000000    
      0.15914600E-02      0.14323139E-02      0.15914603E-03       0.0000000    
      0.84033404E-02      0.75630061E-02      0.84033422E-03       0.0000000    
      0.39004900E-01       0.0000000          0.39004900E-01       0.0000000    
      0.52731100E-01       0.0000000          0.52731100E-01       0.0000000    
      0.50918799E-01       0.0000000          0.50918799E-01       0.0000000    
      0.61422400E-01       0.0000000          0.61422400E-01       0.0000000    
      0.53689301E-01       0.0000000          0.53689301E-01       0.0000000    
      0.45645699E-01       0.0000000          0.45645699E-01       0.0000000    
      0.29121200E-01      0.14105842E-01      0.15015357E-01       0.0000000    
      0.23497401E-01      0.21147661E-01      0.23497399E-02       0.0000000    
      0.20811900E-01      0.18730709E-01      0.20811912E-02       0.0000000    
      0.18135700E-01      0.16322130E-01      0.18135700E-02       0.0000000    
      0.15596100E-01      0.14036490E-01      0.15596105E-02       0.0000000    
      0.13268800E-01      0.11941920E-01      0.13268804E-02       0.0000000    
      0.11190400E-01      0.10071361E-01      0.11190400E-02       0.0000000    
      0.93710301E-02      0.84339269E-02      0.93710329E-03       0.0000000    
      0.42755902E-02      0.38480312E-02      0.42755902E-03       0.0000000    
      0.31607500E-02      0.28446750E-02      0.31607505E-03       0.0000000    
      0.27569700E-02      0.24812729E-02      0.27569709E-03       0.0000000    
      0.24003701E-02      0.21603331E-02      0.24003698E-03       0.0000000    
      0.25486799E-02      0.22938119E-02      0.25486806E-03       0.0000000    
      0.23263199E-02      0.20936879E-02      0.23263204E-03       0.0000000    
      0.15857200E-02      0.14271480E-02      0.15857199E-03       0.0000000    
      0.13310900E-02      0.11979809E-02      0.13310905E-03       0.0000000    
      0.11191500E-02      0.10072349E-02      0.11191505E-03       0.0000000    
      0.94093499E-03      0.84684149E-03      0.94093499E-04       0.0000000    
      0.49684001E-02      0.44715600E-02      0.49684010E-03       0.0000000    
      0.12105000           0.0000000          0.12105000           0.0000000    
      0.16364799           0.0000000          0.16364799           0.0000000    
      0.10719700           0.0000000          0.10719700           0.0000000    
      0.12931000           0.0000000          0.12931000           0.0000000    
      0.98430403E-01       0.0000000          0.98430403E-01       0.0000000    
      0.83683699E-01       0.0000000          0.83683699E-01       0.0000000    
      0.58242299E-01      0.28211636E-01      0.30030662E-01       0.0000000    
      0.46994802E-01      0.42295322E-01      0.46994798E-02       0.0000000    
      0.41623801E-01      0.37461419E-01      0.41623823E-02       0.0000000    
      0.36271501E-01      0.32644350E-01      0.36271513E-02       0.0000000    
      0.31192200E-01      0.28072979E-01      0.31192210E-02       0.0000000    
      0.26537601E-01      0.23883840E-01      0.26537608E-02       0.0000000    
      0.22380801E-01      0.20142721E-01      0.22380799E-02       0.0000000    
      0.18742099E-01      0.16867889E-01      0.18742103E-02       0.0000000    
      0.11401600E-01      0.10261440E-01      0.11401605E-02       0.0000000    
      0.84286695E-02      0.75858026E-02      0.84286695E-03       0.0000000    
      0.73519200E-02      0.66167279E-02      0.73519209E-03       0.0000000    
      0.64009801E-02      0.57608820E-02      0.64009801E-03       0.0000000    
      0.68814298E-02      0.61932867E-02      0.68814307E-03       0.0000000    
      0.62810802E-02      0.56529720E-02      0.62810816E-03       0.0000000    
      0.42677498E-02      0.38409748E-02      0.42677508E-03       0.0000000    
      0.35824501E-02      0.32242050E-02      0.35824510E-03       0.0000000    
      0.30120299E-02      0.27108269E-02      0.30120299E-03       0.0000000    
      0.25323899E-02      0.22791510E-02      0.25323895E-03       0.0000000    
      0.13371700E-01      0.12034530E-01      0.13371706E-02       0.0000000    
      0.79354800E-01       0.0000000          0.79354800E-01       0.0000000    
      0.10728000           0.0000000          0.10728000           0.0000000    
      0.69678403E-01       0.0000000          0.69678403E-01       0.0000000    
      0.84051698E-01       0.0000000          0.84051698E-01       0.0000000    
      0.74568503E-01       0.0000000          0.74568503E-01       0.0000000    
      0.63396700E-01       0.0000000          0.63396700E-01       0.0000000    
      0.81123203E-01      0.39294776E-01      0.41828427E-01       0.0000000    
      0.65457001E-01      0.58911301E-01      0.65457001E-02       0.0000000    
      0.57976000E-01      0.52178398E-01      0.57976022E-02       0.0000000    
      0.50521001E-01      0.45468900E-01      0.50521009E-02       0.0000000    
      0.43446202E-01      0.39101582E-01      0.43446198E-02       0.0000000    
      0.36963001E-01      0.33266701E-01      0.36963001E-02       0.0000000    
      0.31173199E-01      0.28055878E-01      0.31173211E-02       0.0000000    
      0.26105000E-01      0.23494499E-01      0.26105009E-02       0.0000000    
      0.26128599E-01      0.23515739E-01      0.26128609E-02       0.0000000    
      0.19315699E-01      0.17384129E-01      0.19315705E-02       0.0000000    
      0.16848199E-01      0.15163379E-01      0.16848203E-02       0.0000000    
      0.14668900E-01      0.13202010E-01      0.14668899E-02       0.0000000    
      0.18095599E-01      0.16286040E-01      0.18095598E-02       0.0000000    
      0.16516900E-01      0.14865209E-01      0.16516903E-02       0.0000000    
      0.49137902E-01      0.44224110E-01      0.49137920E-02       0.0000000    
      0.41247498E-01      0.37122749E-01      0.41247495E-02       0.0000000    
      0.34679800E-01      0.31211819E-01      0.34679808E-02       0.0000000    
      0.29157400E-01      0.26241660E-01      0.29157400E-02       0.0000000    
      0.15395901          0.13856310          0.15395910E-01       0.0000000    
T       2.0000000           0.0000000    
       9       1  MIXR
       0

       0.0000000           16.777567           0.0000000           0.0000000    
       0.0000000           39.147655           0.0000000           0.0000000    
       8       6  DRUM
       1
       1.4400001    
       16.777567           3.7555151           13.022052           0.0000000    
       39.147655           2.5036769           36.643978           0.0000000    
      0.50706398          0.46459436E-02      0.50241804           0.0000000    
      0.68550402          0.71797371E-02      0.67832428           0.0000000    
       1.1362900          0.12782454E-01       1.1235075           0.0000000    
       1.3706900          0.16653419E-01       1.3540366           0.0000000    
       1.2229199          0.17746568E-01       1.2051734           0.0000000    
       1.0397100          0.20941973E-01       1.0187681           0.0000000    
      0.53947878          0.17190695E-01      0.52228808           0.0000000    
      0.84422708E-01      0.45390502E-02      0.79883657E-01       0.0000000    
      0.74774086E-01      0.67158341E-02      0.68058252E-01       0.0000000    
      0.65159142E-01      0.91639906E-02      0.55995151E-01       0.0000000    
      0.56034505E-01      0.11274859E-01      0.44759646E-01       0.0000000    
      0.47672808E-01      0.12530673E-01      0.35142135E-01       0.0000000    
      0.40205508E-01      0.12757083E-01      0.27448425E-01       0.0000000    
      0.33668816E-01      0.12128159E-01      0.21540657E-01       0.0000000    
      0.29929101E-01      0.11706753E-01      0.18222349E-01       0.0000000    
      0.22125304E-01      0.91218976E-02      0.13003406E-01       0.0000000    
      0.19298807E-01      0.82288114E-02      0.11069995E-01       0.0000000    
      0.16802609E-01      0.73222285E-02      0.94803805E-02       0.0000000    
      0.15470505E-01      0.68390649E-02      0.86314399E-02       0.0000000    
      0.14120802E-01      0.63024629E-02      0.78183394E-02       0.0000000    
      0.95809102E-02      0.43040579E-02      0.52768523E-02       0.0000000    
      0.80424398E-02      0.36290246E-02      0.44134152E-02       0.0000000    
      0.67618713E-02      0.30605793E-02      0.37012920E-02       0.0000000    
      0.56851096E-02      0.25787118E-02      0.31063978E-02       0.0000000    
      0.30018896E-01      0.13636645E-01      0.16382251E-01       0.0000000    
      0.41829401          0.96077621E-02      0.40868625           0.0000000    
      0.56549501          0.13859332E-01      0.55163568           0.0000000    
      0.75038201          0.18187821E-01      0.73219419           0.0000000    
      0.90517199          0.21566927E-01      0.88360506           0.0000000    
      0.89780402          0.23089886E-01      0.87471414           0.0000000    
      0.76329702          0.24601758E-01      0.73869526           0.0000000    
      0.25097045          0.11609465E-01      0.23936099           0.0000000    
      0.39274216E-01      0.28070919E-02      0.36467124E-01       0.0000000    
      0.34785599E-01      0.38513858E-02      0.30934213E-01       0.0000000    
      0.30312598E-01      0.49441159E-02      0.25368482E-01       0.0000000    
      0.26067704E-01      0.58079008E-02      0.20259803E-01       0.0000000    
      0.22177801E-01      0.62459316E-02      0.15931869E-01       0.0000000    
      0.18703908E-01      0.62204469E-02      0.12483461E-01       0.0000000    
      0.15662998E-01      0.58312705E-02      0.98317275E-02       0.0000000    
      0.67459308E-02      0.27034958E-02      0.40424350E-02       0.0000000    
      0.49869716E-02      0.20952870E-02      0.28916846E-02       0.0000000    
      0.43498911E-02      0.18838283E-02      0.24660628E-02       0.0000000    
      0.37872493E-02      0.16727061E-02      0.21145432E-02       0.0000000    
      0.32877903E-02      0.14710287E-02      0.18167617E-02       0.0000000    
      0.30009598E-02      0.13543614E-02      0.16465983E-02       0.0000000    
      0.20359904E-02      0.92427095E-03      0.11117194E-02       0.0000000    
      0.17090607E-02      0.77898061E-03      0.93008013E-03       0.0000000    
      0.14369301E-02      0.65676740E-03      0.78016275E-03       0.0000000    
      0.12081107E-02      0.55324996E-03      0.65486075E-03       0.0000000    
      0.63791797E-02      0.29252716E-02      0.34539080E-02       0.0000000    
      0.25554899E-01      0.41873287E-02      0.21367570E-01       0.0000000    
      0.34547899E-01      0.52498952E-02      0.29298004E-01       0.0000000    
      0.19831499          0.25342241E-01      0.17297275           0.0000000    
      0.23922400          0.24843350E-01      0.21438065           0.0000000    
      0.26844600          0.24285465E-01      0.24416053           0.0000000    
      0.22822800          0.20694539E-01      0.20753346           0.0000000    
      0.86874597E-01      0.91041848E-02      0.77770412E-01       0.0000000    
      0.13594903E-01      0.18087588E-02      0.11786144E-01       0.0000000    
      0.12041204E-01      0.20994004E-02      0.99418033E-02       0.0000000    
      0.10492802E-01      0.23580184E-02      0.81347832E-02       0.0000000    
      0.90234503E-02      0.25064335E-02      0.65170168E-02       0.0000000    
      0.76769441E-02      0.25117258E-02      0.51652184E-02       0.0000000    
      0.64744428E-02      0.23860238E-02      0.40884190E-02       0.0000000    
      0.54218099E-02      0.21698116E-02      0.32519982E-02       0.0000000    
      0.28028898E-02      0.11847947E-02      0.16180951E-02       0.0000000    
      0.20720512E-02      0.90750749E-03      0.11645437E-02       0.0000000    
      0.18073507E-02      0.80992619E-03      0.99742447E-03       0.0000000    
      0.15735701E-02      0.71577093E-03      0.85779914E-03       0.0000000    
      0.10194704E-02      0.46832446E-03      0.55114593E-03       0.0000000    
      0.93053002E-03      0.43030013E-03      0.50022989E-03       0.0000000    
      0.63037407E-03      0.29281134E-03      0.33756273E-03       0.0000000    
      0.52915094E-03      0.24654961E-03      0.28260134E-03       0.0000000    
      0.44489698E-03      0.20773402E-03      0.23716297E-03       0.0000000    
      0.37405104E-03      0.17491264E-03      0.19913841E-03       0.0000000    
      0.19750912E-02      0.92454220E-03      0.10505490E-02       0.0000000    
      0.18829999E-01      0.11679955E-01      0.71500451E-02       0.0000000    
      0.25456401E-01      0.14281561E-01      0.11174840E-01       0.0000000    
      0.77718198E-01      0.36026835E-01      0.41691363E-01       0.0000000    
      0.93750000E-01      0.33273786E-01      0.60476214E-01       0.0000000    
      0.13124000          0.35778083E-01      0.95461912E-01       0.0000000    
      0.11157800          0.25653787E-01      0.85924216E-01       0.0000000    
      0.46118557E-01      0.10160055E-01      0.35958502E-01       0.0000000    
      0.72170496E-02      0.16908031E-02      0.55262465E-02       0.0000000    
      0.63922219E-02      0.16857060E-02      0.47065159E-02       0.0000000    
      0.55702627E-02      0.16780475E-02      0.38922152E-02       0.0000000    
      0.47902316E-02      0.16303726E-02      0.31598590E-02       0.0000000    
      0.40754117E-02      0.15331879E-02      0.25422238E-02       0.0000000    
      0.34370515E-02      0.13951806E-02      0.20418710E-02       0.0000000    
      0.28782412E-02      0.12336514E-02      0.16445898E-02       0.0000000    
      0.15202099E-02      0.67609519E-03      0.84411475E-03       0.0000000    
      0.11238204E-02      0.51211618E-03      0.61170425E-03       0.0000000    
      0.98025613E-03      0.45384094E-03      0.52641518E-03       0.0000000    
      0.85346401E-03      0.39927164E-03      0.45419237E-03       0.0000000    
      0.12488505E-02      0.58828935E-03      0.66056114E-03       0.0000000    
      0.11399006E-02      0.53946034E-03      0.60044031E-03       0.0000000    
      0.77328505E-03      0.36711388E-03      0.40617117E-03       0.0000000    
      0.64911414E-03      0.30883128E-03      0.34028286E-03       0.0000000    
      0.54575829E-03      0.26004607E-03      0.28571222E-03       0.0000000    
      0.45885099E-03      0.21886366E-03      0.23998733E-03       0.0000000    
      0.24228599E-02      0.11565031E-02      0.12663568E-02       0.0000000    
      0.32279901E-01      0.30071534E-01      0.22083675E-02       0.0000000    
      0.43639500E-01      0.39325185E-01      0.43143141E-02       0.0000000    
      0.53598698E-01      0.44807378E-01      0.87913191E-02       0.0000000    
      0.64655200E-01      0.46756234E-01      0.17898966E-01       0.0000000    
      0.56671999E-01      0.33178329E-01      0.23493668E-01       0.0000000    
      0.48181500E-01      0.22741554E-01      0.25439946E-01       0.0000000    
      0.18232904E-01      0.73926747E-02      0.10840230E-01       0.0000000    
      0.28532501E-02      0.10810262E-02      0.17722240E-02       0.0000000    
      0.25271606E-02      0.95503882E-03      0.15721217E-02       0.0000000    
      0.22021998E-02      0.86039992E-03      0.13417999E-02       0.0000000    
      0.18938109E-02      0.77466003E-03      0.11191509E-02       0.0000000    
      0.16112104E-02      0.68940525E-03      0.92180516E-03       0.0000000    
      0.13588304E-02      0.60382206E-03      0.75500831E-03       0.0000000    
      0.11379104E-02      0.52043988E-03      0.61747053E-03       0.0000000    
      0.66509238E-03      0.31045781E-03      0.35463457E-03       0.0000000    
      0.49167313E-03      0.23269636E-03      0.25897677E-03       0.0000000    
      0.42886217E-03      0.20483576E-03      0.22402641E-03       0.0000000    
      0.37339004E-03      0.17942574E-03      0.19396430E-03       0.0000000    
      0.53522224E-03      0.25823506E-03      0.27698718E-03       0.0000000    
      0.48852805E-03      0.23635055E-03      0.25217750E-03       0.0000000    
      0.33084909E-03      0.16036376E-03      0.17048532E-03       0.0000000    
      0.27772202E-03      0.13478537E-03      0.14293665E-03       0.0000000    
      0.23350213E-03      0.11342497E-03      0.12007716E-03       0.0000000    
      0.19631907E-03      0.95422060E-04      0.10089701E-03       0.0000000    
      0.10366198E-02      0.50407345E-03      0.53254631E-03       0.0000000    
      0.53799901E-01      0.53636238E-01      0.16366158E-03       0.0000000    
      0.72732501E-01      0.72315976E-01      0.41652552E-03       0.0000000    
      0.14471699          0.14276154          0.19554528E-02       0.0000000    
      0.17456900          0.16833974          0.62292558E-02       0.0000000    
      0.10737900          0.97901136E-01      0.94778584E-02       0.0000000    
      0.91291301E-01      0.75079970E-01      0.16211329E-01       0.0000000    
      0.25740586E-01      0.18504405E-01      0.72361813E-02       0.0000000    
      0.40281191E-02      0.25456180E-02      0.14825012E-02       0.0000000    
      0.35677515E-02      0.20442945E-02      0.15234570E-02       0.0000000    
      0.31089801E-02      0.16717040E-02      0.14372761E-02       0.0000000    
      0.26736110E-02      0.13854421E-02      0.12881689E-02       0.0000000    
      0.22746511E-02      0.11555913E-02      0.11190597E-02       0.0000000    
      0.19183513E-02      0.96501742E-03      0.95333386E-03       0.0000000    
      0.16064607E-02      0.80442015E-03      0.80204051E-03       0.0000000    
      0.10451404E-02      0.52230211E-03      0.52283832E-03       0.0000000    
      0.77262800E-03      0.38580218E-03      0.38682582E-03       0.0000000    
      0.67392597E-03      0.33641298E-03      0.33751299E-03       0.0000000    
      0.58675604E-03      0.29286917E-03      0.29388687E-03       0.0000000    
      0.73911622E-03      0.36890878E-03      0.37020745E-03       0.0000000    
      0.67463424E-03      0.33672649E-03      0.33790775E-03       0.0000000    
      0.45809802E-03      0.22865113E-03      0.22944689E-03       0.0000000    
      0.38453797E-03      0.19193774E-03      0.19260023E-03       0.0000000    
      0.32331003E-03      0.16137851E-03      0.16193152E-03       0.0000000    
      0.27182605E-03      0.13568187E-03      0.13614418E-03       0.0000000    
      0.14353106E-02      0.71644015E-03      0.71887043E-03       0.0000000    
      0.49764901E-01      0.49762715E-01      0.21861035E-05       0.0000000    
      0.67277603E-01      0.67269988E-01      0.76150995E-05       0.0000000    
      0.91117904E-01      0.91082044E-01      0.35861223E-04       0.0000000    
      0.10991400          0.10973386          0.18013688E-03       0.0000000    
      0.71585700E-01      0.71100898E-01      0.48480264E-03       0.0000000    
      0.60860898E-01      0.59429500E-01      0.14313972E-02       0.0000000    
      0.18232904E-01      0.17085973E-01      0.11469313E-02       0.0000000    
      0.28532501E-02      0.24886206E-02      0.36462952E-03       0.0000000    
      0.25271606E-02      0.20071976E-02      0.51996298E-03       0.0000000    
      0.22021998E-02      0.15858422E-02      0.61635755E-03       0.0000000    
      0.18938109E-02      0.12486691E-02      0.64514187E-03       0.0000000    
      0.16112104E-02      0.98849414E-03      0.62271621E-03       0.0000000    
      0.13588304E-02      0.78908255E-03      0.56974782E-03       0.0000000    
      0.11379104E-02      0.63505990E-03      0.50285051E-03       0.0000000    
      0.61758608E-03      0.33540544E-03      0.28218064E-03       0.0000000    
      0.45655295E-03      0.24351421E-03      0.21303874E-03       0.0000000    
      0.39822911E-03      0.20991873E-03      0.18831038E-03       0.0000000    
      0.34671999E-03      0.18136486E-03      0.16535513E-03       0.0000000    
      0.43327501E-03      0.22549101E-03      0.20778400E-03       0.0000000    
      0.39547519E-03      0.20512012E-03      0.19035507E-03       0.0000000    
      0.26820297E-03      0.13878784E-03      0.12941513E-03       0.0000000    
      0.22513606E-03      0.11631840E-03      0.10881766E-03       0.0000000    
      0.18928805E-03      0.97690776E-04      0.91597278E-04       0.0000000    
      0.15914603E-03      0.82072533E-04      0.77073499E-04       0.0000000    
      0.84033422E-03      0.43313651E-03      0.40719772E-03       0.0000000    
      0.39004900E-01      0.39004900E-01       0.0000000           0.0000000    
      0.52731100E-01      0.52730985E-01      0.11629169E-06       0.0000000    
      0.50918799E-01      0.50918221E-01      0.57664943E-06       0.0000000    
      0.61422400E-01      0.61417926E-01      0.44738158E-05       0.0000000    
      0.53689301E-01      0.53663529E-01      0.25770662E-04       0.0000000    
      0.45645699E-01      0.45523390E-01      0.12230888E-03       0.0000000    
      0.15015357E-01      0.14844309E-01      0.17104864E-03       0.0000000    
      0.23497399E-02      0.22662021E-02      0.83537874E-04       0.0000000    
      0.20811912E-02      0.19092645E-02      0.17192673E-03       0.0000000    
      0.18135700E-02      0.15425484E-02      0.27102162E-03       0.0000000    
      0.15596105E-02      0.12117199E-02      0.34789054E-03       0.0000000    
      0.13268804E-02      0.94113336E-03      0.38574703E-03       0.0000000    
      0.11190400E-02      0.73233922E-03      0.38670073E-03       0.0000000    
      0.93710329E-03      0.57502987E-03      0.36207342E-03       0.0000000    
      0.42755902E-03      0.25024242E-03      0.17731662E-03       0.0000000    
      0.31607505E-03      0.17903397E-03      0.13704108E-03       0.0000000    
      0.27569709E-03      0.15277052E-03      0.12292658E-03       0.0000000    
      0.24003698E-03      0.13108191E-03      0.10895507E-03       0.0000000    
      0.25486806E-03      0.13783071E-03      0.11703735E-03       0.0000000    
      0.23263204E-03      0.12498291E-03      0.10764913E-03       0.0000000    
      0.15857199E-03      0.84814041E-04      0.73757947E-04       0.0000000    
      0.13310905E-03      0.70977127E-04      0.62131920E-04       0.0000000    
      0.11191505E-03      0.59549617E-04      0.52365438E-04       0.0000000    
      0.94093499E-04      0.49993087E-04      0.44100412E-04       0.0000000    
      0.49684010E-03      0.26370579E-03      0.23313430E-03       0.0000000    
      0.12105000          0.12105000           0.0000000           0.0000000    
      0.16364799          0.16364799           0.0000000           0.0000000    
      0.10719700          0.10719700           0.0000000           0.0000000    
      0.12931000          0.12931000           0.0000000           0.0000000    
      0.98430403E-01      0.98430306E-01      0.93870547E-07       0.0000000    
      0.83683699E-01      0.83682403E-01      0.12968636E-05       0.0000000    
      0.30030662E-01      0.30025160E-01      0.55023584E-05       0.0000000    
      0.46994798E-02      0.46927244E-02      0.67551528E-05       0.0000000    
      0.41623823E-02      0.41313269E-02      0.31055581E-04       0.0000000    
      0.36271513E-02      0.35311272E-02      0.96024116E-04       0.0000000    
      0.31192210E-02      0.29092338E-02      0.20998722E-03       0.0000000    
      0.26537608E-02      0.23089701E-02      0.34479069E-03       0.0000000    
      0.22380799E-02      0.17854933E-02      0.45258657E-03       0.0000000    
      0.18742103E-02      0.13691813E-02      0.50502899E-03       0.0000000    
      0.11401605E-02      0.77227037E-03      0.36789014E-03       0.0000000    
      0.84286695E-03      0.53887686E-03      0.30399012E-03       0.0000000    
      0.73519209E-03      0.45112523E-03      0.28406686E-03       0.0000000    
      0.64009801E-03      0.38182823E-03      0.25826978E-03       0.0000000    
      0.68814307E-03      0.40266130E-03      0.28548177E-03       0.0000000    
      0.62810816E-03      0.36274537E-03      0.26536279E-03       0.0000000    
      0.42677508E-03      0.24426571E-03      0.18250936E-03       0.0000000    
      0.35824510E-03      0.20377638E-03      0.15446873E-03       0.0000000    
      0.30120299E-03      0.17059527E-03      0.13060772E-03       0.0000000    
      0.25323895E-03      0.14300059E-03      0.11023835E-03       0.0000000    
      0.13371706E-02      0.75350027E-03      0.58367033E-03       0.0000000    
      0.79354800E-01      0.79354800E-01       0.0000000           0.0000000    
      0.10728000          0.10728000           0.0000000           0.0000000    
      0.69678403E-01      0.69678403E-01       0.0000000           0.0000000    
      0.84051698E-01      0.84051698E-01       0.0000000           0.0000000    
      0.74568503E-01      0.74568503E-01       0.0000000           0.0000000    
      0.63396700E-01      0.63396700E-01       0.0000000           0.0000000    
      0.41828427E-01      0.41828427E-01       0.0000000           0.0000000    
      0.65457001E-02      0.65457001E-02       0.0000000           0.0000000    
      0.57976022E-02      0.57974705E-02      0.13165989E-06       0.0000000    
      0.50521009E-02      0.50503439E-02      0.17570858E-05       0.0000000    
      0.43446198E-02      0.43321941E-02      0.12425655E-04       0.0000000    
      0.36963001E-02      0.36448196E-02      0.51480511E-04       0.0000000    
      0.31173211E-02      0.29807913E-02      0.13652974E-03       0.0000000    
      0.26105009E-02      0.23583688E-02      0.25213204E-03       0.0000000    
      0.26128609E-02      0.21910078E-02      0.42185301E-03       0.0000000    
      0.19315705E-02      0.15025282E-02      0.42904224E-03       0.0000000    
      0.16848203E-02      0.12302133E-02      0.45460690E-03       0.0000000    
      0.14668899E-02      0.10207974E-02      0.44609245E-03       0.0000000    
      0.18095598E-02      0.12163492E-02      0.59321063E-03       0.0000000    
      0.16516903E-02      0.10834702E-02      0.56822016E-03       0.0000000    
      0.49137920E-02      0.31688134E-02      0.17449785E-02       0.0000000    
      0.41247495E-02      0.26285290E-02      0.14962206E-02       0.0000000    
      0.34679808E-02      0.21917056E-02      0.12762751E-02       0.0000000    
      0.29157400E-02      0.18320108E-02      0.10837292E-02       0.0000000    
      0.15395910E-01      0.96340477E-02      0.57618623E-02       0.0000000    
F       0.0000000           0.0000000    
       2       1  MIXR
       0

       0.0000000           11.002434           0.0000000           0.0000000    
       0.0000000           25.672344           0.0000000           0.0000000    
       3       3  SCR1
       3
      0.60000003E-03      0.30000001           2.0000000    
       11.002434          0.75622773           10.246206           0.0000000    
       25.672344           7.7017040           17.970640           0.0000000    
       0.0000000           0.0000000           0.0000000           0.0000000    
       0.0000000           0.0000000           0.0000000           0.0000000    
       0.0000000           0.0000000           0.0000000           0.0000000    
       0.0000000           0.0000000           0.0000000           0.0000000    
       0.0000000           0.0000000           0.0000000           0.0000000    
       0.0000000           0.0000000           0.0000000           0.0000000    
      0.50680125           0.0000000          0.50680125           0.0000000    
      0.75980431           0.0000000          0.75980431           0.0000000    
      0.67296690           0.0000000          0.67296690           0.0000000    
      0.58643186           0.0000000          0.58643186           0.0000000    
      0.50431049           0.0000000          0.50431049           0.0000000    
      0.42905518           0.0000000          0.42905518           0.0000000    
      0.36184949           0.0000000          0.36184949           0.0000000    
      0.30301920          0.24405718E-02      0.30057862           0.0000000    
      0.26936191          0.43659732E-01      0.22570218           0.0000000    
      0.19912769          0.50603211E-01      0.14852448           0.0000000    
      0.17368919          0.48094645E-01      0.12559454           0.0000000    
      0.15122339          0.43175921E-01      0.10804747           0.0000000    
      0.13923450          0.40396057E-01      0.98838441E-01       0.0000000    
      0.12708719          0.37246771E-01      0.89840420E-01       0.0000000    
      0.86228192E-01      0.25446553E-01      0.60781639E-01       0.0000000    
      0.72381958E-01      0.21463536E-01      0.50918423E-01       0.0000000    
      0.60856827E-01      0.18107414E-01      0.42749412E-01       0.0000000    
      0.51165991E-01      0.15260629E-01      0.35905361E-01       0.0000000    
      0.27017009          0.80717638E-01      0.18945245           0.0000000    
       0.0000000           0.0000000           0.0000000           0.0000000    
       0.0000000           0.0000000           0.0000000           0.0000000    
       0.0000000           0.0000000           0.0000000           0.0000000    
       0.0000000           0.0000000           0.0000000           0.0000000    
       0.0000000           0.0000000           0.0000000           0.0000000    
       0.0000000           0.0000000           0.0000000           0.0000000    
      0.23576856           0.0000000          0.23576856           0.0000000    
      0.35346779           0.0000000          0.35346779           0.0000000    
      0.31307039           0.0000000          0.31307039           0.0000000    
      0.27281341           0.0000000          0.27281341           0.0000000    
      0.23460931           0.0000000          0.23460931           0.0000000    
      0.19960020           0.0000000          0.19960020           0.0000000    
      0.16833510           0.0000000          0.16833510           0.0000000    
      0.14096700          0.11353642E-02      0.13983163           0.0000000    
      0.60713369E-01      0.98407716E-02      0.50872598E-01       0.0000000    
      0.44882730E-01      0.11405800E-01      0.33476930E-01       0.0000000    
      0.39149009E-01      0.10840384E-01      0.28308624E-01       0.0000000    
      0.34085251E-01      0.97317081E-02      0.24353543E-01       0.0000000    
      0.29590109E-01      0.85849687E-02      0.21005141E-01       0.0000000    
      0.27008640E-01      0.79157036E-02      0.19092936E-01       0.0000000    
      0.18323909E-01      0.54075159E-02      0.12916394E-01       0.0000000    
      0.15381539E-01      0.45611113E-02      0.10820428E-01       0.0000000    
      0.12932369E-01      0.38479129E-02      0.90844566E-02       0.0000000    
      0.10872989E-01      0.32429481E-02      0.76300409E-02       0.0000000    
      0.57412617E-01      0.17152939E-01      0.40259678E-01       0.0000000    
       0.0000000           0.0000000           0.0000000           0.0000000    
       0.0000000           0.0000000           0.0000000           0.0000000    
       0.0000000           0.0000000           0.0000000           0.0000000    
       0.0000000           0.0000000           0.0000000           0.0000000    
       0.0000000           0.0000000           0.0000000           0.0000000    
       0.0000000           0.0000000           0.0000000           0.0000000    
      0.81612401E-01       0.0000000          0.81612401E-01       0.0000000    
      0.12235410           0.0000000          0.12235410           0.0000000    
      0.10837080           0.0000000          0.10837080           0.0000000    
      0.94435200E-01       0.0000000          0.94435200E-01       0.0000000    
      0.81211053E-01       0.0000000          0.81211053E-01       0.0000000    
      0.69092453E-01       0.0000000          0.69092453E-01       0.0000000    
      0.58269955E-01       0.0000000          0.58269955E-01       0.0000000    
      0.48796289E-01      0.39301068E-03      0.48403278E-01       0.0000000    
      0.25226010E-01      0.40887780E-02      0.21137232E-01       0.0000000    
      0.18648449E-01      0.47390275E-02      0.13909422E-01       0.0000000    
      0.16266149E-01      0.45041060E-02      0.11762043E-01       0.0000000    
      0.14162131E-01      0.40434422E-02      0.10118688E-01       0.0000000    
      0.91752298E-02      0.26620063E-02      0.65132235E-02       0.0000000    
      0.83747702E-02      0.24544816E-02      0.59202886E-02       0.0000000    
      0.56733661E-02      0.16742507E-02      0.39991154E-02       0.0000000    
      0.47623590E-02      0.14121898E-02      0.33501692E-02       0.0000000    
      0.40040729E-02      0.11913767E-02      0.28126962E-02       0.0000000    
      0.33664589E-02      0.10040710E-02      0.23623880E-02       0.0000000    
      0.17775809E-01      0.53108074E-02      0.12465002E-01       0.0000000    
       0.0000000           0.0000000           0.0000000           0.0000000    
       0.0000000           0.0000000           0.0000000           0.0000000    
       0.0000000           0.0000000           0.0000000           0.0000000    
       0.0000000           0.0000000           0.0000000           0.0000000    
       0.0000000           0.0000000           0.0000000           0.0000000    
       0.0000000           0.0000000           0.0000000           0.0000000    
      0.43325044E-01       0.0000000          0.43325044E-01       0.0000000    
      0.64953454E-01       0.0000000          0.64953454E-01       0.0000000    
      0.57529975E-01       0.0000000          0.57529975E-01       0.0000000    
      0.50132338E-01       0.0000000          0.50132338E-01       0.0000000    
      0.43112069E-01       0.0000000          0.43112069E-01       0.0000000    
      0.36678687E-01       0.0000000          0.36678687E-01       0.0000000    
      0.30933449E-01       0.0000000          0.30933449E-01       0.0000000    
      0.25904158E-01      0.20863488E-03      0.25695523E-01       0.0000000    
      0.13681890E-01      0.22176402E-02      0.11464250E-01       0.0000000    
      0.10114379E-01      0.25703111E-02      0.75440682E-02       0.0000000    
      0.88223042E-02      0.24429010E-02      0.63794032E-02       0.0000000    
      0.76811761E-02      0.21930588E-02      0.54881172E-02       0.0000000    
      0.11239650E-01      0.32609561E-02      0.79786936E-02       0.0000000    
      0.10259099E-01      0.30067414E-02      0.72523579E-02       0.0000000    
      0.69595650E-02      0.20538173E-02      0.49057477E-02       0.0000000    
      0.58420259E-02      0.17323452E-02      0.41096807E-02       0.0000000    
      0.49118218E-02      0.14614693E-02      0.34503525E-02       0.0000000    
      0.41296589E-02      0.12317009E-02      0.28979580E-02       0.0000000    
      0.21805741E-01      0.65148147E-02      0.15290926E-01       0.0000000    
       0.0000000           0.0000000           0.0000000           0.0000000    
       0.0000000           0.0000000           0.0000000           0.0000000    
       0.0000000           0.0000000           0.0000000           0.0000000    
       0.0000000           0.0000000           0.0000000           0.0000000    
       0.0000000           0.0000000           0.0000000           0.0000000    
       0.0000000           0.0000000           0.0000000           0.0000000    
      0.17128497E-01       0.0000000          0.17128497E-01       0.0000000    
      0.25679249E-01       0.0000000          0.25679249E-01       0.0000000    
      0.22744440E-01       0.0000000          0.22744440E-01       0.0000000    
      0.19819800E-01       0.0000000          0.19819800E-01       0.0000000    
      0.17044289E-01       0.0000000          0.17044289E-01       0.0000000    
      0.14500890E-01       0.0000000          0.14500890E-01       0.0000000    
      0.12229470E-01       0.0000000          0.12229470E-01       0.0000000    
      0.10241190E-01      0.82483515E-04      0.10158706E-01       0.0000000    
      0.59858277E-02      0.97021740E-03      0.50156103E-02       0.0000000    
      0.44250567E-02      0.11245152E-02      0.33005415E-02       0.0000000    
      0.38597577E-02      0.10687693E-02      0.27909884E-02       0.0000000    
      0.33605099E-02      0.95946202E-03      0.24010479E-02       0.0000000    
      0.48169978E-02      0.13975538E-02      0.34194440E-02       0.0000000    
      0.43967520E-02      0.12886021E-02      0.31081499E-02       0.0000000    
      0.29776408E-02      0.87872311E-03      0.20989177E-02       0.0000000    
      0.24994980E-02      0.74118003E-03      0.17583179E-02       0.0000000    
      0.21015180E-02      0.62528823E-03      0.14762298E-02       0.0000000    
      0.17668710E-02      0.52698213E-03      0.12398888E-02       0.0000000    
      0.93295798E-02      0.27873614E-02      0.65422184E-02       0.0000000    
       0.0000000           0.0000000           0.0000000           0.0000000    
       0.0000000           0.0000000           0.0000000           0.0000000    
       0.0000000           0.0000000           0.0000000           0.0000000    
       0.0000000           0.0000000           0.0000000           0.0000000    
       0.0000000           0.0000000           0.0000000           0.0000000    
       0.0000000           0.0000000           0.0000000           0.0000000    
      0.24181414E-01       0.0000000          0.24181414E-01       0.0000000    
      0.36253080E-01       0.0000000          0.36253080E-01       0.0000000    
      0.32109749E-01       0.0000000          0.32109749E-01       0.0000000    
      0.27980819E-01       0.0000000          0.27980819E-01       0.0000000    
      0.24062488E-01       0.0000000          0.24062488E-01       0.0000000    
      0.20471849E-01       0.0000000          0.20471849E-01       0.0000000    
      0.17265148E-01       0.0000000          0.17265148E-01       0.0000000    
      0.14458138E-01      0.11644792E-03      0.14341691E-01       0.0000000    
      0.94062593E-02      0.15246207E-02      0.78816386E-02       0.0000000    
      0.69536520E-02      0.17670929E-02      0.51865592E-02       0.0000000    
      0.60653342E-02      0.16794945E-02      0.43858397E-02       0.0000000    
      0.52808039E-02      0.15077267E-02      0.37730772E-02       0.0000000    
      0.66520437E-02      0.19299551E-02      0.47220886E-02       0.0000000    
      0.60717058E-02      0.17794981E-02      0.42922078E-02       0.0000000    
      0.41228822E-02      0.12166919E-02      0.29061902E-02       0.0000000    
      0.34608420E-02      0.10262488E-02      0.24345932E-02       0.0000000    
      0.29097900E-02      0.86578238E-03      0.20440076E-02       0.0000000    
      0.24464340E-02      0.72966679E-03      0.17167672E-02       0.0000000    
      0.12917790E-01      0.38593961E-02      0.90583935E-02       0.0000000    
       0.0000000           0.0000000           0.0000000           0.0000000    
       0.0000000           0.0000000           0.0000000           0.0000000    
       0.0000000           0.0000000           0.0000000           0.0000000    
       0.0000000           0.0000000           0.0000000           0.0000000    
       0.0000000           0.0000000           0.0000000           0.0000000    
       0.0000000           0.0000000           0.0000000           0.0000000    
      0.17128497E-01       0.0000000          0.17128497E-01       0.0000000    
      0.25679249E-01       0.0000000          0.25679249E-01       0.0000000    
      0.22744440E-01       0.0000000          0.22744440E-01       0.0000000    
      0.19819800E-01       0.0000000          0.19819800E-01       0.0000000    
      0.17044289E-01       0.0000000          0.17044289E-01       0.0000000    
      0.14500890E-01       0.0000000          0.14500890E-01       0.0000000    
      0.12229470E-01       0.0000000          0.12229470E-01       0.0000000    
      0.10241190E-01      0.82483515E-04      0.10158706E-01       0.0000000    
      0.55582738E-02      0.90091722E-03      0.46573565E-02       0.0000000    
      0.41089770E-02      0.10441917E-02      0.30647854E-02       0.0000000    
      0.35840611E-02      0.99242851E-03      0.25916325E-02       0.0000000    
      0.31204801E-02      0.89093088E-03      0.22295492E-02       0.0000000    
      0.38994751E-02      0.11313534E-02      0.27681217E-02       0.0000000    
      0.35592748E-02      0.10431539E-02      0.25161209E-02       0.0000000    
      0.24138270E-02      0.71233755E-03      0.17014894E-02       0.0000000    
      0.20262240E-02      0.60083938E-03      0.14253847E-02       0.0000000    
      0.17035919E-02      0.50688873E-03      0.11967032E-02       0.0000000    
      0.14323139E-02      0.42719813E-03      0.10051158E-02       0.0000000    
      0.75630061E-02      0.22595692E-02      0.53034369E-02       0.0000000    
       0.0000000           0.0000000           0.0000000           0.0000000    
       0.0000000           0.0000000           0.0000000           0.0000000    
       0.0000000           0.0000000           0.0000000           0.0000000    
       0.0000000           0.0000000           0.0000000           0.0000000    
       0.0000000           0.0000000           0.0000000           0.0000000    
       0.0000000           0.0000000           0.0000000           0.0000000    
      0.14105842E-01       0.0000000          0.14105842E-01       0.0000000    
      0.21147661E-01       0.0000000          0.21147661E-01       0.0000000    
      0.18730709E-01       0.0000000          0.18730709E-01       0.0000000    
      0.16322130E-01       0.0000000          0.16322130E-01       0.0000000    
      0.14036490E-01       0.0000000          0.14036490E-01       0.0000000    
      0.11941920E-01       0.0000000          0.11941920E-01       0.0000000    
      0.10071361E-01       0.0000000          0.10071361E-01       0.0000000    
      0.84339269E-02      0.67927875E-04      0.83659990E-02       0.0000000    
      0.38480312E-02      0.62371115E-03      0.32243200E-02       0.0000000    
      0.28446750E-02      0.72290143E-03      0.21217735E-02       0.0000000    
      0.24812729E-02      0.68706588E-03      0.17942070E-02       0.0000000    
      0.21603331E-02      0.61679853E-03      0.15435346E-02       0.0000000    
      0.22938119E-02      0.66550286E-03      0.16283090E-02       0.0000000    
      0.20936879E-02      0.61361899E-03      0.14800689E-02       0.0000000    
      0.14271480E-02      0.42116153E-03      0.10059865E-02       0.0000000    
      0.11979809E-02      0.35523914E-03      0.84274181E-03       0.0000000    
      0.10072349E-02      0.29969390E-03      0.70754101E-03       0.0000000    
      0.84684149E-03      0.25257666E-03      0.59426483E-03       0.0000000    
      0.44715600E-02      0.13359501E-02      0.31356099E-02       0.0000000    
       0.0000000           0.0000000           0.0000000           0.0000000    
       0.0000000           0.0000000           0.0000000           0.0000000    
       0.0000000           0.0000000           0.0000000           0.0000000    
       0.0000000           0.0000000           0.0000000           0.0000000    
       0.0000000           0.0000000           0.0000000           0.0000000    
       0.0000000           0.0000000           0.0000000           0.0000000    
      0.28211636E-01       0.0000000          0.28211636E-01       0.0000000    
      0.42295322E-01       0.0000000          0.42295322E-01       0.0000000    
      0.37461419E-01       0.0000000          0.37461419E-01       0.0000000    
      0.32644350E-01       0.0000000          0.32644350E-01       0.0000000    
      0.28072979E-01       0.0000000          0.28072979E-01       0.0000000    
      0.23883840E-01       0.0000000          0.23883840E-01       0.0000000    
      0.20142721E-01       0.0000000          0.20142721E-01       0.0000000    
      0.16867889E-01      0.13585575E-03      0.16732033E-01       0.0000000    
      0.10261440E-01      0.16632332E-02      0.85982066E-02       0.0000000    
      0.75858026E-02      0.19277381E-02      0.56580645E-02       0.0000000    
      0.66167279E-02      0.18321760E-02      0.47845519E-02       0.0000000    
      0.57608820E-02      0.16447944E-02      0.41160877E-02       0.0000000    
      0.61932867E-02      0.17968561E-02      0.43964307E-02       0.0000000    
      0.56529720E-02      0.16567754E-02      0.39961967E-02       0.0000000    
      0.38409748E-02      0.11334990E-02      0.27074758E-02       0.0000000    
      0.32242050E-02      0.95607853E-03      0.22681265E-02       0.0000000    
      0.27108269E-02      0.80658274E-03      0.19042442E-02       0.0000000    
      0.22791510E-02      0.67977339E-03      0.15993776E-02       0.0000000    
      0.12034530E-01      0.35955086E-02      0.84390212E-02       0.0000000    
       0.0000000           0.0000000           0.0000000           0.0000000    
       0.0000000           0.0000000           0.0000000           0.0000000    
       0.0000000           0.0000000           0.0000000           0.0000000    
       0.0000000           0.0000000           0.0000000           0.0000000    
       0.0000000           0.0000000           0.0000000           0.0000000    
       0.0000000           0.0000000           0.0000000           0.0000000    
      0.39294776E-01       0.0000000          0.39294776E-01       0.0000000    
      0.58911301E-01       0.0000000          0.58911301E-01       0.0000000    
      0.52178398E-01       0.0000000          0.52178398E-01       0.0000000    
      0.45468900E-01       0.0000000          0.45468900E-01       0.0000000    
      0.39101582E-01       0.0000000          0.39101582E-01       0.0000000    
      0.33266701E-01       0.0000000          0.33266701E-01       0.0000000    
      0.28055878E-01       0.0000000          0.28055878E-01       0.0000000    
      0.23494499E-01      0.18922798E-03      0.23305271E-01       0.0000000    
      0.23515739E-01      0.38115662E-02      0.19704172E-01       0.0000000    
      0.17384129E-01      0.44177324E-02      0.12966396E-01       0.0000000    
      0.15163379E-01      0.41987486E-02      0.10964630E-01       0.0000000    
      0.13202010E-01      0.37693167E-02      0.94326930E-02       0.0000000    
      0.16286040E-01      0.47250632E-02      0.11560977E-01       0.0000000    
      0.14865209E-01      0.43567019E-02      0.10508507E-01       0.0000000    
      0.44224110E-01      0.13050850E-01      0.31173259E-01       0.0000000    
      0.37122749E-01      0.11008067E-01      0.26114682E-01       0.0000000    
      0.31211819E-01      0.92868023E-02      0.21925017E-01       0.0000000    
      0.26241660E-01      0.78267660E-02      0.18414894E-01       0.0000000    
      0.13856310          0.41397944E-01      0.97165152E-01       0.0000000    
F       0.0000000           0.0000000    
       4       4  DWSC
       8
       7.3499999          0.60000003E-03       3.6580000          0.91399997    
       15.000000           300.00000          0.20000000E-01       45.000000    
       10.246206           1.7702602           8.4759407           0.0000000    
       17.970640           15.930965           2.0396743           0.0000000    
       0.0000000           0.0000000           0.0000000           0.0000000    
       0.0000000           0.0000000           0.0000000           0.0000000    
       0.0000000           0.0000000           0.0000000           0.0000000    
       0.0000000           0.0000000           0.0000000           0.0000000    
       0.0000000           0.0000000           0.0000000           0.0000000    
       0.0000000           0.0000000           0.0000000           0.0000000    
      0.50680125           0.0000000          0.50680125           0.0000000    
      0.75980431           0.0000000          0.75980431           0.0000000    
      0.67296690           0.0000000          0.67296690           0.0000000    
      0.58643186           0.0000000          0.58643186           0.0000000    
      0.50431049           0.0000000          0.50431049           0.0000000    
      0.42905518           0.0000000          0.42905518           0.0000000    
      0.36184949           0.0000000          0.36184949           0.0000000    
      0.30057862           0.0000000          0.30057862           0.0000000    
      0.22570218          0.19473453          0.30967653E-01       0.0000000    
      0.14852448          0.12814605          0.20378426E-01       0.0000000    
      0.12559454          0.10836224          0.17232299E-01       0.0000000    
      0.10804747          0.93222730E-01      0.14824741E-01       0.0000000    
      0.98838441E-01      0.85277237E-01      0.13561204E-01       0.0000000    
      0.89840420E-01      0.77513799E-01      0.12326621E-01       0.0000000    
      0.60781639E-01      0.52442048E-01      0.83395913E-02       0.0000000    
      0.50918423E-01      0.43932121E-01      0.69863014E-02       0.0000000    
      0.42749412E-01      0.36883947E-01      0.58654658E-02       0.0000000    
      0.35905361E-01      0.30978939E-01      0.49264226E-02       0.0000000    
      0.18945245          0.16345848          0.25993973E-01       0.0000000    
       0.0000000           0.0000000           0.0000000           0.0000000    
       0.0000000           0.0000000           0.0000000           0.0000000    
       0.0000000           0.0000000           0.0000000           0.0000000    
       0.0000000           0.0000000           0.0000000           0.0000000    
       0.0000000           0.0000000           0.0000000           0.0000000    
       0.0000000           0.0000000           0.0000000           0.0000000    
      0.23576856           0.0000000          0.23576856           0.0000000    
      0.35346779           0.0000000          0.35346779           0.0000000    
      0.31307039           0.0000000          0.31307039           0.0000000    
      0.27281341           0.0000000          0.27281341           0.0000000    
      0.23460931           0.0000000          0.23460931           0.0000000    
      0.19960020           0.0000000          0.19960020           0.0000000    
      0.16833510           0.0000000          0.16833510           0.0000000    
      0.13983163           0.0000000          0.13983163           0.0000000    
      0.50872598E-01      0.43892581E-01      0.69800168E-02       0.0000000    
      0.33476930E-01      0.28883703E-01      0.45932271E-02       0.0000000    
      0.28308624E-01      0.24424518E-01      0.38841069E-02       0.0000000    
      0.24353543E-01      0.21012096E-01      0.33414476E-02       0.0000000    
      0.21005141E-01      0.18123114E-01      0.28820261E-02       0.0000000    
      0.19092936E-01      0.16473275E-01      0.26196614E-02       0.0000000    
      0.12916394E-01      0.11144189E-01      0.17722044E-02       0.0000000    
      0.10820428E-01      0.93358029E-02      0.14846250E-02       0.0000000    
      0.90844566E-02      0.78380164E-02      0.12464402E-02       0.0000000    
      0.76300409E-02      0.65831551E-02      0.10468857E-02       0.0000000    
      0.40259678E-01      0.34735817E-01      0.55238605E-02       0.0000000    
       0.0000000           0.0000000           0.0000000           0.0000000    
       0.0000000           0.0000000           0.0000000           0.0000000    
       0.0000000           0.0000000           0.0000000           0.0000000    
       0.0000000           0.0000000           0.0000000           0.0000000    
       0.0000000           0.0000000           0.0000000           0.0000000    
       0.0000000           0.0000000           0.0000000           0.0000000    
      0.81612401E-01       0.0000000          0.81612401E-01       0.0000000    
      0.12235410           0.0000000          0.12235410           0.0000000    
      0.10837080           0.0000000          0.10837080           0.0000000    
      0.94435200E-01       0.0000000          0.94435200E-01       0.0000000    
      0.81211053E-01       0.0000000          0.81211053E-01       0.0000000    
      0.69092453E-01       0.0000000          0.69092453E-01       0.0000000    
      0.58269955E-01       0.0000000          0.58269955E-01       0.0000000    
      0.48403278E-01       0.0000000          0.48403278E-01       0.0000000    
      0.21137232E-01      0.18237080E-01      0.29001515E-02       0.0000000    
      0.13909422E-01      0.12000969E-01      0.19084532E-02       0.0000000    
      0.11762043E-01      0.10148222E-01      0.16138209E-02       0.0000000    
      0.10118688E-01      0.87303463E-02      0.13883421E-02       0.0000000    
      0.65132235E-02      0.56195715E-02      0.89365197E-03       0.0000000    
      0.59202886E-02      0.51079905E-02      0.81229815E-03       0.0000000    
      0.39991154E-02      0.34504137E-02      0.54870173E-03       0.0000000    
      0.33501692E-02      0.28905065E-02      0.45966264E-03       0.0000000    
      0.28126962E-02      0.24267780E-02      0.38591819E-03       0.0000000    
      0.23623880E-02      0.20382546E-02      0.32413332E-03       0.0000000    
      0.12465002E-01      0.10754731E-01      0.17102705E-02       0.0000000    
       0.0000000           0.0000000           0.0000000           0.0000000    
       0.0000000           0.0000000           0.0000000           0.0000000    
       0.0000000           0.0000000           0.0000000           0.0000000    
       0.0000000           0.0000000           0.0000000           0.0000000    
       0.0000000           0.0000000           0.0000000           0.0000000    
       0.0000000           0.0000000           0.0000000           0.0000000    
      0.43325044E-01       0.0000000          0.43325044E-01       0.0000000    
      0.64953454E-01       0.0000000          0.64953454E-01       0.0000000    
      0.57529975E-01       0.0000000          0.57529975E-01       0.0000000    
      0.50132338E-01       0.0000000          0.50132338E-01       0.0000000    
      0.43112069E-01       0.0000000          0.43112069E-01       0.0000000    
      0.36678687E-01       0.0000000          0.36678687E-01       0.0000000    
      0.30933449E-01       0.0000000          0.30933449E-01       0.0000000    
      0.25695523E-01       0.0000000          0.25695523E-01       0.0000000    
      0.11464250E-01      0.98912884E-02      0.15729619E-02       0.0000000    
      0.75440682E-02      0.65089781E-02      0.10350901E-02       0.0000000    
      0.63794032E-02      0.55041122E-02      0.87529095E-03       0.0000000    
      0.54881172E-02      0.47351159E-02      0.75300131E-03       0.0000000    
      0.79786936E-02      0.68839709E-02      0.10947227E-02       0.0000000    
      0.72523579E-02      0.62572923E-02      0.99506555E-03       0.0000000    
      0.49057477E-02      0.42326506E-02      0.67309709E-03       0.0000000    
      0.41096807E-02      0.35458088E-02      0.56387181E-03       0.0000000    
      0.34503525E-02      0.29769442E-02      0.47340826E-03       0.0000000    
      0.28979580E-02      0.25003415E-02      0.39761653E-03       0.0000000    
      0.15290926E-01      0.13192923E-01      0.20980034E-02       0.0000000    
       0.0000000           0.0000000           0.0000000           0.0000000    
       0.0000000           0.0000000           0.0000000           0.0000000    
       0.0000000           0.0000000           0.0000000           0.0000000    
       0.0000000           0.0000000           0.0000000           0.0000000    
       0.0000000           0.0000000           0.0000000           0.0000000    
       0.0000000           0.0000000           0.0000000           0.0000000    
      0.17128497E-01       0.0000000          0.17128497E-01       0.0000000    
      0.25679249E-01       0.0000000          0.25679249E-01       0.0000000    
      0.22744440E-01       0.0000000          0.22744440E-01       0.0000000    
      0.19819800E-01       0.0000000          0.19819800E-01       0.0000000    
      0.17044289E-01       0.0000000          0.17044289E-01       0.0000000    
      0.14500890E-01       0.0000000          0.14500890E-01       0.0000000    
      0.12229470E-01       0.0000000          0.12229470E-01       0.0000000    
      0.10158706E-01       0.0000000          0.10158706E-01       0.0000000    
      0.50156103E-02      0.43274392E-02      0.68817101E-03       0.0000000    
      0.33005415E-02      0.28476883E-02      0.45285327E-03       0.0000000    
      0.27909884E-02      0.24080488E-02      0.38293959E-03       0.0000000    
      0.24010479E-02      0.20716102E-02      0.32943767E-03       0.0000000    
      0.34194440E-02      0.29502765E-02      0.46916748E-03       0.0000000    
      0.31081499E-02      0.26816938E-02      0.42645610E-03       0.0000000    
      0.20989177E-02      0.18109340E-02      0.28798368E-03       0.0000000    
      0.17583179E-02      0.15170665E-02      0.24125143E-03       0.0000000    
      0.14762298E-02      0.12736825E-02      0.20254729E-03       0.0000000    
      0.12398888E-02      0.10697689E-02      0.17011992E-03       0.0000000    
      0.65422184E-02      0.56445883E-02      0.89763012E-03       0.0000000    
       0.0000000           0.0000000           0.0000000           0.0000000    
       0.0000000           0.0000000           0.0000000           0.0000000    
       0.0000000           0.0000000           0.0000000           0.0000000    
       0.0000000           0.0000000           0.0000000           0.0000000    
       0.0000000           0.0000000           0.0000000           0.0000000    
       0.0000000           0.0000000           0.0000000           0.0000000    
      0.24181414E-01       0.0000000          0.24181414E-01       0.0000000    
      0.36253080E-01       0.0000000          0.36253080E-01       0.0000000    
      0.32109749E-01       0.0000000          0.32109749E-01       0.0000000    
      0.27980819E-01       0.0000000          0.27980819E-01       0.0000000    
      0.24062488E-01       0.0000000          0.24062488E-01       0.0000000    
      0.20471849E-01       0.0000000          0.20471849E-01       0.0000000    
      0.17265148E-01       0.0000000          0.17265148E-01       0.0000000    
      0.14341691E-01       0.0000000          0.14341691E-01       0.0000000    
      0.78816386E-02      0.68002320E-02      0.10814066E-02       0.0000000    
      0.51865592E-02      0.44749333E-02      0.71162591E-03       0.0000000    
      0.43858397E-02      0.37840772E-02      0.60176244E-03       0.0000000    
      0.37730772E-02      0.32553892E-02      0.51768799E-03       0.0000000    
      0.47220886E-02      0.40741907E-02      0.64789783E-03       0.0000000    
      0.42922078E-02      0.37032920E-02      0.58891578E-03       0.0000000    
      0.29061902E-02      0.25074442E-02      0.39874599E-03       0.0000000    
      0.24345932E-02      0.21005529E-02      0.33404026E-03       0.0000000    
      0.20440076E-02      0.17635580E-02      0.28044963E-03       0.0000000    
      0.17167672E-02      0.14812169E-02      0.23555034E-03       0.0000000    
      0.90583935E-02      0.78155296E-02      0.12428639E-02       0.0000000    
       0.0000000           0.0000000           0.0000000           0.0000000    
       0.0000000           0.0000000           0.0000000           0.0000000    
       0.0000000           0.0000000           0.0000000           0.0000000    
       0.0000000           0.0000000           0.0000000           0.0000000    
       0.0000000           0.0000000           0.0000000           0.0000000    
       0.0000000           0.0000000           0.0000000           0.0000000    
      0.17128497E-01       0.0000000          0.17128497E-01       0.0000000    
      0.25679249E-01       0.0000000          0.25679249E-01       0.0000000    
      0.22744440E-01       0.0000000          0.22744440E-01       0.0000000    
      0.19819800E-01       0.0000000          0.19819800E-01       0.0000000    
      0.17044289E-01       0.0000000          0.17044289E-01       0.0000000    
      0.14500890E-01       0.0000000          0.14500890E-01       0.0000000    
      0.12229470E-01       0.0000000          0.12229470E-01       0.0000000    
      0.10158706E-01       0.0000000          0.10158706E-01       0.0000000    
      0.46573565E-02      0.40183403E-02      0.63901627E-03       0.0000000    
      0.30647854E-02      0.26442790E-02      0.42050635E-03       0.0000000    
      0.25916325E-02      0.22360457E-02      0.35558688E-03       0.0000000    
      0.22295492E-02      0.19236421E-02      0.30590710E-03       0.0000000    
      0.27681217E-02      0.23883192E-02      0.37980243E-03       0.0000000    
      0.25161209E-02      0.21708945E-02      0.34522638E-03       0.0000000    
      0.17014894E-02      0.14680353E-02      0.23345416E-03       0.0000000    
      0.14253847E-02      0.12298137E-02      0.19557099E-03       0.0000000    
      0.11967032E-02      0.10325086E-02      0.16419461E-03       0.0000000    
      0.10051158E-02      0.86720812E-03      0.13790769E-03       0.0000000    
      0.53034369E-02      0.45757745E-02      0.72766235E-03       0.0000000    
       0.0000000           0.0000000           0.0000000           0.0000000    
       0.0000000           0.0000000           0.0000000           0.0000000    
       0.0000000           0.0000000           0.0000000           0.0000000    
       0.0000000           0.0000000           0.0000000           0.0000000    
       0.0000000           0.0000000           0.0000000           0.0000000    
       0.0000000           0.0000000           0.0000000           0.0000000    
      0.14105842E-01       0.0000000          0.14105842E-01       0.0000000    
      0.21147661E-01       0.0000000          0.21147661E-01       0.0000000    
      0.18730709E-01       0.0000000          0.18730709E-01       0.0000000    
      0.16322130E-01       0.0000000          0.16322130E-01       0.0000000    
      0.14036490E-01       0.0000000          0.14036490E-01       0.0000000    
      0.11941920E-01       0.0000000          0.11941920E-01       0.0000000    
      0.10071361E-01       0.0000000          0.10071361E-01       0.0000000    
      0.83659990E-02       0.0000000          0.83659990E-02       0.0000000    
      0.32243200E-02      0.27819246E-02      0.44239545E-03       0.0000000    
      0.21217735E-02      0.18306539E-02      0.29111968E-03       0.0000000    
      0.17942070E-02      0.15480315E-02      0.24617556E-03       0.0000000    
      0.15435346E-02      0.13317527E-02      0.21178182E-03       0.0000000    
      0.16283090E-02      0.14048956E-02      0.22341346E-03       0.0000000    
      0.14800689E-02      0.12769948E-02      0.20307407E-03       0.0000000    
      0.10059865E-02      0.86795929E-03      0.13802719E-03       0.0000000    
      0.84274181E-03      0.72711275E-03      0.11562905E-03       0.0000000    
      0.70754101E-03      0.61046233E-03      0.97078679E-04       0.0000000    
      0.59426483E-03      0.51272823E-03      0.81536593E-04       0.0000000    
      0.31356099E-02      0.27053861E-02      0.43022376E-03       0.0000000    
       0.0000000           0.0000000           0.0000000           0.0000000    
       0.0000000           0.0000000           0.0000000           0.0000000    
       0.0000000           0.0000000           0.0000000           0.0000000    
       0.0000000           0.0000000           0.0000000           0.0000000    
       0.0000000           0.0000000           0.0000000           0.0000000    
       0.0000000           0.0000000           0.0000000           0.0000000    
      0.28211636E-01       0.0000000          0.28211636E-01       0.0000000    
      0.42295322E-01       0.0000000          0.42295322E-01       0.0000000    
      0.37461419E-01       0.0000000          0.37461419E-01       0.0000000    
      0.32644350E-01       0.0000000          0.32644350E-01       0.0000000    
      0.28072979E-01       0.0000000          0.28072979E-01       0.0000000    
      0.23883840E-01       0.0000000          0.23883840E-01       0.0000000    
      0.20142721E-01       0.0000000          0.20142721E-01       0.0000000    
      0.16732033E-01       0.0000000          0.16732033E-01       0.0000000    
      0.85982066E-02      0.74184830E-02      0.11797235E-02       0.0000000    
      0.56580645E-02      0.48817452E-02      0.77631930E-03       0.0000000    
      0.47845519E-02      0.41280836E-02      0.65646833E-03       0.0000000    
      0.41160877E-02      0.35513367E-02      0.56475098E-03       0.0000000    
      0.43964307E-02      0.37932149E-02      0.60321577E-03       0.0000000    
      0.39961967E-02      0.34478954E-02      0.54830126E-03       0.0000000    
      0.27074758E-02      0.23359945E-02      0.37148129E-03       0.0000000    
      0.22681265E-02      0.19569264E-02      0.31120004E-03       0.0000000    
      0.19042442E-02      0.16429708E-02      0.26127335E-03       0.0000000    
      0.15993776E-02      0.13799337E-02      0.21944393E-03       0.0000000    
      0.84390212E-02      0.72811386E-02      0.11578826E-02       0.0000000    
       0.0000000           0.0000000           0.0000000           0.0000000    
       0.0000000           0.0000000           0.0000000           0.0000000    
       0.0000000           0.0000000           0.0000000           0.0000000    
       0.0000000           0.0000000           0.0000000           0.0000000    
       0.0000000           0.0000000           0.0000000           0.0000000    
       0.0000000           0.0000000           0.0000000           0.0000000    
      0.39294776E-01       0.0000000          0.39294776E-01       0.0000000    
      0.58911301E-01       0.0000000          0.58911301E-01       0.0000000    
      0.52178398E-01       0.0000000          0.52178398E-01       0.0000000    
      0.45468900E-01       0.0000000          0.45468900E-01       0.0000000    
      0.39101582E-01       0.0000000          0.39101582E-01       0.0000000    
      0.33266701E-01       0.0000000          0.33266701E-01       0.0000000    
      0.28055878E-01       0.0000000          0.28055878E-01       0.0000000    
      0.23305271E-01       0.0000000          0.23305271E-01       0.0000000    
      0.19704172E-01      0.17000645E-01      0.27035270E-02       0.0000000    
      0.12966396E-01      0.11187332E-01      0.17790645E-02       0.0000000    
      0.10964630E-01      0.94602192E-02      0.15044110E-02       0.0000000    
      0.94326930E-02      0.81384731E-02      0.12942199E-02       0.0000000    
      0.11560977E-01      0.99747442E-02      0.15862323E-02       0.0000000    
      0.10508507E-01      0.90666795E-02      0.14418280E-02       0.0000000    
      0.31173259E-01      0.26896108E-01      0.42771511E-02       0.0000000    
      0.26114682E-01      0.22531597E-01      0.35830848E-02       0.0000000    
      0.21925017E-01      0.18916778E-01      0.30082390E-02       0.0000000    
      0.18414894E-01      0.15888264E-01      0.25266297E-02       0.0000000    
      0.97165152E-01      0.83833538E-01      0.13331614E-01       0.0000000    
F       0.0000000           0.0000000    
       7       1  MIXR
       0

       0.0000000           8.4759407           0.0000000           0.0000000    
       0.0000000           19.777195           0.0000000           0.0000000    
       5       5  DMCY
       3
       1.4100000          0.30000001           1.0000000    
       8.4759407           1.5616093           6.9143314           0.0000000    
       19.777195           3.6437550           16.133440           0.0000000    
       0.0000000           0.0000000           0.0000000           0.0000000    
       0.0000000           0.0000000           0.0000000           0.0000000    
       0.0000000           0.0000000           0.0000000           0.0000000    
       0.0000000           0.0000000           0.0000000           0.0000000    
       0.0000000           0.0000000           0.0000000           0.0000000    
       0.0000000           0.0000000           0.0000000           0.0000000    
      0.50680125          0.21023154E-02      0.50469893           0.0000000    
      0.75980431          0.29700398E-02      0.75683427           0.0000000    
      0.67296690          0.21948814E-02      0.67077202           0.0000000    
      0.58643186          0.16398430E-02      0.58479202           0.0000000    
      0.50431049          0.14696717E-02      0.50284082           0.0000000    
      0.42905518          0.17201900E-02      0.42733499           0.0000000    
      0.36184949          0.25590062E-02      0.35929048           0.0000000    
      0.30057862          0.43620765E-02      0.29621655           0.0000000    
      0.30967653E-01      0.95508993E-03      0.30012563E-01       0.0000000    
      0.20378426E-01      0.12594573E-02      0.19118968E-01       0.0000000    
      0.17232299E-01      0.19020922E-02      0.15330207E-01       0.0000000    
      0.14824741E-01      0.25597904E-02      0.12264950E-01       0.0000000    
      0.13561204E-01      0.32424433E-02      0.10318761E-01       0.0000000    
      0.12326621E-01      0.36968971E-02      0.86297235E-02       0.0000000    
      0.83395913E-02      0.29128385E-02      0.54267528E-02       0.0000000    
      0.69863014E-02      0.26939800E-02      0.42923214E-02       0.0000000    
      0.58654658E-02      0.24086179E-02      0.34568480E-02       0.0000000    
      0.49264226E-02      0.21050244E-02      0.28213982E-02       0.0000000    
      0.25993973E-01      0.11392573E-01      0.14601400E-01       0.0000000    
       0.0000000           0.0000000           0.0000000           0.0000000    
       0.0000000           0.0000000           0.0000000           0.0000000    
       0.0000000           0.0000000           0.0000000           0.0000000    
       0.0000000           0.0000000           0.0000000           0.0000000    
       0.0000000           0.0000000           0.0000000           0.0000000    
       0.0000000           0.0000000           0.0000000           0.0000000    
      0.23576856          0.41713268E-02      0.23159723           0.0000000    
      0.35346779          0.53533614E-02      0.34811443           0.0000000    
      0.31307039          0.35148561E-02      0.30955553           0.0000000    
      0.27281341          0.22866130E-02      0.27052680           0.0000000    
      0.23460931          0.17615855E-02      0.23284772           0.0000000    
      0.19960020          0.17657727E-02      0.19783443           0.0000000    
      0.16833510          0.22618175E-02      0.16607328           0.0000000    
      0.13983163          0.33591390E-02      0.13647249           0.0000000    
      0.69800168E-02      0.31558657E-03      0.66644303E-02       0.0000000    
      0.45932271E-02      0.37551671E-03      0.42177103E-02       0.0000000    
      0.38841069E-02      0.52214111E-03      0.33619658E-02       0.0000000    
      0.33414476E-02      0.66008163E-03      0.26813659E-02       0.0000000    
      0.28820261E-02      0.75407443E-03      0.21279517E-02       0.0000000    
      0.26196614E-02      0.83446235E-03      0.17851990E-02       0.0000000    
      0.17722044E-02      0.64492761E-03      0.11272768E-02       0.0000000    
      0.14846250E-02      0.58940245E-03      0.89522259E-03       0.0000000    
      0.12464402E-02      0.52313699E-03      0.72330324E-03       0.0000000    
      0.10468857E-02      0.45514951E-03      0.59173623E-03       0.0000000    
      0.55238605E-02      0.24563936E-02      0.30674669E-02       0.0000000    
       0.0000000           0.0000000           0.0000000           0.0000000    
       0.0000000           0.0000000           0.0000000           0.0000000    
       0.0000000           0.0000000           0.0000000           0.0000000    
       0.0000000           0.0000000           0.0000000           0.0000000    
       0.0000000           0.0000000           0.0000000           0.0000000    
       0.0000000           0.0000000           0.0000000           0.0000000    
      0.81612401E-01      0.27276199E-01      0.54336201E-01       0.0000000    
      0.12235410          0.31231008E-01      0.91123089E-01       0.0000000    
      0.10837080          0.17451786E-01      0.90919010E-01       0.0000000    
      0.94435200E-01      0.88774785E-02      0.85557722E-01       0.0000000    
      0.81211053E-01      0.50064623E-02      0.76204590E-01       0.0000000    
      0.69092453E-01      0.35724491E-02      0.65520003E-01       0.0000000    
      0.58269955E-01      0.32687187E-02      0.55001236E-01       0.0000000    
      0.48403278E-01      0.35483949E-02      0.44854883E-01       0.0000000    
      0.29001515E-02      0.30344632E-03      0.25967052E-02       0.0000000    
      0.19084532E-02      0.28639601E-03      0.16220572E-02       0.0000000    
      0.16138209E-02      0.33169554E-03      0.12821254E-02       0.0000000    
      0.13883421E-02      0.36619604E-03      0.10221461E-02       0.0000000    
      0.89365197E-03      0.28393435E-03      0.60971762E-03       0.0000000    
      0.81229815E-03      0.29485486E-03      0.51744329E-03       0.0000000    
      0.54870173E-03      0.21838536E-03      0.33031637E-03       0.0000000    
      0.45966264E-03      0.19451292E-03      0.26514972E-03       0.0000000    
      0.38591819E-03      0.16992216E-03      0.21599603E-03       0.0000000    
      0.32413332E-03      0.14639120E-03      0.17774211E-03       0.0000000    
      0.17102705E-02      0.78516750E-03      0.92510303E-03       0.0000000    
       0.0000000           0.0000000           0.0000000           0.0000000    
       0.0000000           0.0000000           0.0000000           0.0000000    
       0.0000000           0.0000000           0.0000000           0.0000000    
       0.0000000           0.0000000           0.0000000           0.0000000    
       0.0000000           0.0000000           0.0000000           0.0000000    
       0.0000000           0.0000000           0.0000000           0.0000000    
      0.43325044E-01      0.40434964E-01      0.28900818E-02       0.0000000    
      0.64953454E-01      0.57434428E-01      0.75190254E-02       0.0000000    
      0.57529975E-01      0.43977201E-01      0.13552776E-01       0.0000000    
      0.50132338E-01      0.28083868E-01      0.22048470E-01       0.0000000    
      0.43112069E-01      0.15661221E-01      0.27450848E-01       0.0000000    
      0.36678687E-01      0.91644842E-02      0.27514203E-01       0.0000000    
      0.30933449E-01      0.63700099E-02      0.24563439E-01       0.0000000    
      0.25695523E-01      0.52087512E-02      0.20486772E-01       0.0000000    
      0.15729619E-02      0.35207660E-03      0.12208853E-02       0.0000000    
      0.10350901E-02      0.26843959E-03      0.76665048E-03       0.0000000    
      0.87529095E-03      0.26360439E-03      0.61168656E-03       0.0000000    
      0.75300131E-03      0.25805627E-03      0.49494504E-03       0.0000000    
      0.10947227E-02      0.41558850E-03      0.67913416E-03       0.0000000    
      0.99506555E-03      0.40784589E-03      0.58721966E-03       0.0000000    
      0.67309709E-03      0.29145711E-03      0.38163998E-03       0.0000000    
      0.56387181E-03      0.25350793E-03      0.31036389E-03       0.0000000    
      0.47340826E-03      0.21818231E-03      0.25522595E-03       0.0000000    
      0.39761653E-03      0.18622150E-03      0.21139503E-03       0.0000000    
      0.20980034E-02      0.99289336E-03      0.11051100E-02       0.0000000    
       0.0000000           0.0000000           0.0000000           0.0000000    
       0.0000000           0.0000000           0.0000000           0.0000000    
       0.0000000           0.0000000           0.0000000           0.0000000    
       0.0000000           0.0000000           0.0000000           0.0000000    
       0.0000000           0.0000000           0.0000000           0.0000000    
       0.0000000           0.0000000           0.0000000           0.0000000    
      0.17128497E-01      0.17084684E-01      0.43812532E-04       0.0000000    
      0.25679249E-01      0.25529290E-01      0.14995925E-03       0.0000000    
      0.22744440E-01      0.22337237E-01      0.40720252E-03       0.0000000    
      0.19819800E-01      0.18628435E-01      0.11913641E-02       0.0000000    
      0.17044289E-01      0.14181819E-01      0.28624700E-02       0.0000000    
      0.14500890E-01      0.97226240E-02      0.47782655E-02       0.0000000    
      0.12229470E-01      0.64922879E-02      0.57371818E-02       0.0000000    
      0.10158706E-01      0.45682359E-02      0.55904705E-02       0.0000000    
      0.68817101E-03      0.28611967E-03      0.40205134E-03       0.0000000    
      0.45285327E-03      0.18558567E-03      0.26726761E-03       0.0000000    
      0.38293959E-03      0.16002270E-03      0.22291689E-03       0.0000000    
      0.32943767E-03      0.14212685E-03      0.18731081E-03       0.0000000    
      0.46916748E-03      0.20911216E-03      0.26005533E-03       0.0000000    
      0.42645610E-03      0.19549180E-03      0.23096430E-03       0.0000000    
      0.28798368E-03      0.13495039E-03      0.15303330E-03       0.0000000    
      0.24125143E-03      0.11486733E-03      0.12638410E-03       0.0000000    
      0.20254729E-03      0.97498203E-04      0.10504909E-03       0.0000000    
      0.17011992E-03      0.82484825E-04      0.87635097E-04       0.0000000    
      0.89763012E-03      0.43731160E-03      0.46031852E-03       0.0000000    
       0.0000000           0.0000000           0.0000000           0.0000000    
       0.0000000           0.0000000           0.0000000           0.0000000    
       0.0000000           0.0000000           0.0000000           0.0000000    
       0.0000000           0.0000000           0.0000000           0.0000000    
       0.0000000           0.0000000           0.0000000           0.0000000    
       0.0000000           0.0000000           0.0000000           0.0000000    
      0.24181414E-01      0.24180993E-01      0.42086680E-06       0.0000000    
      0.36253080E-01      0.36251053E-01      0.20247182E-05       0.0000000    
      0.32109749E-01      0.32101329E-01      0.84192025E-05       0.0000000    
      0.27980819E-01      0.27939275E-01      0.41544568E-04       0.0000000    
      0.24062488E-01      0.23874186E-01      0.18830229E-03       0.0000000    
      0.20471849E-01      0.19826502E-01      0.64534729E-03       0.0000000    
      0.17265148E-01      0.15739284E-01      0.15258647E-02       0.0000000    
      0.14341691E-01      0.11829233E-01      0.25124580E-02       0.0000000    
      0.10814066E-02      0.79370697E-03      0.28769963E-03       0.0000000    
      0.71162591E-03      0.46950977E-03      0.24211613E-03       0.0000000    
      0.60176244E-03      0.36515904E-03      0.23660340E-03       0.0000000    
      0.51768799E-03      0.29570673E-03      0.22198127E-03       0.0000000    
      0.64789783E-03      0.35488565E-03      0.29301218E-03       0.0000000    
      0.58891578E-03      0.31352526E-03      0.27539051E-03       0.0000000    
      0.39874599E-03      0.20828127E-03      0.19046472E-03       0.0000000    
      0.33404026E-03      0.17232921E-03      0.16171105E-03       0.0000000    
      0.28044963E-03      0.14353807E-03      0.13691156E-03       0.0000000    
      0.23555034E-03      0.11995401E-03      0.11559633E-03       0.0000000    
      0.12428639E-02      0.63090672E-03      0.61195722E-03       0.0000000    
       0.0000000           0.0000000           0.0000000           0.0000000    
       0.0000000           0.0000000           0.0000000           0.0000000    
       0.0000000           0.0000000           0.0000000           0.0000000    
       0.0000000           0.0000000           0.0000000           0.0000000    
       0.0000000           0.0000000           0.0000000           0.0000000    
       0.0000000           0.0000000           0.0000000           0.0000000    
      0.17128497E-01      0.17128497E-01       0.0000000           0.0000000    
      0.25679249E-01      0.25679249E-01       0.0000000           0.0000000    
      0.22744440E-01      0.22744419E-01      0.20335113E-07       0.0000000    
      0.19819800E-01      0.19819604E-01      0.19610445E-06       0.0000000    
      0.17044289E-01      0.17042506E-01      0.17829375E-05       0.0000000    
      0.14500890E-01      0.14488253E-01      0.12637229E-04       0.0000000    
      0.12229470E-01      0.12167520E-01      0.61949846E-04       0.0000000    
      0.10158706E-01      0.99540334E-02      0.20467317E-03       0.0000000    
      0.63901627E-03      0.60311798E-03      0.35898298E-04       0.0000000    
      0.42050635E-03      0.37175973E-03      0.48746628E-04       0.0000000    
      0.35558688E-03      0.28827184E-03      0.67315035E-04       0.0000000    
      0.30590710E-03      0.22585431E-03      0.80052800E-04       0.0000000    
      0.37980243E-03      0.25693094E-03      0.12287148E-03       0.0000000    
      0.34522638E-03      0.21688228E-03      0.12834409E-03       0.0000000    
      0.23345416E-03      0.13838521E-03      0.95068957E-04       0.0000000    
      0.19557099E-03      0.11110422E-03      0.84466767E-04       0.0000000    
      0.16419461E-03      0.90577632E-04      0.73616982E-04       0.0000000    
      0.13790769E-03      0.74601157E-04      0.63306528E-04       0.0000000    
      0.72766235E-03      0.38858326E-03      0.33907910E-03       0.0000000    
       0.0000000           0.0000000           0.0000000           0.0000000    
       0.0000000           0.0000000           0.0000000           0.0000000    
       0.0000000           0.0000000           0.0000000           0.0000000    
       0.0000000           0.0000000           0.0000000           0.0000000    
       0.0000000           0.0000000           0.0000000           0.0000000    
       0.0000000           0.0000000           0.0000000           0.0000000    
      0.14105842E-01      0.14105842E-01       0.0000000           0.0000000    
      0.21147661E-01      0.21147661E-01       0.0000000           0.0000000    
      0.18730709E-01      0.18730709E-01       0.0000000           0.0000000    
      0.16322130E-01      0.16322130E-01       0.0000000           0.0000000    
      0.14036490E-01      0.14036470E-01      0.19242719E-07       0.0000000    
      0.11941920E-01      0.11941641E-01      0.27902320E-06       0.0000000    
      0.10071361E-01      0.10068668E-01      0.26923449E-05       0.0000000    
      0.83659990E-02      0.83493786E-02      0.16620084E-04       0.0000000    
      0.44239545E-03      0.43811341E-03      0.42820334E-05       0.0000000    
      0.29111968E-03      0.28172650E-03      0.93931694E-05       0.0000000    
      0.24617556E-03      0.22706676E-03      0.19108800E-04       0.0000000    
      0.21178182E-03      0.18142004E-03      0.30361791E-04       0.0000000    
      0.22341346E-03      0.17495107E-03      0.48462385E-04       0.0000000    
      0.20307407E-03      0.14517974E-03      0.57894333E-04       0.0000000    
      0.13802719E-03      0.91017049E-04      0.47010137E-04       0.0000000    
      0.11562905E-03      0.71513001E-04      0.44116048E-04       0.0000000    
      0.97078679E-04      0.57301902E-04      0.39776776E-04       0.0000000    
      0.81536593E-04      0.46606940E-04      0.34929653E-04       0.0000000    
      0.43022376E-03      0.24067305E-03      0.18955072E-03       0.0000000    
       0.0000000           0.0000000           0.0000000           0.0000000    
       0.0000000           0.0000000           0.0000000           0.0000000    
       0.0000000           0.0000000           0.0000000           0.0000000    
       0.0000000           0.0000000           0.0000000           0.0000000    
       0.0000000           0.0000000           0.0000000           0.0000000    
       0.0000000           0.0000000           0.0000000           0.0000000    
      0.28211636E-01      0.28211636E-01       0.0000000           0.0000000    
      0.42295322E-01      0.42295322E-01       0.0000000           0.0000000    
      0.37461419E-01      0.37461419E-01       0.0000000           0.0000000    
      0.32644350E-01      0.32644350E-01       0.0000000           0.0000000    
      0.28072979E-01      0.28072979E-01       0.0000000           0.0000000    
      0.23883840E-01      0.23883840E-01       0.0000000           0.0000000    
      0.20142721E-01      0.20142721E-01       0.0000000           0.0000000    
      0.16732033E-01      0.16731896E-01      0.13762835E-06       0.0000000    
      0.11797235E-02      0.11795583E-02      0.16517464E-06       0.0000000    
      0.77631930E-03      0.77528437E-03      0.10349248E-05       0.0000000    
      0.65646833E-03      0.65148639E-03      0.49819268E-05       0.0000000    
      0.56475098E-03      0.54899894E-03      0.15752030E-04       0.0000000    
      0.60321577E-03      0.56020555E-03      0.43010237E-04       0.0000000    
      0.54830126E-03      0.47356944E-03      0.74731841E-04       0.0000000    
      0.37148129E-03      0.29371993E-03      0.77761368E-04       0.0000000    
      0.31120004E-03      0.22562742E-03      0.85572625E-04       0.0000000    
      0.26127335E-03      0.17621912E-03      0.85054227E-04       0.0000000    
      0.21944393E-03      0.14022592E-03      0.79218014E-04       0.0000000    
      0.11578826E-02      0.71226893E-03      0.44561370E-03       0.0000000    
       0.0000000           0.0000000           0.0000000           0.0000000    
       0.0000000           0.0000000           0.0000000           0.0000000    
       0.0000000           0.0000000           0.0000000           0.0000000    
       0.0000000           0.0000000           0.0000000           0.0000000    
       0.0000000           0.0000000           0.0000000           0.0000000    
       0.0000000           0.0000000           0.0000000           0.0000000    
      0.39294776E-01      0.39294776E-01       0.0000000           0.0000000    
      0.58911301E-01      0.58911301E-01       0.0000000           0.0000000    
      0.52178398E-01      0.52178398E-01       0.0000000           0.0000000    
      0.45468900E-01      0.45468900E-01       0.0000000           0.0000000    
      0.39101582E-01      0.39101582E-01       0.0000000           0.0000000    
      0.33266701E-01      0.33266701E-01       0.0000000           0.0000000    
      0.28055878E-01      0.28055878E-01       0.0000000           0.0000000    
      0.23305271E-01      0.23305271E-01       0.0000000           0.0000000    
      0.27035270E-02      0.27035270E-02       0.0000000           0.0000000    
      0.17790645E-02      0.17790645E-02       0.0000000           0.0000000    
      0.15044110E-02      0.15043686E-02      0.42413856E-07       0.0000000    
      0.12942199E-02      0.12936167E-02      0.60309236E-06       0.0000000    
      0.15862323E-02      0.15801775E-02      0.60548728E-05       0.0000000    
      0.14418280E-02      0.14161747E-02      0.25653328E-04       0.0000000    
      0.42771511E-02      0.40508988E-02      0.22625244E-03       0.0000000    
      0.35830848E-02      0.31893700E-02      0.39371481E-03       0.0000000    
      0.30082390E-02      0.24824687E-02      0.52577019E-03       0.0000000    
      0.25266297E-02      0.19401298E-02      0.58649993E-03       0.0000000    
      0.13331614E-01      0.96540581E-02      0.36775561E-02       0.0000000    
F       0.0000000           0.0000000    
      12       1  MIXR
       0

       0.0000000           5.3171244           0.0000000           0.0000000    
       0.0000000           6.1474319           0.0000000           0.0000000    
       6       1  MIXR
       0

       0.0000000           2.5264878           0.0000000           0.0000000    
       0.0000000           23.632669           0.0000000           0.0000000    
      10       7  WOCY
       3
       1.0000000           1.5599999           2.0000000    
       2.5264878          0.68707633           1.8394115           0.0000000    
       23.632669          0.45805091           23.174618           0.0000000    
       0.0000000           0.0000000           0.0000000           0.0000000    
       0.0000000           0.0000000           0.0000000           0.0000000    
       0.0000000           0.0000000           0.0000000           0.0000000    
       0.0000000           0.0000000           0.0000000           0.0000000    
       0.0000000           0.0000000           0.0000000           0.0000000    
       0.0000000           0.0000000           0.0000000           0.0000000    
       0.0000000           0.0000000           0.0000000           0.0000000    
       0.0000000           0.0000000           0.0000000           0.0000000    
       0.0000000           0.0000000           0.0000000           0.0000000    
       0.0000000           0.0000000           0.0000000           0.0000000    
       0.0000000           0.0000000           0.0000000           0.0000000    
       0.0000000           0.0000000           0.0000000           0.0000000    
       0.0000000           0.0000000           0.0000000           0.0000000    
      0.24405718E-02      0.15182314E-02      0.92234038E-03       0.0000000    
      0.23839426          0.11260511          0.12578915           0.0000000    
      0.17874926          0.38334101E-01      0.14041516           0.0000000    
      0.15645689          0.93426704E-02      0.14711422           0.0000000    
      0.13639864          0.23888201E-02      0.13400982           0.0000000    
      0.12567329          0.88735670E-03      0.12478594           0.0000000    
      0.11476057          0.43765455E-03      0.11432292           0.0000000    
      0.77888601E-01      0.19700825E-03      0.77691592E-01       0.0000000    
      0.65395653E-01      0.12568384E-03      0.65269969E-01       0.0000000    
      0.54991361E-01      0.87752938E-04      0.54903608E-01       0.0000000    
      0.46239570E-01      0.64972788E-04      0.46174597E-01       0.0000000    
      0.24417612          0.31420588E-03      0.24386191           0.0000000    
       0.0000000           0.0000000           0.0000000           0.0000000    
       0.0000000           0.0000000           0.0000000           0.0000000    
       0.0000000           0.0000000           0.0000000           0.0000000    
       0.0000000           0.0000000           0.0000000           0.0000000    
       0.0000000           0.0000000           0.0000000           0.0000000    
       0.0000000           0.0000000           0.0000000           0.0000000    
       0.0000000           0.0000000           0.0000000           0.0000000    
       0.0000000           0.0000000           0.0000000           0.0000000    
       0.0000000           0.0000000           0.0000000           0.0000000    
       0.0000000           0.0000000           0.0000000           0.0000000    
       0.0000000           0.0000000           0.0000000           0.0000000    
       0.0000000           0.0000000           0.0000000           0.0000000    
       0.0000000           0.0000000           0.0000000           0.0000000    
      0.11353642E-02      0.82896044E-03      0.30640373E-03       0.0000000    
      0.53733353E-01      0.31919241E-01      0.21814113E-01       0.0000000    
      0.40289503E-01      0.12284271E-01      0.28005231E-01       0.0000000    
      0.35264902E-01      0.31197742E-02      0.32145128E-01       0.0000000    
      0.30743804E-01      0.76317228E-03      0.29980632E-01       0.0000000    
      0.26708083E-01      0.25353767E-03      0.26454546E-01       0.0000000    
      0.24388978E-01      0.12013689E-03      0.24268841E-01       0.0000000    
      0.16551705E-01      0.52599236E-04      0.16499106E-01       0.0000000    
      0.13896914E-01      0.32931566E-04      0.13863983E-01       0.0000000    
      0.11685929E-01      0.22701919E-04      0.11663227E-01       0.0000000    
      0.98261032E-02      0.16663224E-04      0.98094400E-02       0.0000000    
      0.51888756E-01      0.80108643E-04      0.51808648E-01       0.0000000    
       0.0000000           0.0000000           0.0000000           0.0000000    
       0.0000000           0.0000000           0.0000000           0.0000000    
       0.0000000           0.0000000           0.0000000           0.0000000    
       0.0000000           0.0000000           0.0000000           0.0000000    
       0.0000000           0.0000000           0.0000000           0.0000000    
       0.0000000           0.0000000           0.0000000           0.0000000    
       0.0000000           0.0000000           0.0000000           0.0000000    
       0.0000000           0.0000000           0.0000000           0.0000000    
       0.0000000           0.0000000           0.0000000           0.0000000    
       0.0000000           0.0000000           0.0000000           0.0000000    
       0.0000000           0.0000000           0.0000000           0.0000000    
       0.0000000           0.0000000           0.0000000           0.0000000    
       0.0000000           0.0000000           0.0000000           0.0000000    
      0.39301068E-03      0.34752148E-03      0.45489203E-04       0.0000000    
      0.22325858E-01      0.17905163E-01      0.44206958E-02       0.0000000    
      0.16739996E-01      0.90739261E-02      0.76660700E-02       0.0000000    
      0.14652328E-01      0.28686440E-02      0.11783684E-01       0.0000000    
      0.12773789E-01      0.67948084E-03      0.12094308E-01       0.0000000    
      0.82815774E-02      0.15228149E-03      0.81292959E-02       0.0000000    
      0.75624720E-02      0.66260807E-04      0.74962112E-02       0.0000000    
      0.51246644E-02      0.27258880E-04      0.50974055E-02       0.0000000    
      0.43026963E-02      0.16370788E-04      0.42863255E-02       0.0000000    
      0.36181547E-02      0.10969117E-04      0.36071856E-02       0.0000000    
      0.30423256E-02      0.78962184E-05      0.30344294E-02       0.0000000    
      0.16065538E-01      0.37450343E-04      0.16028088E-01       0.0000000    
       0.0000000           0.0000000           0.0000000           0.0000000    
       0.0000000           0.0000000           0.0000000           0.0000000    
       0.0000000           0.0000000           0.0000000           0.0000000    
       0.0000000           0.0000000           0.0000000           0.0000000    
       0.0000000           0.0000000           0.0000000           0.0000000    
       0.0000000           0.0000000           0.0000000           0.0000000    
       0.0000000           0.0000000           0.0000000           0.0000000    
       0.0000000           0.0000000           0.0000000           0.0000000    
       0.0000000           0.0000000           0.0000000           0.0000000    
       0.0000000           0.0000000           0.0000000           0.0000000    
       0.0000000           0.0000000           0.0000000           0.0000000    
       0.0000000           0.0000000           0.0000000           0.0000000    
       0.0000000           0.0000000           0.0000000           0.0000000    
      0.20863488E-03      0.19868245E-03      0.99524259E-05       0.0000000    
      0.12108929E-01      0.11026272E-01      0.10826570E-02       0.0000000    
      0.90792887E-02      0.67321723E-02      0.23471166E-02       0.0000000    
      0.79470128E-02      0.28818510E-02      0.50651617E-02       0.0000000    
      0.69281748E-02      0.74323127E-03      0.61849435E-02       0.0000000    
      0.10144927E-01      0.35349466E-03      0.97914319E-02       0.0000000    
      0.92640333E-02      0.14288723E-03      0.91211461E-02       0.0000000    
      0.62864679E-02      0.55626966E-04      0.62308409E-02       0.0000000    
      0.52781543E-02      0.32103155E-04      0.52460511E-02       0.0000000    
      0.44384133E-02      0.20926353E-04      0.44174870E-02       0.0000000    
      0.37320424E-02      0.14780555E-04      0.37172618E-02       0.0000000    
      0.19707737E-01      0.69186091E-04      0.19638551E-01       0.0000000    
       0.0000000           0.0000000           0.0000000           0.0000000    
       0.0000000           0.0000000           0.0000000           0.0000000    
       0.0000000           0.0000000           0.0000000           0.0000000    
       0.0000000           0.0000000           0.0000000           0.0000000    
       0.0000000           0.0000000           0.0000000           0.0000000    
       0.0000000           0.0000000           0.0000000           0.0000000    
       0.0000000           0.0000000           0.0000000           0.0000000    
       0.0000000           0.0000000           0.0000000           0.0000000    
       0.0000000           0.0000000           0.0000000           0.0000000    
       0.0000000           0.0000000           0.0000000           0.0000000    
       0.0000000           0.0000000           0.0000000           0.0000000    
       0.0000000           0.0000000           0.0000000           0.0000000    
       0.0000000           0.0000000           0.0000000           0.0000000    
      0.82483515E-04      0.80875194E-04      0.16083229E-05       0.0000000    
      0.52976566E-02      0.50882064E-02      0.20945030E-03       0.0000000    
      0.39722035E-02      0.34363472E-02      0.53585629E-03       0.0000000    
      0.34768181E-02      0.19208777E-02      0.15559404E-02       0.0000000    
      0.30310722E-02      0.60084090E-03      0.24302313E-02       0.0000000    
      0.43478301E-02      0.27811388E-03      0.40697162E-02       0.0000000    
      0.39702961E-02      0.10626460E-03      0.38640315E-02       0.0000000    
      0.26896573E-02      0.39269216E-04      0.26503881E-02       0.0000000    
      0.22582465E-02      0.21834625E-04      0.22364119E-02       0.0000000    
      0.18989707E-02      0.13864250E-04      0.18851064E-02       0.0000000    
      0.15967510E-02      0.96149743E-05      0.15871361E-02       0.0000000    
      0.84319497E-02      0.44436194E-04      0.83875135E-02       0.0000000    
       0.0000000           0.0000000           0.0000000           0.0000000    
       0.0000000           0.0000000           0.0000000           0.0000000    
       0.0000000           0.0000000           0.0000000           0.0000000    
       0.0000000           0.0000000           0.0000000           0.0000000    
       0.0000000           0.0000000           0.0000000           0.0000000    
       0.0000000           0.0000000           0.0000000           0.0000000    
       0.0000000           0.0000000           0.0000000           0.0000000    
       0.0000000           0.0000000           0.0000000           0.0000000    
       0.0000000           0.0000000           0.0000000           0.0000000    
       0.0000000           0.0000000           0.0000000           0.0000000    
       0.0000000           0.0000000           0.0000000           0.0000000    
       0.0000000           0.0000000           0.0000000           0.0000000    
       0.0000000           0.0000000           0.0000000           0.0000000    
      0.11644792E-03      0.11585593E-03      0.59198555E-06       0.0000000    
      0.83248522E-02      0.82287919E-02      0.96060052E-04       0.0000000    
      0.62420261E-02      0.59391670E-02      0.30285900E-03       0.0000000    
      0.54635718E-02      0.42469120E-02      0.12166597E-02       0.0000000    
      0.47631161E-02      0.19119394E-02      0.28511768E-02       0.0000000    
      0.60041458E-02      0.87454123E-03      0.51296046E-02       0.0000000    
      0.54827901E-02      0.32259524E-03      0.51601948E-02       0.0000000    
      0.37241362E-02      0.11278968E-03      0.36113465E-02       0.0000000    
      0.31268017E-02      0.59744576E-04      0.30670571E-02       0.0000000    
      0.26293404E-02      0.36599115E-04      0.25927413E-02       0.0000000    
      0.22108837E-02      0.24741050E-04      0.21861426E-02       0.0000000    
      0.11674926E-01      0.11229515E-03      0.11562631E-01       0.0000000    
       0.0000000           0.0000000           0.0000000           0.0000000    
       0.0000000           0.0000000           0.0000000           0.0000000    
       0.0000000           0.0000000           0.0000000           0.0000000    
       0.0000000           0.0000000           0.0000000           0.0000000    
       0.0000000           0.0000000           0.0000000           0.0000000    
       0.0000000           0.0000000           0.0000000           0.0000000    
       0.0000000           0.0000000           0.0000000           0.0000000    
       0.0000000           0.0000000           0.0000000           0.0000000    
       0.0000000           0.0000000           0.0000000           0.0000000    
       0.0000000           0.0000000           0.0000000           0.0000000    
       0.0000000           0.0000000           0.0000000           0.0000000    
       0.0000000           0.0000000           0.0000000           0.0000000    
       0.0000000           0.0000000           0.0000000           0.0000000    
      0.82483515E-04      0.82413710E-04      0.69807960E-07       0.0000000    
      0.49192575E-02      0.49082874E-02      0.10970200E-04       0.0000000    
      0.36884707E-02      0.36434568E-02      0.45013887E-04       0.0000000    
      0.32284742E-02      0.29795251E-02      0.24894904E-03       0.0000000    
      0.28145730E-02      0.19251885E-02      0.88938454E-03       0.0000000    
      0.35196727E-02      0.12080062E-02      0.23116665E-02       0.0000000    
      0.32140485E-02      0.48249331E-03      0.27315551E-02       0.0000000    
      0.21803728E-02      0.16432325E-03      0.20160496E-02       0.0000000    
      0.18306531E-02      0.83412160E-04      0.17472409E-02       0.0000000    
      0.15393973E-02      0.49226801E-04      0.14901705E-02       0.0000000    
      0.12944062E-02      0.32342505E-04      0.12620637E-02       0.0000000    
      0.68353438E-02      0.14376873E-03      0.66915751E-02       0.0000000    
       0.0000000           0.0000000           0.0000000           0.0000000    
       0.0000000           0.0000000           0.0000000           0.0000000    
       0.0000000           0.0000000           0.0000000           0.0000000    
       0.0000000           0.0000000           0.0000000           0.0000000    
       0.0000000           0.0000000           0.0000000           0.0000000    
       0.0000000           0.0000000           0.0000000           0.0000000    
       0.0000000           0.0000000           0.0000000           0.0000000    
       0.0000000           0.0000000           0.0000000           0.0000000    
       0.0000000           0.0000000           0.0000000           0.0000000    
       0.0000000           0.0000000           0.0000000           0.0000000    
       0.0000000           0.0000000           0.0000000           0.0000000    
       0.0000000           0.0000000           0.0000000           0.0000000    
       0.0000000           0.0000000           0.0000000           0.0000000    
      0.67927875E-04      0.67918299E-04      0.95727524E-08       0.0000000    
      0.34056357E-02      0.34041679E-02      0.14676531E-05       0.0000000    
      0.25535552E-02      0.25457321E-02      0.78230451E-05       0.0000000    
      0.22350973E-02      0.21773214E-02      0.57775949E-04       0.0000000    
      0.19485513E-02      0.16725694E-02      0.27598185E-03       0.0000000    
      0.20703985E-02      0.12135145E-02      0.85688406E-03       0.0000000    
      0.18906138E-02      0.59590570E-03      0.12947081E-02       0.0000000    
      0.12891209E-02      0.21640758E-03      0.10727133E-02       0.0000000    
      0.10823519E-02      0.10960788E-03      0.97274402E-03       0.0000000    
      0.91015623E-03      0.63568412E-04      0.84658782E-03       0.0000000    
      0.76530490E-03      0.41023130E-04      0.72428177E-03       0.0000000    
      0.40413365E-02      0.17968402E-03      0.38616525E-02       0.0000000    
       0.0000000           0.0000000           0.0000000           0.0000000    
       0.0000000           0.0000000           0.0000000           0.0000000    
       0.0000000           0.0000000           0.0000000           0.0000000    
       0.0000000           0.0000000           0.0000000           0.0000000    
       0.0000000           0.0000000           0.0000000           0.0000000    
       0.0000000           0.0000000           0.0000000           0.0000000    
       0.0000000           0.0000000           0.0000000           0.0000000    
       0.0000000           0.0000000           0.0000000           0.0000000    
       0.0000000           0.0000000           0.0000000           0.0000000    
       0.0000000           0.0000000           0.0000000           0.0000000    
       0.0000000           0.0000000           0.0000000           0.0000000    
       0.0000000           0.0000000           0.0000000           0.0000000    
       0.0000000           0.0000000           0.0000000           0.0000000    
      0.13585575E-03      0.13585547E-03      0.28341776E-09       0.0000000    
      0.90817157E-02      0.90816338E-02      0.82280231E-07       0.0000000    
      0.68094833E-02      0.68086730E-02      0.81022660E-06       0.0000000    
      0.59602596E-02      0.59485775E-02      0.11682057E-04       0.0000000    
      0.51961308E-02      0.50988835E-02      0.97247386E-04       0.0000000    
      0.55900710E-02      0.50891009E-02      0.50097005E-03       0.0000000    
      0.51046708E-02      0.38627628E-02      0.12419081E-02       0.0000000    
      0.34694935E-02      0.19633332E-02      0.15061602E-02       0.0000000    
      0.29130050E-02      0.11914101E-02      0.17215948E-02       0.0000000    
      0.24495535E-02      0.74763445E-03      0.17019190E-02       0.0000000    
      0.20597070E-02      0.49715291E-03      0.15625540E-02       0.0000000    
      0.10876647E-01      0.21977816E-02      0.86788656E-02       0.0000000    
       0.0000000           0.0000000           0.0000000           0.0000000    
       0.0000000           0.0000000           0.0000000           0.0000000    
       0.0000000           0.0000000           0.0000000           0.0000000    
       0.0000000           0.0000000           0.0000000           0.0000000    
       0.0000000           0.0000000           0.0000000           0.0000000    
       0.0000000           0.0000000           0.0000000           0.0000000    
       0.0000000           0.0000000           0.0000000           0.0000000    
       0.0000000           0.0000000           0.0000000           0.0000000    
       0.0000000           0.0000000           0.0000000           0.0000000    
       0.0000000           0.0000000           0.0000000           0.0000000    
       0.0000000           0.0000000           0.0000000           0.0000000    
       0.0000000           0.0000000           0.0000000           0.0000000    
       0.0000000           0.0000000           0.0000000           0.0000000    
      0.18922798E-03      0.18922798E-03       0.0000000           0.0000000    
      0.20812212E-01      0.20812212E-01       0.0000000           0.0000000    
      0.15605064E-01      0.15605064E-01       0.0000000           0.0000000    
      0.13658968E-01      0.13658904E-01      0.64317199E-07       0.0000000    
      0.11907790E-01      0.11905898E-01      0.18918098E-05       0.0000000    
      0.14699807E-01      0.14672740E-01      0.27066566E-04       0.0000000    
      0.13423381E-01      0.13298134E-01      0.12524688E-03       0.0000000    
      0.39946958E-01      0.38862091E-01      0.10848690E-02       0.0000000    
      0.33539664E-01      0.31692278E-01      0.18473881E-02       0.0000000    
      0.28203581E-01      0.25711076E-01      0.24925047E-02       0.0000000    
      0.23715030E-01      0.20833302E-01      0.28817279E-02       0.0000000    
      0.12523147          0.10633531          0.18896164E-01       0.0000000    
F       0.0000000           0.0000000    
      11       1  MIXR
       0

       0.0000000           21.775795           0.0000000           0.0000000    
       0.0000000           75.952042           0.0000000           0.0000000    
      14       8  NOP_
       0

       21.775795           21.775795           0.0000000           0.0000000    
       75.952042           75.952042           0.0000000           0.0000000    
      0.50241804          0.50241804           0.0000000           0.0000000    
      0.67832428          0.67832428           0.0000000           0.0000000    
       1.1235075           1.1235075           0.0000000           0.0000000    
       1.3540366           1.3540366           0.0000000           0.0000000    
       1.2051734           1.2051734           0.0000000           0.0000000    
       1.0187681           1.0187681           0.0000000           0.0000000    
       1.0269871           1.0269871           0.0000000           0.0000000    
      0.83671790          0.83671790           0.0000000           0.0000000    
      0.73883027          0.73883027           0.0000000           0.0000000    
      0.64078718          0.64078718           0.0000000           0.0000000    
      0.54760045          0.54760045           0.0000000           0.0000000    
      0.46247712          0.46247712           0.0000000           0.0000000    
      0.38673890          0.38673890           0.0000000           0.0000000    
      0.31867957          0.31867957          0.92234038E-03       0.0000000    
      0.17402406          0.17402406          0.12578915           0.0000000    
      0.17253754          0.17253754          0.14041516           0.0000000    
      0.17351443          0.17351443          0.14711422           0.0000000    
      0.15575516          0.15575516          0.13400982           0.0000000    
      0.14373614          0.14373614          0.12478594           0.0000000    
      0.13077098          0.13077098          0.11432292           0.0000000    
      0.88395193E-01      0.88395193E-01      0.77691592E-01       0.0000000    
      0.73975712E-01      0.73975712E-01      0.65269969E-01       0.0000000    
      0.62061749E-01      0.62061749E-01      0.54903608E-01       0.0000000    
      0.52102391E-01      0.52102391E-01      0.46174597E-01       0.0000000    
      0.27484557          0.27484557          0.24386191           0.0000000    
      0.40868625          0.40868625           0.0000000           0.0000000    
      0.55163568          0.55163568           0.0000000           0.0000000    
      0.73219419          0.73219419           0.0000000           0.0000000    
      0.88360506          0.88360506           0.0000000           0.0000000    
      0.87471414          0.87471414           0.0000000           0.0000000    
      0.73869526          0.73869526           0.0000000           0.0000000    
      0.47095823          0.47095823           0.0000000           0.0000000    
      0.38458157          0.38458157           0.0000000           0.0000000    
      0.34048975          0.34048975           0.0000000           0.0000000    
      0.29589528          0.29589528           0.0000000           0.0000000    
      0.25310752          0.25310752           0.0000000           0.0000000    
      0.21376631          0.21376631           0.0000000           0.0000000    
      0.17855674          0.17855674           0.0000000           0.0000000    
      0.14661062          0.14661062          0.30640373E-03       0.0000000    
      0.32520980E-01      0.32520980E-01      0.21814113E-01       0.0000000    
      0.35114627E-01      0.35114627E-01      0.28005231E-01       0.0000000    
      0.37973158E-01      0.37973158E-01      0.32145128E-01       0.0000000    
      0.34776539E-01      0.34776539E-01      0.29980632E-01       0.0000000    
      0.30399259E-01      0.30399259E-01      0.26454546E-01       0.0000000    
      0.27700638E-01      0.27700638E-01      0.24268841E-01       0.0000000    
      0.18738102E-01      0.18738102E-01      0.16499106E-01       0.0000000    
      0.15689285E-01      0.15689285E-01      0.13863983E-01       0.0000000    
      0.13166693E-01      0.13166693E-01      0.11663227E-01       0.0000000    
      0.11056037E-01      0.11056037E-01      0.98094400E-02       0.0000000    
      0.58330022E-01      0.58330022E-01      0.51808648E-01       0.0000000    
      0.21367570E-01      0.21367570E-01       0.0000000           0.0000000    
      0.29298004E-01      0.29298004E-01       0.0000000           0.0000000    
      0.17297275          0.17297275           0.0000000           0.0000000    
      0.21438065          0.21438065           0.0000000           0.0000000    
      0.24416053          0.24416053           0.0000000           0.0000000    
      0.20753346          0.20753346           0.0000000           0.0000000    
      0.13210662          0.13210662           0.0000000           0.0000000    
      0.10290924          0.10290924           0.0000000           0.0000000    
      0.10086081          0.10086081           0.0000000           0.0000000    
      0.93692504E-01      0.93692504E-01       0.0000000           0.0000000    
      0.82721606E-01      0.82721606E-01       0.0000000           0.0000000    
      0.70685223E-01      0.70685223E-01       0.0000000           0.0000000    
      0.59089657E-01      0.59089657E-01       0.0000000           0.0000000    
      0.48152372E-01      0.48152372E-01      0.45489203E-04       0.0000000    
      0.86354958E-02      0.86354958E-02      0.44206958E-02       0.0000000    
      0.10452671E-01      0.10452671E-01      0.76660700E-02       0.0000000    
      0.14063234E-01      0.14063234E-01      0.11783684E-01       0.0000000    
      0.13974253E-01      0.13974253E-01      0.12094308E-01       0.0000000    
      0.92901587E-02      0.92901587E-02      0.81292959E-02       0.0000000    
      0.85138846E-02      0.85138846E-02      0.74962112E-02       0.0000000    
      0.57652844E-02      0.57652844E-02      0.50974055E-02       0.0000000    
      0.48340769E-02      0.48340769E-02      0.42863255E-02       0.0000000    
      0.40603448E-02      0.40603448E-02      0.36071856E-02       0.0000000    
      0.34113100E-02      0.34113100E-02      0.30344294E-02       0.0000000    
      0.18003739E-01      0.18003739E-01      0.16028088E-01       0.0000000    
      0.71500451E-02      0.71500451E-02       0.0000000           0.0000000    
      0.11174840E-01      0.11174840E-01       0.0000000           0.0000000    
      0.41691363E-01      0.41691363E-01       0.0000000           0.0000000    
      0.60476214E-01      0.60476214E-01       0.0000000           0.0000000    
      0.95461912E-01      0.95461912E-01       0.0000000           0.0000000    
      0.85924216E-01      0.85924216E-01       0.0000000           0.0000000    
      0.38848583E-01      0.38848583E-01       0.0000000           0.0000000    
      0.13045272E-01      0.13045272E-01       0.0000000           0.0000000    
      0.18259291E-01      0.18259291E-01       0.0000000           0.0000000    
      0.25940685E-01      0.25940685E-01       0.0000000           0.0000000    
      0.30610707E-01      0.30610707E-01       0.0000000           0.0000000    
      0.30056426E-01      0.30056426E-01       0.0000000           0.0000000    
      0.26605310E-01      0.26605310E-01       0.0000000           0.0000000    
      0.22141313E-01      0.22141313E-01      0.99524259E-05       0.0000000    
      0.31476570E-02      0.31476570E-02      0.10826570E-02       0.0000000    
      0.37254714E-02      0.37254714E-02      0.23471166E-02       0.0000000    
      0.62032635E-02      0.62032635E-02      0.50651617E-02       0.0000000    
      0.71340809E-02      0.71340809E-02      0.61849435E-02       0.0000000    
      0.11131127E-01      0.11131127E-01      0.97914319E-02       0.0000000    
      0.10308806E-01      0.10308806E-01      0.91211461E-02       0.0000000    
      0.70186523E-02      0.70186523E-02      0.62308409E-02       0.0000000    
      0.58966978E-02      0.58966978E-02      0.52460511E-02       0.0000000    
      0.49584252E-02      0.49584252E-02      0.44174870E-02       0.0000000    
      0.41686441E-02      0.41686441E-02      0.37172618E-02       0.0000000    
      0.22010017E-01      0.22010017E-01      0.19638551E-01       0.0000000    
      0.22083675E-02      0.22083675E-02       0.0000000           0.0000000    
      0.43143141E-02      0.43143141E-02       0.0000000           0.0000000    
      0.87913191E-02      0.87913191E-02       0.0000000           0.0000000    
      0.17898966E-01      0.17898966E-01       0.0000000           0.0000000    
      0.23493668E-01      0.23493668E-01       0.0000000           0.0000000    
      0.25439946E-01      0.25439946E-01       0.0000000           0.0000000    
      0.10884042E-01      0.10884042E-01       0.0000000           0.0000000    
      0.19221832E-02      0.19221832E-02       0.0000000           0.0000000    
      0.19793243E-02      0.19793243E-02       0.0000000           0.0000000    
      0.25331639E-02      0.25331639E-02       0.0000000           0.0000000    
      0.39816210E-02      0.39816210E-02       0.0000000           0.0000000    
      0.57000704E-02      0.57000704E-02       0.0000000           0.0000000    
      0.64921901E-02      0.64921901E-02       0.0000000           0.0000000    
      0.62095495E-02      0.62095495E-02      0.16083229E-05       0.0000000    
      0.96613623E-03      0.96613623E-03      0.20945030E-03       0.0000000    
      0.10621008E-02      0.10621008E-02      0.53585629E-03       0.0000000    
      0.20028837E-02      0.20028837E-02      0.15559404E-02       0.0000000    
      0.28115064E-02      0.28115064E-02      0.24302313E-02       0.0000000    
      0.46067587E-02      0.46067587E-02      0.40697162E-02       0.0000000    
      0.43471735E-02      0.43471735E-02      0.38640315E-02       0.0000000    
      0.29739067E-02      0.29739067E-02      0.26503881E-02       0.0000000    
      0.25057327E-02      0.25057327E-02      0.22364119E-02       0.0000000    
      0.21102326E-02      0.21102326E-02      0.18851064E-02       0.0000000    
      0.17756682E-02      0.17756682E-02      0.15871361E-02       0.0000000    
      0.93803778E-02      0.93803778E-02      0.83875135E-02       0.0000000    
      0.16366158E-03      0.16366158E-03       0.0000000           0.0000000    
      0.41652552E-03      0.41652552E-03       0.0000000           0.0000000    
      0.19554528E-02      0.19554528E-02       0.0000000           0.0000000    
      0.62292558E-02      0.62292558E-02       0.0000000           0.0000000    
      0.94778584E-02      0.94778584E-02       0.0000000           0.0000000    
      0.16211329E-01      0.16211329E-01       0.0000000           0.0000000    
      0.72366023E-02      0.72366023E-02       0.0000000           0.0000000    
      0.14845259E-02      0.14845259E-02       0.0000000           0.0000000    
      0.15318762E-02      0.15318762E-02       0.0000000           0.0000000    
      0.14788207E-02      0.14788207E-02       0.0000000           0.0000000    
      0.14764712E-02      0.14764712E-02       0.0000000           0.0000000    
      0.17644070E-02      0.17644070E-02       0.0000000           0.0000000    
      0.24791986E-02      0.24791986E-02       0.0000000           0.0000000    
      0.33150907E-02      0.33150907E-02      0.59198555E-06       0.0000000    
      0.90659800E-03      0.90659800E-03      0.96060052E-04       0.0000000    
      0.93180098E-03      0.93180098E-03      0.30285900E-03       0.0000000    
      0.17907762E-02      0.17907762E-02      0.12166597E-02       0.0000000    
      0.33670450E-02      0.33670450E-02      0.28511768E-02       0.0000000    
      0.57928241E-02      0.57928241E-02      0.51296046E-02       0.0000000    
      0.57734931E-02      0.57734931E-02      0.51601948E-02       0.0000000    
      0.40312582E-02      0.40312582E-02      0.36113465E-02       0.0000000    
      0.34213685E-02      0.34213685E-02      0.30670571E-02       0.0000000    
      0.28915845E-02      0.28915845E-02      0.25927413E-02       0.0000000    
      0.24378831E-02      0.24378831E-02      0.21861426E-02       0.0000000    
      0.12893458E-01      0.12893458E-01      0.11562631E-01       0.0000000    
      0.21861035E-05      0.21861035E-05       0.0000000           0.0000000    
      0.76150995E-05      0.76150995E-05       0.0000000           0.0000000    
      0.35861223E-04      0.35861223E-04       0.0000000           0.0000000    
      0.18013688E-03      0.18013688E-03       0.0000000           0.0000000    
      0.48480264E-03      0.48480264E-03       0.0000000           0.0000000    
      0.14313972E-02      0.14313972E-02       0.0000000           0.0000000    
      0.11469313E-02      0.11469313E-02       0.0000000           0.0000000    
      0.36462952E-03      0.36462952E-03       0.0000000           0.0000000    
      0.51998330E-03      0.51998330E-03       0.0000000           0.0000000    
      0.61655365E-03      0.61655365E-03       0.0000000           0.0000000    
      0.64692483E-03      0.64692483E-03       0.0000000           0.0000000    
      0.63535344E-03      0.63535344E-03       0.0000000           0.0000000    
      0.63169765E-03      0.63169765E-03       0.0000000           0.0000000    
      0.70759351E-03      0.70759351E-03      0.69807960E-07       0.0000000    
      0.32904913E-03      0.32904913E-03      0.10970200E-04       0.0000000    
      0.30679925E-03      0.30679925E-03      0.45013887E-04       0.0000000    
      0.50457445E-03      0.50457445E-03      0.24894904E-03       0.0000000    
      0.11347925E-02      0.11347925E-02      0.88938454E-03       0.0000000    
      0.26423219E-02      0.26423219E-02      0.23116665E-02       0.0000000    
      0.30502544E-02      0.30502544E-02      0.27315551E-02       0.0000000    
      0.22405337E-02      0.22405337E-02      0.20160496E-02       0.0000000    
      0.19405254E-02      0.19405254E-02      0.17472409E-02       0.0000000    
      0.16553848E-02      0.16553848E-02      0.14901705E-02       0.0000000    
      0.14024437E-02      0.14024437E-02      0.12620637E-02       0.0000000    
      0.74378517E-02      0.74378517E-02      0.66915751E-02       0.0000000    
       0.0000000           0.0000000           0.0000000           0.0000000    
      0.11629169E-06      0.11629169E-06       0.0000000           0.0000000    
      0.57664943E-06      0.57664943E-06       0.0000000           0.0000000    
      0.44738158E-05      0.44738158E-05       0.0000000           0.0000000    
      0.25770662E-04      0.25770662E-04       0.0000000           0.0000000    
      0.12230888E-03      0.12230888E-03       0.0000000           0.0000000    
      0.17104864E-03      0.17104864E-03       0.0000000           0.0000000    
      0.83537874E-04      0.83537874E-04       0.0000000           0.0000000    
      0.17192673E-03      0.17192673E-03       0.0000000           0.0000000    
      0.27102162E-03      0.27102162E-03       0.0000000           0.0000000    
      0.34790978E-03      0.34790978E-03       0.0000000           0.0000000    
      0.38602605E-03      0.38602605E-03       0.0000000           0.0000000    
      0.38939307E-03      0.38939307E-03       0.0000000           0.0000000    
      0.37870309E-03      0.37870309E-03      0.95727524E-08       0.0000000    
      0.18306629E-03      0.18306629E-03      0.14676531E-05       0.0000000    
      0.15425729E-03      0.15425729E-03      0.78230451E-05       0.0000000    
      0.19981133E-03      0.19981133E-03      0.57775949E-04       0.0000000    
      0.41529871E-03      0.41529871E-03      0.27598185E-03       0.0000000    
      0.10223838E-02      0.10223838E-02      0.85688406E-03       0.0000000    
      0.14602516E-02      0.14602516E-02      0.12947081E-02       0.0000000    
      0.11934814E-02      0.11934814E-02      0.10727133E-02       0.0000000    
      0.10789919E-02      0.10789919E-02      0.97274402E-03       0.0000000    
      0.93873002E-03      0.93873002E-03      0.84658782E-03       0.0000000    
      0.80331182E-03      0.80331182E-03      0.72428177E-03       0.0000000    
      0.42843376E-02      0.42843376E-02      0.38616525E-02       0.0000000    
       0.0000000           0.0000000           0.0000000           0.0000000    
       0.0000000           0.0000000           0.0000000           0.0000000    
       0.0000000           0.0000000           0.0000000           0.0000000    
       0.0000000           0.0000000           0.0000000           0.0000000    
      0.93870547E-07      0.93870547E-07       0.0000000           0.0000000    
      0.12968636E-05      0.12968636E-05       0.0000000           0.0000000    
      0.55023584E-05      0.55023584E-05       0.0000000           0.0000000    
      0.67551528E-05      0.67551528E-05       0.0000000           0.0000000    
      0.31055581E-04      0.31055581E-04       0.0000000           0.0000000    
      0.96024116E-04      0.96024116E-04       0.0000000           0.0000000    
      0.20998722E-03      0.20998722E-03       0.0000000           0.0000000    
      0.34479069E-03      0.34479069E-03       0.0000000           0.0000000    
      0.45258657E-03      0.45258657E-03       0.0000000           0.0000000    
      0.50516688E-03      0.50516688E-03      0.28341776E-09       0.0000000    
      0.36813758E-03      0.36813758E-03      0.82280231E-07       0.0000000    
      0.30583527E-03      0.30583527E-03      0.81022660E-06       0.0000000    
      0.30073084E-03      0.30073084E-03      0.11682057E-04       0.0000000    
      0.37126918E-03      0.37126918E-03      0.97247386E-04       0.0000000    
      0.82946208E-03      0.82946208E-03      0.50097005E-03       0.0000000    
      0.15820027E-02      0.15820027E-02      0.12419081E-02       0.0000000    
      0.17664309E-02      0.17664309E-02      0.15061602E-02       0.0000000    
      0.19616361E-02      0.19616361E-02      0.17215948E-02       0.0000000    
      0.19175810E-02      0.19175810E-02      0.17019190E-02       0.0000000    
      0.17520104E-02      0.17520104E-02      0.15625540E-02       0.0000000    
      0.97081494E-02      0.97081494E-02      0.86788656E-02       0.0000000    
       0.0000000           0.0000000           0.0000000           0.0000000    
       0.0000000           0.0000000           0.0000000           0.0000000    
       0.0000000           0.0000000           0.0000000           0.0000000    
       0.0000000           0.0000000           0.0000000           0.0000000    
       0.0000000           0.0000000           0.0000000           0.0000000    
       0.0000000           0.0000000           0.0000000           0.0000000    
       0.0000000           0.0000000           0.0000000           0.0000000    
       0.0000000           0.0000000           0.0000000           0.0000000    
      0.13165989E-06      0.13165989E-06       0.0000000           0.0000000    
      0.17570858E-05      0.17570858E-05       0.0000000           0.0000000    
      0.12425655E-04      0.12425655E-04       0.0000000           0.0000000    
      0.51480511E-04      0.51480511E-04       0.0000000           0.0000000    
      0.13652974E-03      0.13652974E-03       0.0000000           0.0000000    
      0.25213204E-03      0.25213204E-03       0.0000000           0.0000000    
      0.42185301E-03      0.42185301E-03       0.0000000           0.0000000    
      0.42904224E-03      0.42904224E-03       0.0000000           0.0000000    
      0.45471362E-03      0.45471362E-03      0.64317199E-07       0.0000000    
      0.44858735E-03      0.44858735E-03      0.18918098E-05       0.0000000    
      0.62633207E-03      0.62633207E-03      0.27066566E-04       0.0000000    
      0.71912038E-03      0.71912038E-03      0.12524688E-03       0.0000000    
      0.30561001E-02      0.30561001E-02      0.10848690E-02       0.0000000    
      0.37373235E-02      0.37373235E-02      0.18473881E-02       0.0000000    
      0.42945500E-02      0.42945500E-02      0.24925047E-02       0.0000000    
      0.45519569E-02      0.45519569E-02      0.28817279E-02       0.0000000    
      0.28335582E-01      0.28335582E-01      0.18896164E-01       0.0000000    
F       0.0000000           0.0000000    
      13       1  MIXR
       0

       0.0000000           6.0042009           0.0000000           0.0000000    
       0.0000000           6.6054826           0.0000000           0.0000000    
