 Level Unit  Parameter
     1    1  Slot1                                                                           
     2    1  Slot2                                                                           
     3    1  Slot 3                                                                          
     4    1  Slot4                                                                           
Stream     Solid      Yield  Rec.   Grade  Rec.   Grade   Rec.  Grade 
number     flow         of    of      of    of      of     of     of  
             kg/s     Solids Sili    Sili  Magn    Magn   Fe     Fe   
  9 9 9 9
   3       6.81        49.05  46.90  90.79  90.31   9.21  90.31   9.21
  8 9 9 9
   3       7.10        51.11  49.01  91.06  91.38   8.94  91.38   8.94
  7 9 9 9
   3       7.38        53.16  51.12  91.32  92.31   8.68  92.31   8.68
  6 9 9 9
   3       7.67        55.21  53.24  91.56  93.13   8.43  93.13   8.43
  5 9 9 9
   3       7.95        57.25  55.35  91.80  93.86   8.20  93.86   8.20
  4 9 9 9
   3       8.23        59.29  57.45  92.03  94.50   7.97  94.50   7.97
  3 9 9 9
   3       8.52        61.32  59.56  92.24  95.06   7.75  95.06   7.75
  2 9 9 9
   3       8.80        63.34  61.67  92.46  95.56   7.54  95.56   7.54
  1 9 9 9
   3       9.08        65.36  63.78  92.65  96.00   7.34  96.00   7.34
  9 8 9 9
   3       7.09        51.04  48.94  91.05  91.33   8.95  91.33   8.95
  8 8 9 9
   3       7.38        53.10  51.05  91.30  92.31   8.69  92.31   8.69
  7 8 9 9
   3       7.66        55.13  53.15  91.55  93.16   8.45  93.16   8.45
  6 8 9 9
   3       7.94        57.17  55.26  91.78  93.91   8.21  93.91   8.21
  5 8 9 9
   3       8.22        59.19  57.36  92.02  94.56   7.99  94.56   7.99
  4 8 9 9
   3       8.50        61.22  59.46  92.22  95.14   7.77  95.14   7.77
  3 8 9 9
   3       8.78        63.24  61.56  92.44  95.66   7.56  95.66   7.56
  2 8 9 9
   3       9.06        65.26  63.66  92.63  96.11   7.36  96.11   7.36
  1 8 9 9
   3       9.34        67.26  65.75  92.83  96.51   7.17  96.51   7.17
  9 7 9 9
   3       7.37        53.03  50.99  91.31  92.23   8.70  92.23   8.70
  8 7 9 9
   3       7.65        55.07  53.09  91.55  93.12   8.45  93.12   8.45
  7 7 9 9
   3       7.93        57.10  55.19  91.78  93.90   8.22  93.90   8.22
  6 7 9 9
   3       8.21        59.12  57.28  92.00  94.58   8.00  94.58   8.00
  5 7 9 9
   3       8.49        61.14  59.37  92.22  95.18   7.78  95.18   7.78
  4 7 9 9
   3       8.77        63.15  61.47  92.42  95.71   7.58  95.71   7.58
  3 7 9 9
   3       9.05        65.16  63.55  92.62  96.17   7.38  96.17   7.38
  2 7 9 9
   3       9.33        67.16  65.64  92.81  96.58   7.19  96.58   7.19
  1 7 9 9
   3       9.61        69.16  67.73  92.99  96.95   7.01  96.95   7.01
  9 6 9 9
   3       7.64        55.02  53.04  91.55  93.02   8.45  93.02   8.45
  8 6 9 9
   3       7.92        57.04  55.13  91.78  93.84   8.23  93.84   8.23
  7 6 9 9
   3       8.20        59.06  57.22  91.99  94.55   8.00  94.55   8.00
  6 6 9 9
   3       8.48        61.07  59.30  92.21  95.17   7.79  95.17   7.79
  5 6 9 9
   3       8.76        63.08  61.39  92.41  95.72   7.59  95.72   7.59
  4 6 9 9
   3       9.04        65.08  63.47  92.61  96.20   7.39  96.20   7.39
  3 6 9 9
   3       9.32        67.08  65.55  92.80  96.62   7.20  96.62   7.20
  2 6 9 9
   3       9.59        69.07  67.63  92.98  97.00   7.02  97.00   7.02
  1 6 9 9
   3       9.87        71.06  69.71  93.16  97.33   6.85  97.33   6.85
  9 5 9 9
   3       7.92        57.00  55.09  91.78  93.71   8.22  93.71   8.22
  8 5 9 9
   3       8.20        59.01  57.17  92.00  94.47   8.00  94.47   8.00
  7 5 9 9
   3       8.48        61.02  59.25  92.20  95.12   7.79  95.12   7.79
  6 5 9 9
   3       8.75        63.02  61.33  92.41  95.69   7.59  95.69   7.59
  5 5 9 9
   3       9.03        65.02  63.40  92.60  96.19   7.40  96.19   7.40
  4 5 9 9
   3       9.31        67.01  65.48  92.79  96.63   7.21  96.63   7.21
  3 5 9 9
   3       9.58        68.99  67.55  92.97  97.02   7.03  97.02   7.03
  2 5 9 9
   3       9.86        70.98  69.62  93.14  97.36   6.86  97.36   6.86
  1 5 9 9
   3      10.13        72.93  71.68  93.34  97.66   6.70  97.66   6.70
  9 4 9 9
   3       8.19        58.98  57.14  92.00  94.33   8.00  94.33   8.00
  8 4 9 9
   3       8.47        60.98  59.21  92.21  95.02   7.79  95.02   7.79
  7 4 9 9
   3       8.75        62.97  61.28  92.41  95.62   7.59  95.62   7.59
  6 4 9 9
   3       9.02        64.97  63.35  92.60  96.15   7.40  96.15   7.40
  5 4 9 9
   3       9.30        66.95  65.42  92.78  96.61   7.21  96.61   7.21
  4 4 9 9
   3       9.57        68.93  67.48  92.96  97.01   7.04  97.01   7.04
  3 4 9 9
   3       9.85        70.91  69.54  93.13  97.36   6.87  97.36   6.87
  2 4 9 9
   3      10.12        72.86  71.60  93.32  97.67   6.70  97.67   6.70
  1 4 9 9
   3      10.40        74.87  73.66  93.42  97.94   6.54  97.94   6.54
  9 3 9 9
   3       8.47        60.95  59.19  92.21  94.87   7.78  94.87   7.78
  8 3 9 9
   3       8.74        62.94  61.25  92.41  95.51   7.59  95.51   7.59
  7 3 9 9
   3       9.02        64.93  63.32  92.60  96.06   7.40  96.06   7.40
  6 3 9 9
   3       9.29        66.91  65.38  92.78  96.55   7.21  96.55   7.21
  5 3 9 9
   3       9.57        68.88  67.43  92.96  96.97   7.04  96.97   7.04
  4 3 9 9
   3       9.84        70.85  69.49  93.13  97.34   6.87  97.34   6.87
  3 3 9 9
   3      10.11        72.79  71.54  93.33  97.66   6.71  97.66   6.71
  2 3 9 9
   3      10.39        74.80  73.59  93.42  97.94   6.55  97.94   6.55
  1 3 9 9
   3      10.66        76.75  75.64  93.59  98.19   6.40  98.19   6.40
  9 2 9 9
   3       8.74        62.92  61.24  92.43  95.35   7.58  95.35   7.58
  8 2 9 9
   3       9.02        64.90  63.29  92.61  95.94   7.39  95.94   7.39
  7 2 9 9
   3       9.29        66.88  65.35  92.79  96.45   7.21  96.45   7.21
  6 2 9 9
   3       9.56        68.85  67.40  92.96  96.90   7.04  96.90   7.04
  5 2 9 9
   3       9.84        70.81  69.45  93.13  97.29   6.87  97.29   6.87
  4 2 9 9
   3      10.11        72.79  71.49  93.27  97.63   6.71  97.63   6.71
  3 2 9 9
   3      10.38        74.73  73.53  93.44  97.92   6.55  97.92   6.55
  2 2 9 9
   3      10.65        76.67  75.58  93.60  98.18   6.40  98.18   6.40
  1 2 9 9
   3      10.92        78.62  77.61  93.75  98.41   6.26  98.41   6.26
  9 1 9 9
   3       9.01        64.89  63.29  92.62  95.78   7.38  95.78   7.38
  8 1 9 9
   3       9.29        66.86  65.34  92.79  96.33   7.20  96.33   7.20
  7 1 9 9
   3       9.56        68.83  67.38  92.97  96.80   7.03  96.80   7.03
  6 1 9 9
   3       9.83        70.78  69.42  93.13  97.21   6.87  97.21   6.87
  5 1 9 9
   3      10.10        72.71  71.46  93.32  97.57   6.71  97.57   6.71
  4 1 9 9
   3      10.37        74.66  73.50  93.48  97.88   6.56  97.88   6.56
  3 1 9 9
   3      10.64        76.60  75.53  93.63  98.15   6.41  98.15   6.41
  2 1 9 9
   3      10.91        78.55  77.56  93.77  98.39   6.26  98.39   6.26
  1 1 9 9
   3      11.18        80.49  79.59  93.90  98.64   6.13  98.64   6.13
  9 9 8 9
   3       7.08        50.98  48.88  91.05  91.29   8.95  91.29   8.95
  8 9 8 9
   3       7.37        53.03  50.98  91.30  92.27   8.70  92.27   8.70
  7 9 8 9
   3       7.65        55.07  53.09  91.55  93.13   8.46  93.13   8.46
  6 9 8 9
   3       7.93        57.11  55.19  91.78  93.88   8.22  93.88   8.22
  5 9 8 9
   3       8.21        59.14  57.29  92.00  94.54   7.99  94.54   7.99
  4 9 8 9
   3       8.49        61.16  59.39  92.22  95.12   7.78  95.12   7.78
  3 9 8 9
   3       8.77        63.17  61.49  92.43  95.64   7.57  95.64   7.57
  2 9 8 9
   3       9.06        65.19  63.59  92.63  96.09   7.37  96.09   7.37
  1 9 8 9
   3       9.33        67.20  65.69  92.83  96.50   7.18  96.50   7.18
  9 8 8 9
   3       7.36        52.97  50.92  91.29  92.23   8.71  92.23   8.71
  8 8 8 9
   3       7.64        55.00  53.02  91.53  93.12   8.46  93.12   8.46
  7 8 8 9
   3       7.92        57.03  55.11  91.76  93.90   8.23  93.90   8.23
  6 8 8 9
   3       8.20        59.06  57.21  91.99  94.58   8.01  94.58   8.01
  5 8 8 9
   3       8.48        61.07  59.30  92.20  95.18   7.79  95.18   7.79
  4 8 8 9
   3       8.76        63.08  61.39  92.42  95.71   7.59  95.71   7.59
  3 8 8 9
   3       9.04        65.09  63.48  92.61  96.17   7.39  96.17   7.39
  2 8 8 9
   3       9.32        67.09  65.57  92.81  96.59   7.20  96.59   7.20
  1 8 8 9
   3       9.60        69.09  67.66  92.99  96.95   7.02  96.95   7.02
  9 7 8 9
   3       7.63        54.94  52.96  91.54  93.05   8.47  93.05   8.47
  8 7 8 9
   3       7.91        56.97  55.05  91.76  93.86   8.24  93.86   8.24
  7 7 8 9
   3       8.19        58.98  57.14  91.98  94.57   8.02  94.57   8.02
  6 7 8 9
   3       8.47        61.00  59.22  92.19  95.20   7.80  95.20   7.80
  5 7 8 9
   3       8.75        63.00  61.31  92.40  95.74   7.60  95.74   7.60
  4 7 8 9
   3       9.03        65.00  63.39  92.60  96.22   7.40  96.22   7.40
  3 7 8 9
   3       9.31        67.01  65.47  92.78  96.64   7.21  96.64   7.21
  2 7 8 9
   3       9.58        68.99  67.55  92.97  97.01   7.03  97.01   7.03
  1 7 8 9
   3       9.86        70.99  69.63  93.14  97.34   6.86  97.34   6.86
  9 6 8 9
   3       7.91        56.92  55.00  91.76  93.77   8.24  93.77   8.24
  8 6 8 9
   3       8.19        58.93  57.08  91.99  94.52   8.02  94.52   8.02
  7 6 8 9
   3       8.46        60.94  59.16  92.19  95.17   7.81  95.17   7.81
  6 6 8 9
   3       8.74        62.94  61.24  92.40  95.73   7.61  95.73   7.61
  5 6 8 9
   3       9.02        64.93  63.31  92.59  96.23   7.41  96.23   7.41
  4 6 8 9
   3       9.30        66.93  65.39  92.78  96.67   7.22  96.67   7.22
  3 6 8 9
   3       9.57        68.91  67.46  92.95  97.05   7.04  97.05   7.04
  2 6 8 9
   3       9.85        70.89  69.53  93.13  97.39   6.87  97.39   6.87
  1 6 8 9
   3      10.12        72.86  71.59  93.31  97.68   6.70  97.68   6.70
  9 5 8 9
   3       8.18        58.88  57.04  91.99  94.41   8.02  94.41   8.02
  8 5 8 9
   3       8.46        60.89  59.11  92.20  95.09   7.81  95.09   7.81
  7 5 8 9
   3       8.73        62.89  61.18  92.39  95.69   7.61  95.69   7.61
  6 5 8 9
   3       9.01        64.87  63.25  92.59  96.20   7.41  96.20   7.41
  5 5 8 9
   3       9.29        66.86  65.32  92.77  96.66   7.23  96.66   7.23
  4 5 8 9
   3       9.56        68.84  67.38  92.95  97.06   7.05  97.06   7.05
  3 5 8 9
   3       9.84        70.81  69.44  93.12  97.40   6.88  97.40   6.88
  2 5 8 9
   3      10.11        72.79  71.50  93.29  97.71   6.71  97.71   6.71
  1 5 8 9
   3      10.38        74.73  73.56  93.48  97.98   6.56  97.98   6.56
  9 4 8 9
   3       8.45        60.85  59.08  92.20  94.97   7.80  94.97   7.80
  8 4 8 9
   3       8.73        62.84  61.15  92.39  95.60   7.61  95.60   7.61
  7 4 8 9
   3       9.01        64.83  63.21  92.58  96.14   7.41  96.14   7.41
  6 4 8 9
   3       9.28        66.81  65.27  92.77  96.62   7.23  96.62   7.23
  5 4 8 9
   3       9.55        68.78  67.32  92.95  97.03   7.05  97.03   7.05
  4 4 8 9
   3       9.83        70.75  69.38  93.12  97.39   6.88  97.39   6.88
  3 4 8 9
   3      10.10        72.71  71.43  93.29  97.71   6.72  97.71   6.72
  2 4 8 9
   3      10.37        74.66  73.48  93.46  97.99   6.56  97.99   6.56
  1 4 8 9
   3      10.64        76.60  75.53  93.63  98.23   6.41  98.23   6.41
  9 3 8 9
   3       8.73        62.81  61.12  92.40  95.47   7.60  95.47   7.60
  8 3 8 9
   3       9.00        64.79  63.18  92.59  96.04   7.41  96.04   7.41
  7 3 8 9
   3       9.27        66.77  65.23  92.78  96.55   7.23  96.55   7.23
  6 3 8 9
   3       9.55        68.74  67.28  92.95  96.98   7.05  96.98   7.05
  5 3 8 9
   3       9.82        70.71  69.33  93.11  97.36   6.88  97.36   6.88
  4 3 8 9
   3      10.09        72.64  71.38  93.30  97.69   6.72  97.69   6.72
  3 3 8 9
   3      10.36        74.59  73.42  93.47  97.98   6.57  97.98   6.57
  2 3 8 9
   3      10.64        76.60  75.46  93.54  98.23   6.41  98.23   6.41
  1 3 8 9
   3      10.91        78.55  77.50  93.69  98.45   6.27  98.45   6.27
  9 2 8 9
   3       9.00        64.77  63.16  92.60  95.90   7.40  95.90   7.40
  8 2 8 9
   3       9.27        66.75  65.21  92.77  96.44   7.22  96.44   7.22
  7 2 8 9
   3       9.54        68.71  67.25  92.95  96.90   7.05  96.90   7.05
  6 2 8 9
   3       9.82        70.67  69.30  93.12  97.30   6.88  97.30   6.88
  5 2 8 9
   3      10.09        72.64  71.34  93.25  97.65   6.72  97.65   6.72
  4 2 8 9
   3      10.36        74.59  73.37  93.41  97.95   6.57  97.95   6.57
  3 2 8 9
   3      10.63        76.53  75.40  93.56  98.21   6.42  98.21   6.42
  2 2 8 9
   3      10.90        78.47  77.44  93.71  98.44   6.27  98.44   6.27
  1 2 8 9
   3      11.17        80.42  79.46  93.83  98.68   6.14  98.68   6.14
  9 1 8 9
   3       9.27        66.73  65.20  92.78  96.30   7.22  96.30   7.22
  8 1 8 9
   3       9.54        68.69  67.24  92.96  96.79   7.05  96.79   7.05
  7 1 8 9
   3       9.81        70.65  69.28  93.12  97.21   6.88  97.21   6.88
  6 1 8 9
   3      10.08        72.57  71.31  93.31  97.58   6.72  97.58   6.72
  5 1 8 9
   3      10.35        74.51  73.34  93.46  97.90   6.57  97.90   6.57
  4 1 8 9
   3      10.62        76.46  75.37  93.61  98.18   6.42  98.18   6.42
  3 1 8 9
   3      10.89        78.40  77.39  93.74  98.42   6.28  98.42   6.28
  2 1 8 9
   3      11.16        80.35  79.41  93.85  98.66   6.14  98.66   6.14
  1 1 8 9
   3      11.43        82.29  81.43  93.96  98.89   6.01  98.89   6.01
  9 9 7 9
   3       7.35        52.91  50.86  91.29  92.15   8.71  92.15   8.71
  8 9 7 9
   3       7.63        54.95  52.96  91.53  93.05   8.47  93.05   8.47
  7 9 7 9
   3       7.91        56.98  55.06  91.76  93.84   8.24  93.84   8.24
  6 9 7 9
   3       8.19        59.00  57.15  91.99  94.53   8.01  94.53   8.01
  5 9 7 9
   3       8.48        61.02  59.24  92.21  95.14   7.80  95.14   7.80
  4 9 7 9
   3       8.76        63.03  61.34  92.41  95.67   7.59  95.67   7.59
  3 9 7 9
   3       9.03        65.04  63.43  92.60  96.14   7.39  96.14   7.39
  2 9 7 9
   3       9.31        67.04  65.51  92.80  96.55   7.20  96.55   7.20
  1 9 7 9
   3       9.59        69.04  67.60  92.98  96.92   7.02  96.92   7.02
  9 8 7 9
   3       7.62        54.88  52.89  91.52  93.02   8.47  93.02   8.47
  8 8 7 9
   3       7.90        56.90  54.98  91.76  93.83   8.24  93.83   8.24
  7 8 7 9
   3       8.19        58.93  57.07  91.97  94.55   8.02  94.55   8.02
  6 8 7 9
   3       8.46        60.94  59.16  92.19  95.17   7.81  95.17   7.81
  5 8 7 9
   3       8.74        62.94  61.24  92.39  95.72   7.60  95.72   7.60
  4 8 7 9
   3       9.02        64.95  63.33  92.59  96.20   7.41  96.20   7.41
  3 8 7 9
   3       9.30        66.94  65.41  92.78  96.63   7.22  96.63   7.22
  2 8 7 9
   3       9.57        68.93  67.48  92.96  97.00   7.04  97.00   7.04
  1 8 7 9
   3       9.85        70.92  69.56  93.14  97.33   6.86  97.33   6.86
  9 7 7 9
   3       7.90        56.85  54.93  91.75  93.77   8.25  93.77   8.25
  8 7 7 9
   3       8.18        58.86  57.01  91.97  94.52   8.03  94.52   8.03
  7 7 7 9
   3       8.45        60.87  59.09  92.18  95.17   7.82  95.17   7.82
  6 7 7 9
   3       8.73        62.87  61.17  92.38  95.73   7.61  95.73   7.61
  5 7 7 9
   3       9.01        64.87  63.24  92.58  96.23   7.42  96.23   7.42
  4 7 7 9
   3       9.29        66.85  65.31  92.77  96.67   7.23  96.67   7.23
  3 7 7 9
   3       9.56        68.84  67.39  92.95  97.05   7.05  97.05   7.05
  2 7 7 9
   3       9.84        70.82  69.45  93.13  97.39   6.88  97.39   6.88
  1 7 7 9
   3      10.11        72.79  71.52  93.31  97.68   6.71  97.68   6.71
  9 6 7 9
   3       8.17        58.81  56.96  91.97  94.43   8.03  94.43   8.03
  8 6 7 9
   3       8.45        60.81  59.03  92.18  95.11   7.82  95.11   7.82
  7 6 7 9
   3       8.72        62.81  61.10  92.38  95.71   7.62  95.71   7.62
  6 6 7 9
   3       9.00        64.80  63.17  92.57  96.22   7.42  96.22   7.42
  5 6 7 9
   3       9.28        66.78  65.24  92.77  96.68   7.24  96.68   7.24
  4 6 7 9
   3       9.55        68.76  67.30  92.94  97.07   7.06  97.07   7.06
  3 6 7 9
   3       9.83        70.74  69.36  93.11  97.42   6.89  97.42   6.89
  2 6 7 9
   3      10.10        72.71  71.42  93.28  97.72   6.72  97.72   6.72
  1 6 7 9
   3      10.37        74.66  73.48  93.46  97.99   6.56  97.99   6.56
  9 5 7 9
   3       8.44        60.77  58.99  92.18  95.02   7.82  95.02   7.82
  8 5 7 9
   3       8.72        62.76  61.06  92.38  95.64   7.62  95.64   7.62
  7 5 7 9
   3       8.99        64.74  63.12  92.58  96.18   7.43  96.18   7.43
  6 5 7 9
   3       9.27        66.72  65.18  92.76  96.65   7.24  96.65   7.24
  5 5 7 9
   3       9.54        68.70  67.24  92.94  97.06   7.06  97.06   7.06
  4 5 7 9
   3       9.82        70.67  69.29  93.11  97.42   6.89  97.42   6.89
  3 5 7 9
   3      10.09        72.64  71.34  93.26  97.74   6.73  97.74   6.73
  2 5 7 9
   3      10.36        74.59  73.39  93.44  98.01   6.57  98.01   6.57
  1 5 7 9
   3      10.63        76.53  75.44  93.61  98.25   6.42  98.25   6.42
  9 4 7 9
   3       8.71        62.72  61.02  92.39  95.53   7.62  95.53   7.62
  8 4 7 9
   3       8.99        64.71  63.08  92.57  96.10   7.43  96.10   7.43
  7 4 7 9
   3       9.26        66.68  65.13  92.76  96.60   7.24  96.60   7.24
  6 4 7 9
   3       9.53        68.65  67.18  92.94  97.03   7.07  97.03   7.07
  5 4 7 9
   3       9.81        70.61  69.23  93.10  97.40   6.90  97.40   6.90
  4 4 7 9
   3      10.08        72.57  71.28  93.27  97.73   6.73  97.73   6.73
  3 4 7 9
   3      10.35        74.51  73.32  93.44  98.01   6.58  98.01   6.58
  2 4 7 9
   3      10.62        76.46  75.36  93.60  98.26   6.43  98.26   6.43
  1 4 7 9
   3      10.89        78.40  77.40  93.75  98.48   6.28  98.48   6.28
  9 3 7 9
   3       8.98        64.67  63.05  92.58  95.99   7.42  95.99   7.42
  8 3 7 9
   3       9.26        66.65  65.10  92.76  96.51   7.24  96.51   7.24
  7 3 7 9
   3       9.53        68.61  67.15  92.94  96.96   7.07  96.96   7.07
  6 3 7 9
   3       9.80        70.57  69.19  93.10  97.36   6.90  97.36   6.90
  5 3 7 9
   3      10.07        72.50  71.23  93.30  97.70   6.74  97.70   6.74
  4 3 7 9
   3      10.34        74.44  73.26  93.46  98.00   6.58  98.00   6.58
  3 3 7 9
   3      10.61        76.39  75.30  93.61  98.25   6.43  98.25   6.43
  2 3 7 9
   3      10.88        78.33  77.33  93.75  98.48   6.29  98.48   6.29
  1 3 7 9
   3      11.15        80.27  79.36  93.87  98.71   6.15  98.71   6.15
  9 2 7 9
   3       9.25        66.62  65.09  92.77  96.39   7.23  96.39   7.23
  8 2 7 9
   3       9.53        68.59  67.13  92.93  96.87   7.06  96.87   7.06
  7 2 7 9
   3       9.80        70.54  69.16  93.10  97.29   6.90  97.29   6.90
  6 2 7 9
   3      10.07        72.50  71.19  93.25  97.65   6.73  97.65   6.73
  5 2 7 9
   3      10.34        74.44  73.22  93.41  97.96   6.58  97.96   6.58
  4 2 7 9
   3      10.61        76.39  75.25  93.55  98.23   6.43  98.23   6.43
  3 2 7 9
   3      10.88        78.33  77.28  93.69  98.47   6.29  98.47   6.29
  2 2 7 9
   3      11.14        80.20  79.29  93.89  98.70   6.15  98.70   6.15
  1 2 7 9
   3      11.41        82.15  81.31  94.00  98.92   6.02  98.92   6.02
  9 1 7 9
   3       9.52        68.57  67.12  92.94  96.74   7.05  96.74   7.05
  8 1 7 9
   3       9.80        70.53  69.15  93.11  97.19   6.89  97.19   6.89
  7 1 7 9
   3      10.07        72.50  71.18  93.23  97.57   6.73  97.57   6.73
  6 1 7 9
   3      10.33        74.37  73.20  93.47  97.90   6.58  97.90   6.58
  5 1 7 9
   3      10.60        76.31  75.22  93.60  98.19   6.43  98.19   6.43
  4 1 7 9
   3      10.87        78.26  77.24  93.73  98.43   6.29  98.43   6.29
  3 1 7 9
   3      11.14        80.20  79.25  93.83  98.68   6.15  98.68   6.15
  2 1 7 9
   3      11.41        82.15  81.26  93.94  98.91   6.02  98.91   6.02
  1 1 7 9
   3      11.67        84.02  83.27  94.11  99.11   5.90  99.11   5.90
  9 9 6 9
   3       7.62        54.83  52.85  91.53  92.91   8.47  92.91   8.47
  8 9 6 9
   3       7.90        56.85  54.94  91.76  93.74   8.24  93.74   8.24
  7 9 6 9
   3       8.18        58.88  57.03  91.98  94.47   8.02  94.47   8.02
  6 9 6 9
   3       8.46        60.89  59.11  92.20  95.10   7.81  95.10   7.81
  5 9 6 9
   3       8.74        62.89  61.20  92.40  95.66   7.60  95.66   7.60
  4 9 6 9
   3       9.01        64.90  63.28  92.59  96.15   7.41  96.15   7.41
  3 9 6 9
   3       9.29        66.90  65.36  92.78  96.58   7.22  96.58   7.22
  2 9 6 9
   3       9.57        68.89  67.44  92.96  96.96   7.04  96.96   7.04
  1 9 6 9
   3       9.85        70.88  69.52  93.13  97.29   6.86  97.29   6.86
  9 8 6 9
   3       7.89        56.80  54.87  91.74  93.71   8.25  93.71   8.25
  8 8 6 9
   3       8.17        58.80  56.95  91.97  94.46   8.03  94.46   8.03
  7 8 6 9
   3       8.45        60.81  59.03  92.18  95.12   7.82  95.12   7.82
  6 8 6 9
   3       8.73        62.81  61.11  92.39  95.69   7.62  95.69   7.62
  5 8 6 9
   3       9.00        64.81  63.19  92.58  96.19   7.42  96.19   7.42
  4 8 6 9
   3       9.28        66.80  65.26  92.77  96.63   7.23  96.63   7.23
  3 8 6 9
   3       9.56        68.79  67.33  92.95  97.02   7.05  97.02   7.05
  2 8 6 9
   3       9.83        70.77  69.40  93.12  97.36   6.88  97.36   6.88
  1 8 6 9
   3      10.10        72.71  71.47  93.33  97.66   6.72  97.66   6.72
  9 7 6 9
   3       8.16        58.75  56.90  91.97  94.40   8.03  94.40   8.03
  8 7 6 9
   3       8.44        60.76  58.97  92.17  95.09   7.83  95.09   7.83
  7 7 6 9
   3       8.72        62.75  61.04  92.37  95.68   7.62  95.68   7.62
  6 7 6 9
   3       8.99        64.74  63.11  92.57  96.20   7.43  96.20   7.43
  5 7 6 9
   3       9.27        66.72  65.18  92.76  96.66   7.24  96.66   7.24
  4 7 6 9
   3       9.54        68.70  67.24  92.94  97.06   7.06  97.06   7.06
  3 7 6 9
   3       9.82        70.68  69.30  93.11  97.41   6.89  97.41   6.89
  2 7 6 9
   3      10.09        72.64  71.36  93.29  97.71   6.73  97.71   6.73
  1 7 6 9
   3      10.36        74.59  73.42  93.47  97.98   6.57  97.98   6.57
  9 6 6 9
   3       8.43        60.70  58.92  92.18  95.02   7.83  95.02   7.83
  8 6 6 9
   3       8.71        62.69  60.99  92.37  95.64   7.63  95.64   7.63
  7 6 6 9
   3       8.98        64.68  63.05  92.56  96.18   7.44  96.18   7.44
  6 6 6 9
   3       9.26        66.66  65.11  92.75  96.65   7.25  96.65   7.25
  5 6 6 9
   3       9.53        68.63  67.16  92.93  97.06   7.07  97.06   7.07
  4 6 6 9
   3       9.81        70.60  69.22  93.10  97.42   6.90  97.42   6.90
  3 6 6 9
   3      10.08        72.57  71.27  93.26  97.74   6.73  97.74   6.73
  2 6 6 9
   3      10.35        74.51  73.32  93.44  98.01   6.58  98.01   6.58
  1 6 6 9
   3      10.62        76.46  75.37  93.61  98.26   6.43  98.26   6.43
  9 5 6 9
   3       8.70        62.65  60.94  92.37  95.55   7.63  95.55   7.63
  8 5 6 9
   3       8.98        64.63  63.00  92.57  96.12   7.44  96.12   7.44
  7 5 6 9
   3       9.25        66.61  65.05  92.74  96.61   7.25  96.61   7.25
  6 5 6 9
   3       9.52        68.57  67.10  92.92  97.04   7.08  97.04   7.08
  5 5 6 9
   3       9.80        70.54  69.15  93.09  97.42   6.91  97.42   6.91
  4 5 6 9
   3      10.07        72.50  71.20  93.26  97.74   6.74  97.74   6.74
  3 5 6 9
   3      10.34        74.44  73.24  93.43  98.03   6.58  98.03   6.58
  2 5 6 9
   3      10.61        76.39  75.28  93.59  98.28   6.43  98.28   6.43
  1 5 6 9
   3      10.88        78.33  77.32  93.74  98.49   6.29  98.49   6.29
  9 4 6 9
   3       8.97        64.59  62.97  92.57  96.02   7.43  96.02   7.43
  8 4 6 9
   3       9.25        66.57  65.01  92.75  96.54   7.25  96.54   7.25
  7 4 6 9
   3       9.52        68.53  67.06  92.92  96.99   7.08  96.99   7.08
  6 4 6 9
   3       9.79        70.49  69.10  93.09  97.39   6.91  97.39   6.91
  5 4 6 9
   3      10.06        72.43  71.14  93.27  97.72   6.75  97.72   6.75
  4 4 6 9
   3      10.33        74.37  73.18  93.44  98.02   6.59  98.02   6.59
  3 4 6 9
   3      10.60        76.31  75.21  93.59  98.28   6.44  98.28   6.44
  2 4 6 9
   3      10.87        78.26  77.24  93.73  98.50   6.29  98.50   6.29
  1 4 6 9
   3      11.14        80.20  79.27  93.86  98.72   6.15  98.72   6.15
  9 3 6 9
   3       9.24        66.54  64.99  92.75  96.44   7.25  96.44   7.25
  8 3 6 9
   3       9.51        68.50  67.03  92.93  96.92   7.07  96.92   7.07
  7 3 6 9
   3       9.79        70.45  69.06  93.09  97.33   6.91  97.33   6.91
  6 3 6 9
   3      10.06        72.43  71.10  93.22  97.68   6.74  97.68   6.74
  5 3 6 9
   3      10.33        74.37  73.13  93.37  97.99   6.59  97.99   6.59
  4 3 6 9
   3      10.60        76.31  75.15  93.52  98.26   6.44  98.26   6.44
  3 3 6 9
   3      10.86        78.19  77.18  93.74  98.49   6.30  98.49   6.30
  2 3 6 9
   3      11.13        80.13  79.20  93.85  98.72   6.16  98.72   6.16
  1 3 6 9
   3      11.40        82.07  81.21  93.96  98.94   6.03  98.94   6.03
  9 2 6 9
   3       9.51        68.47  67.01  92.93  96.81   7.07  96.81   7.07
  8 2 6 9
   3       9.78        70.42  69.04  93.10  97.24   6.90  97.24   6.90
  7 2 6 9
   3      10.05        72.35  71.07  93.27  97.62   6.75  97.62   6.75
  6 2 6 9
   3      10.32        74.30  73.09  93.42  97.95   6.59  97.95   6.59
  5 2 6 9
   3      10.59        76.24  75.11  93.56  98.23   6.44  98.23   6.44
  4 2 6 9
   3      10.86        78.19  77.13  93.68  98.47   6.30  98.47   6.30
  3 2 6 9
   3      11.12        80.06  79.14  93.88  98.71   6.16  98.71   6.16
  2 2 6 9
   3      11.39        82.00  81.15  93.98  98.94   6.03  98.94   6.03
  1 2 6 9
   3      11.66        83.95  83.16  94.07  99.13   5.90  99.13   5.90
  9 1 6 9
   3       9.78        70.41  69.03  93.10  97.13   6.90  97.13   6.90
  8 1 6 9
   3      10.05        72.35  71.06  93.26  97.53   6.74  97.53   6.74
  7 1 6 9
   3      10.32        74.30  73.07  93.40  97.88   6.59  97.88   6.59
  6 1 6 9
   3      10.59        76.24  75.09  93.52  98.18   6.44  98.18   6.44
  5 1 6 9
   3      10.85        78.11  77.10  93.72  98.43   6.30  98.43   6.30
  4 1 6 9
   3      11.12        80.06  79.11  93.83  98.68   6.16  98.68   6.16
  3 1 6 9
   3      11.39        82.00  81.11  93.92  98.92   6.03  98.92   6.03
  2 1 6 9
   3      11.65        83.87  83.11  94.09  99.12   5.91  99.12   5.91
  1 1 6 9
   3      11.92        85.82  85.11  94.18  99.30   5.79  99.30   5.79
  9 9 5 9
   3       7.88        56.75  54.84  91.75  93.58   8.24  93.58   8.24
  8 9 5 9
   3       8.16        58.77  56.92  91.97  94.35   8.03  94.35   8.03
  7 9 5 9
   3       8.44        60.78  59.00  92.18  95.02   7.82  95.02   7.82
  6 9 5 9
   3       8.72        62.78  61.07  92.38  95.60   7.61  95.60   7.61
  5 9 5 9
   3       9.00        64.77  63.15  92.58  96.12   7.42  96.12   7.42
  4 9 5 9
   3       9.27        66.77  65.22  92.76  96.57   7.23  96.57   7.23
  3 9 5 9
   3       9.55        68.75  67.29  92.95  96.96   7.05  96.96   7.05
  2 9 5 9
   3       9.82        70.73  69.36  93.12  97.31   6.88  97.31   6.88
  1 9 5 9
   3      10.10        72.71  71.43  93.28  97.62   6.71  97.62   6.71
  9 8 5 9
   3       8.15        58.70  56.85  91.96  94.32   8.03  94.32   8.03
  8 8 5 9
   3       8.43        60.71  58.93  92.18  95.01   7.83  95.01   7.83
  7 8 5 9
   3       8.71        62.71  61.00  92.37  95.62   7.62  95.62   7.62
  6 8 5 9
   3       8.99        64.69  63.07  92.57  96.15   7.43  96.15   7.43
  5 8 5 9
   3       9.26        66.68  65.13  92.75  96.61   7.24  96.61   7.24
  4 8 5 9
   3       9.54        68.66  67.19  92.93  97.01   7.06  97.01   7.06
  3 8 5 9
   3       9.81        70.63  69.26  93.11  97.37   6.89  97.37   6.89
  2 8 5 9
   3      10.09        72.64  71.32  93.23  97.68   6.72  97.68   6.72
  1 8 5 9
   3      10.36        74.59  73.37  93.42  97.95   6.57  97.95   6.57
  9 7 5 9
   3       8.42        60.65  58.87  92.17  94.96   7.83  94.96   7.83
  8 7 5 9
   3       8.70        62.64  60.93  92.37  95.59   7.63  95.59   7.63
  7 7 5 9
   3       8.98        64.63  62.99  92.56  96.14   7.44  96.14   7.44
  6 7 5 9
   3       9.25        66.61  65.05  92.74  96.62   7.25  96.62   7.25
  5 7 5 9
   3       9.53        68.58  67.11  92.92  97.03   7.07  97.03   7.07
  4 7 5 9
   3       9.80        70.55  69.17  93.10  97.40   6.90  97.40   6.90
  3 7 5 9
   3      10.07        72.50  71.22  93.28  97.71   6.74  97.71   6.74
  2 7 5 9
   3      10.34        74.44  73.27  93.46  97.99   6.58  97.99   6.58
  1 7 5 9
   3      10.62        76.46  75.32  93.54  98.24   6.42  98.24   6.42
  9 6 5 9
   3       8.69        62.59  60.88  92.37  95.53   7.63  95.53   7.63
  8 6 5 9
   3       8.97        64.57  62.94  92.56  96.10   7.44  96.10   7.44
  7 6 5 9
   3       9.24        66.54  64.99  92.75  96.59   7.26  96.59   7.26
  6 6 5 9
   3       9.52        68.52  67.04  92.92  97.03   7.08  97.03   7.08
  5 6 5 9
   3       9.79        70.48  69.09  93.09  97.40   6.91  97.40   6.91
  4 6 5 9
   3      10.06        72.43  71.14  93.27  97.73   6.75  97.73   6.75
  3 6 5 9
   3      10.33        74.37  73.18  93.44  98.02   6.59  98.02   6.59
  2 6 5 9
   3      10.60        76.31  75.22  93.60  98.27   6.44  98.27   6.44
  1 6 5 9
   3      10.87        78.26  77.26  93.74  98.49   6.29  98.49   6.29
  9 5 5 9
   3       8.96        64.53  62.90  92.56  96.02   7.44  96.02   7.44
  8 5 5 9
   3       9.24        66.50  64.95  92.74  96.54   7.26  96.54   7.26
  7 5 5 9
   3       9.51        68.47  66.99  92.91  96.99   7.08  96.99   7.08
  6 5 5 9
   3       9.78        70.42  69.03  93.08  97.38   6.91  97.38   6.91
  5 5 5 9
   3      10.05        72.35  71.07  93.28  97.72   6.75  97.72   6.75
  4 5 5 9
   3      10.32        74.30  73.11  93.44  98.02   6.60  98.02   6.60
  3 5 5 9
   3      10.59        76.24  75.14  93.59  98.28   6.45  98.28   6.45
  2 5 5 9
   3      10.86        78.19  77.17  93.73  98.50   6.30  98.50   6.30
  1 5 5 9
   3      11.13        80.13  79.20  93.85  98.73   6.16  98.73   6.16
  9 4 5 9
   3       9.23        66.47  64.91  92.74  96.45   7.26  96.45   7.26
  8 4 5 9
   3       9.50        68.42  66.95  92.92  96.93   7.08  96.93   7.08
  7 4 5 9
   3       9.77        70.37  68.99  93.09  97.34   6.92  97.34   6.92
  6 4 5 9
   3      10.05        72.35  71.02  93.21  97.70   6.75  97.70   6.75
  5 4 5 9
   3      10.32        74.30  73.05  93.36  98.00   6.60  98.00   6.60
  4 4 5 9
   3      10.58        76.17  75.08  93.60  98.27   6.45  98.27   6.45
  3 4 5 9
   3      10.85        78.11  77.10  93.72  98.50   6.31  98.50   6.31
  2 4 5 9
   3      11.12        80.06  79.12  93.85  98.73   6.17  98.73   6.17
  1 4 5 9
   3      11.39        82.00  81.14  93.96  98.95   6.03  98.95   6.03
  9 3 5 9
   3       9.50        68.39  66.92  92.92  96.84   7.08  96.84   7.08
  8 3 5 9
   3       9.77        70.35  68.96  93.08  97.27   6.91  97.27   6.91
  7 3 5 9
   3      10.04        72.28  70.98  93.25  97.65   6.75  97.65   6.75
  6 3 5 9
   3      10.31        74.23  73.01  93.40  97.97   6.60  97.97   6.60
  5 3 5 9
   3      10.58        76.17  75.03  93.53  98.25   6.45  98.25   6.45
  4 3 5 9
   3      10.85        78.11  77.04  93.66  98.49   6.30  98.49   6.30
  3 3 5 9
   3      11.11        79.99  79.06  93.86  98.72   6.17  98.72   6.17
  2 3 5 9
   3      11.38        81.93  81.07  93.96  98.95   6.04  98.95   6.04
  1 3 5 9
   3      11.65        83.87  83.07  94.05  99.14   5.91  99.14   5.91
  9 2 5 9
   3       9.77        70.32  68.94  93.09  97.17   6.91  97.17   6.91
  8 2 5 9
   3      10.04        72.28  70.96  93.22  97.57   6.75  97.57   6.75
  7 2 5 9
   3      10.31        74.23  72.98  93.36  97.91   6.60  97.91   6.60
  6 2 5 9
   3      10.57        76.10  74.99  93.58  98.21   6.45  98.21   6.45
  5 2 5 9
   3      10.84        78.04  77.01  93.70  98.46   6.31  98.46   6.31
  4 2 5 9
   3      11.11        79.99  79.01  93.80  98.70   6.17  98.70   6.17
  3 2 5 9
   3      11.37        81.86  81.02  93.98  98.94   6.04  98.94   6.04
  2 2 5 9
   3      11.64        83.80  83.01  94.06  99.14   5.92  99.14   5.92
  1 2 5 9
   3      11.90        85.67  85.01  94.23  99.31   5.80  99.31   5.80
  9 1 5 9
   3      10.04        72.28  70.95  93.21  97.47   6.74  97.47   6.74
  8 1 5 9
   3      10.30        74.15  72.96  93.43  97.84   6.60  97.84   6.60
  7 1 5 9
   3      10.57        76.10  74.97  93.56  98.15   6.45  98.15   6.45
  6 1 5 9
   3      10.84        78.04  76.97  93.66  98.42   6.31  98.42   6.31
  5 1 5 9
   3      11.10        79.91  78.98  93.85  98.67   6.17  98.67   6.17
  4 1 5 9
   3      11.37        81.86  80.98  93.94  98.91   6.04  98.91   6.04
  3 1 5 9
   3      11.63        83.73  82.97  94.10  99.12   5.92  99.12   5.92
  2 1 5 9
   3      11.90        85.67  84.96  94.17  99.30   5.80  99.30   5.80
  1 1 5 9
   3      12.16        87.54  86.94  94.31  99.46   5.68  99.46   5.68
  9 9 4 9
   3       8.15        58.67  56.82  91.98  94.17   8.03  94.17   8.03
  8 9 4 9
   3       8.43        60.68  58.90  92.18  94.89   7.82  94.89   7.82
  7 9 4 9
   3       8.70        62.67  60.97  92.38  95.50   7.62  95.50   7.62
  6 9 4 9
   3       8.98        64.67  63.04  92.57  96.05   7.43  96.05   7.43
  5 9 4 9
   3       9.26        66.65  65.10  92.76  96.52   7.24  96.52   7.24
  4 9 4 9
   3       9.53        68.63  67.17  92.93  96.93   7.06  96.93   7.06
  3 9 4 9
   3       9.81        70.60  69.23  93.11  97.30   6.89  97.30   6.89
  2 9 4 9
   3      10.08        72.57  71.29  93.28  97.62   6.73  97.62   6.73
  1 9 4 9
   3      10.35        74.51  73.35  93.47  97.90   6.57  97.90   6.57
  9 8 4 9
   3       8.42        60.61  58.83  92.17  94.86   7.82  94.86   7.82
  8 8 4 9
   3       8.70        62.61  60.90  92.37  95.50   7.63  95.50   7.63
  7 8 4 9
   3       8.97        64.59  62.96  92.56  96.06   7.44  96.06   7.44
  6 8 4 9
   3       9.25        66.57  65.02  92.74  96.54   7.25  96.54   7.25
  5 8 4 9
   3       9.52        68.55  67.08  92.92  96.97   7.07  96.97   7.07
  4 8 4 9
   3       9.79        70.51  69.13  93.10  97.34   6.90  97.34   6.90
  3 8 4 9
   3      10.07        72.50  71.18  93.24  97.67   6.74  97.67   6.74
  2 8 4 9
   3      10.34        74.44  73.23  93.42  97.95   6.58  97.95   6.58
  1 8 4 9
   3      10.61        76.39  75.28  93.59  98.20   6.43  98.20   6.43
  9 7 4 9
   3       8.69        62.55  60.84  92.37  95.45   7.63  95.45   7.63
  8 7 4 9
   3       8.96        64.53  62.90  92.56  96.03   7.44  96.03   7.44
  7 7 4 9
   3       9.24        66.50  64.95  92.75  96.54   7.26  96.54   7.26
  6 7 4 9
   3       9.51        68.47  67.00  92.92  96.98   7.08  96.98   7.08
  5 7 4 9
   3       9.78        70.44  69.05  93.08  97.36   6.91  97.36   6.91
  4 7 4 9
   3      10.06        72.43  71.09  93.21  97.69   6.74  97.69   6.74
  3 7 4 9
   3      10.33        74.37  73.14  93.39  97.98   6.59  97.98   6.59
  2 7 4 9
   3      10.60        76.31  75.18  93.55  98.24   6.44  98.24   6.44
  1 7 4 9
   3      10.87        78.26  77.22  93.70  98.46   6.29  98.46   6.29
  9 6 4 9
   3       8.96        64.48  62.85  92.56  95.97   7.44  95.97   7.44
  8 6 4 9
   3       9.23        66.45  64.89  92.74  96.50   7.26  96.50   7.26
  7 6 4 9
   3       9.50        68.42  66.94  92.91  96.96   7.09  96.96   7.09
  6 6 4 9
   3       9.77        70.37  68.98  93.08  97.35   6.92  97.35   6.92
  5 6 4 9
   3      10.05        72.35  71.02  93.21  97.70   6.75  97.70   6.75
  4 6 4 9
   3      10.32        74.30  73.05  93.37  98.00   6.59  98.00   6.59
  3 6 4 9
   3      10.59        76.24  75.09  93.52  98.26   6.44  98.26   6.44
  2 6 4 9
   3      10.86        78.19  77.12  93.66  98.49   6.30  98.49   6.30
  1 6 4 9
   3      11.13        80.13  79.14  93.79  98.71   6.16  98.71   6.16
  9 5 4 9
   3       9.22        66.41  64.85  92.74  96.43   7.26  96.43   7.26
  8 5 4 9
   3       9.50        68.37  66.89  92.91  96.91   7.09  96.91   7.09
  7 5 4 9
   3       9.77        70.32  68.93  93.08  97.32   6.92  97.32   6.92
  6 5 4 9
   3      10.04        72.28  70.96  93.22  97.68   6.76  97.68   6.76
  5 5 4 9
   3      10.31        74.23  72.99  93.38  97.99   6.60  97.99   6.60
  4 5 4 9
   3      10.58        76.17  75.02  93.52  98.26   6.45  98.26   6.45
  3 5 4 9
   3      10.85        78.11  77.04  93.66  98.49   6.30  98.49   6.30
  2 5 4 9
   3      11.11        79.99  79.06  93.86  98.72   6.17  98.72   6.17
  1 5 4 9
   3      11.38        81.93  81.08  93.97  98.94   6.04  98.94   6.04
  9 4 4 9
   3       9.49        68.33  66.86  92.91  96.83   7.09  96.83   7.09
  8 4 4 9
   3       9.76        70.28  68.89  93.08  97.27   6.92  97.27   6.92
  7 4 4 9
   3      10.03        72.21  70.91  93.26  97.64   6.76  97.64   6.76
  6 4 4 9
   3      10.30        74.15  72.94  93.40  97.97   6.61  97.97   6.61
  5 4 4 9
   3      10.57        76.10  74.96  93.54  98.25   6.46  98.25   6.46
  4 4 4 9
   3      10.84        78.04  76.97  93.66  98.49   6.31  98.49   6.31
  3 4 4 9
   3      11.10        79.91  78.99  93.86  98.72   6.18  98.72   6.18
  2 4 4 9
   3      11.37        81.86  81.00  93.97  98.95   6.04  98.95   6.04
  1 4 4 9
   3      11.64        83.80  83.00  94.05  99.14   5.92  99.14   5.92
  9 3 4 9
   3       9.76        70.25  68.86  93.08  97.19   6.92  97.19   6.92
  8 3 4 9
   3      10.03        72.21  70.88  93.21  97.58   6.76  97.58   6.76
  7 3 4 9
   3      10.30        74.15  72.90  93.36  97.92   6.60  97.92   6.60
  6 3 4 9
   3      10.56        76.03  74.92  93.57  98.21   6.46  98.21   6.46
  5 3 4 9
   3      10.83        77.97  76.93  93.69  98.47   6.31  98.47   6.31
  4 3 4 9
   3      11.10        79.91  78.93  93.79  98.71   6.18  98.71   6.18
  3 3 4 9
   3      11.36        81.79  80.93  93.97  98.94   6.05  98.94   6.05
  2 3 4 9
   3      11.63        83.73  82.93  94.06  99.14   5.92  99.14   5.92
  1 3 4 9
   3      11.89        85.60  84.94  94.22  99.32   5.80  99.32   5.80
  9 2 4 9
   3      10.02        72.14  70.86  93.28  97.50   6.76  97.50   6.76
  8 2 4 9
   3      10.29        74.08  72.88  93.42  97.86   6.60  97.86   6.60
  7 2 4 9
   3      10.56        76.03  74.89  93.54  98.17   6.46  98.17   6.46
  6 2 4 9
   3      10.83        77.97  76.89  93.65  98.43   6.31  98.43   6.31
  5 2 4 9
   3      11.09        79.84  78.89  93.83  98.68   6.18  98.68   6.18
  4 2 4 9
   3      11.36        81.79  80.89  93.92  98.92   6.05  98.92   6.05
  3 2 4 9
   3      11.62        83.66  82.88  94.08  99.13   5.92  99.13   5.92
  2 2 4 9
   3      11.88        85.53  84.87  94.23  99.31   5.81  99.31   5.81
  1 2 4 9
   3      12.15        87.47  86.86  94.30  99.46   5.69  99.46   5.69
  9 1 4 9
   3      10.29        74.08  72.87  93.40  97.77   6.60  97.77   6.60
  8 1 4 9
   3      10.56        76.03  74.87  93.52  98.10   6.45  98.10   6.45
  7 1 4 9
   3      10.82        77.90  76.87  93.71  98.38   6.31  98.38   6.31
  6 1 4 9
   3      11.09        79.84  78.87  93.81  98.64   6.18  98.64   6.18
  5 1 4 9
   3      11.35        81.71  80.86  93.96  98.90   6.05  98.90   6.05
  4 1 4 9
   3      11.62        83.66  82.84  94.04  99.11   5.92  99.11   5.92
  3 1 4 9
   3      11.88        85.53  84.83  94.18  99.30   5.80  99.30   5.80
  2 1 4 9
   3      12.14        87.40  86.81  94.32  99.45   5.69  99.45   5.69
  1 1 4 9
   3      12.40        89.27  88.79  94.44  99.59   5.58  99.59   5.58
  9 9 3 9
   3       8.41        60.58  58.82  92.19  94.70   7.82  94.70   7.82
  8 9 3 9
   3       8.69        62.58  60.88  92.38  95.36   7.62  95.36   7.62
  7 9 3 9
   3       8.97        64.56  62.94  92.57  95.93   7.43  95.93   7.43
  6 9 3 9
   3       9.24        66.54  65.00  92.76  96.43   7.25  96.43   7.25
  5 9 3 9
   3       9.52        68.52  67.06  92.93  96.87   7.07  96.87   7.07
  4 9 3 9
   3       9.79        70.49  69.11  93.10  97.26   6.90  97.26   6.90
  3 9 3 9
   3      10.06        72.43  71.16  93.31  97.59   6.74  97.59   6.74
  2 9 3 9
   3      10.34        74.44  73.21  93.39  97.88   6.57  97.88   6.57
  1 9 3 9
   3      10.61        76.39  75.26  93.56  98.14   6.42  98.14   6.42
  9 8 3 9
   3       8.68        62.52  60.82  92.37  95.33   7.62  95.33   7.62
  8 8 3 9
   3       8.96        64.50  62.87  92.56  95.93   7.44  95.93   7.44
  7 8 3 9
   3       9.23        66.47  64.92  92.75  96.44   7.25  96.44   7.25
  6 8 3 9
   3       9.51        68.44  66.97  92.92  96.89   7.08  96.89   7.08
  5 8 3 9
   3       9.78        70.41  69.02  93.09  97.29   6.91  97.29   6.91
  4 8 3 9
   3      10.05        72.35  71.07  93.27  97.63   6.75  97.63   6.75
  3 8 3 9
   3      10.32        74.30  73.11  93.44  97.93   6.59  97.93   6.59
  2 8 3 9
   3      10.59        76.24  75.15  93.60  98.19   6.44  98.19   6.44
  1 8 3 9
   3      10.86        78.19  77.19  93.75  98.42   6.29  98.42   6.29
  9 7 3 9
   3       8.95        64.44  62.81  92.56  95.88   7.44  95.88   7.44
  8 7 3 9
   3       9.23        66.41  64.86  92.74  96.42   7.26  96.42   7.26
  7 7 3 9
   3       9.50        68.38  66.91  92.91  96.89   7.08  96.89   7.08
  6 7 3 9
   3       9.77        70.34  68.95  93.08  97.29   6.92  97.29   6.92
  5 7 3 9
   3      10.04        72.28  70.98  93.26  97.65   6.75  97.65   6.75
  4 7 3 9
   3      10.31        74.23  73.02  93.42  97.95   6.60  97.95   6.60
  3 7 3 9
   3      10.58        76.17  75.05  93.57  98.22   6.45  98.22   6.45
  2 7 3 9
   3      10.85        78.11  77.09  93.71  98.45   6.30  98.45   6.30
  1 7 3 9
   3      11.12        80.06  79.11  93.84  98.68   6.16  98.68   6.16
  9 6 3 9
   3       9.22        66.36  64.81  92.74  96.37   7.26  96.37   7.26
  8 6 3 9
   3       9.49        68.32  66.85  92.91  96.85   7.09  96.85   7.09
  7 6 3 9
   3       9.76        70.28  68.89  93.08  97.28   6.92  97.28   6.92
  6 6 3 9
   3      10.03        72.21  70.92  93.26  97.64   6.76  97.64   6.76
  5 6 3 9
   3      10.30        74.15  72.95  93.41  97.96   6.60  97.96   6.60
  4 6 3 9
   3      10.57        76.10  74.97  93.56  98.23   6.45  98.23   6.45
  3 6 3 9
   3      10.84        78.04  77.00  93.69  98.47   6.31  98.47   6.31
  2 6 3 9
   3      11.11        79.99  79.01  93.81  98.70   6.17  98.70   6.17
  1 6 3 9
   3      11.38        81.93  81.03  93.92  98.93   6.04  98.93   6.04
  9 5 3 9
   3       9.48        68.28  66.81  92.91  96.79   7.09  96.79   7.09
  8 5 3 9
   3       9.76        70.23  68.84  93.08  97.23   6.92  97.23   6.92
  7 5 3 9
   3      10.02        72.14  70.86  93.28  97.61   6.77  97.61   6.77
  6 5 3 9
   3      10.29        74.08  72.89  93.43  97.94   6.61  97.94   6.61
  5 5 3 9
   3      10.56        76.03  74.91  93.56  98.22   6.46  98.22   6.46
  4 5 3 9
   3      10.83        77.97  76.92  93.68  98.47   6.31  98.47   6.31
  3 5 3 9
   3      11.10        79.91  78.94  93.80  98.70   6.18  98.70   6.18
  2 5 3 9
   3      11.36        81.79  80.95  93.99  98.93   6.05  98.93   6.05
  1 5 3 9
   3      11.63        83.73  82.96  94.08  99.13   5.92  99.13   5.92
  9 4 3 9
   3       9.75        70.19  68.80  93.08  97.16   6.92  97.16   6.92
  8 4 3 9
   3      10.02        72.14  70.82  93.23  97.56   6.76  97.56   6.76
  7 4 3 9
   3      10.29        74.08  72.84  93.37  97.91   6.61  97.91   6.61
  6 4 3 9
   3      10.56        76.03  74.86  93.50  98.20   6.46  98.20   6.46
  5 4 3 9
   3      10.82        77.90  76.87  93.71  98.46   6.32  98.46   6.32
  4 4 3 9
   3      11.09        79.84  78.88  93.81  98.70   6.18  98.70   6.18
  3 4 3 9
   3      11.35        81.71  80.88  93.99  98.93   6.05  98.93   6.05
  2 4 3 9
   3      11.62        83.66  82.87  94.07  99.14   5.93  99.14   5.93
  1 4 3 9
   3      11.88        85.53  84.87  94.23  99.31   5.81  99.31   5.81
  9 3 3 9
   3      10.02        72.14  70.80  93.20  97.49   6.76  97.49   6.76
  8 3 3 9
   3      10.28        74.01  72.81  93.42  97.85   6.61  97.85   6.61
  7 3 3 9
   3      10.55        75.95  74.82  93.54  98.16   6.46  98.16   6.46
  6 3 3 9
   3      10.82        77.90  76.82  93.65  98.43   6.32  98.43   6.32
  5 3 3 9
   3      11.08        79.77  78.82  93.84  98.68   6.19  98.68   6.19
  4 3 3 9
   3      11.35        81.71  80.82  93.92  98.92   6.05  98.92   6.05
  3 3 3 9
   3      11.61        83.59  82.81  94.08  99.13   5.93  99.13   5.93
  2 3 3 9
   3      11.88        85.53  84.81  94.16  99.31   5.81  99.31   5.81
  1 3 3 9
   3      12.14        87.40  86.79  94.30  99.46   5.69  99.46   5.69
  9 2 3 9
   3      10.28        74.01  72.79  93.40  97.78   6.61  97.78   6.61
  8 2 3 9
   3      10.55        75.95  74.80  93.51  98.11   6.46  98.11   6.46
  7 2 3 9
   3      10.81        77.83  76.79  93.70  98.39   6.32  98.39   6.32
  6 2 3 9
   3      11.08        79.77  78.79  93.80  98.65   6.18  98.65   6.18
  5 2 3 9
   3      11.34        81.64  80.78  93.96  98.90   6.06  98.90   6.06
  4 2 3 9
   3      11.61        83.59  82.77  94.03  99.12   5.93  99.12   5.93
  3 2 3 9
   3      11.87        85.46  84.75  94.18  99.30   5.81  99.30   5.81
  2 2 3 9
   3      12.13        87.33  86.73  94.31  99.46   5.69  99.46   5.69
  1 2 3 9
   3      12.39        89.20  88.71  94.44  99.59   5.58  99.59   5.58
  9 1 3 9
   3      10.54        75.88  74.78  93.59  98.03   6.46  98.03   6.46
  8 1 3 9
   3      10.81        77.83  76.78  93.68  98.33   6.32  98.33   6.32
  7 1 3 9
   3      11.07        79.70  78.77  93.86  98.60   6.19  98.60   6.19
  6 1 3 9
   3      11.34        81.64  80.76  93.93  98.87   6.05  98.87   6.05
  5 1 3 9
   3      11.60        83.51  82.74  94.08  99.09   5.93  99.09   5.93
  4 1 3 9
   3      11.86        85.39  84.72  94.22  99.28   5.81  99.28   5.81
  3 1 3 9
   3      12.12        87.26  86.69  94.34  99.45   5.70  99.45   5.70
  2 1 3 9
   3      12.39        89.20  88.66  94.38  99.58   5.58  99.58   5.58
  1 1 3 9
   3      12.65        91.07  90.63  94.50  99.70   5.47  99.70   5.47
  9 9 2 9
   3       8.68        62.50  60.81  92.39  95.16   7.61  95.16   7.61
  8 9 2 9
   3       8.96        64.49  62.86  92.57  95.77   7.43  95.77   7.43
  7 9 2 9
   3       9.23        66.46  64.92  92.76  96.31   7.25  96.31   7.25
  6 9 2 9
   3       9.51        68.43  66.97  92.93  96.78   7.07  96.78   7.07
  5 9 2 9
   3       9.78        70.40  69.01  93.09  97.18   6.90  97.18   6.90
  4 9 2 9
   3      10.05        72.35  71.06  93.26  97.54   6.74  97.54   6.74
  3 9 2 9
   3      10.32        74.30  73.10  93.43  97.85   6.58  97.85   6.58
  2 9 2 9
   3      10.59        76.24  75.14  93.59  98.12   6.43  98.12   6.43
  1 9 2 9
   3      10.86        78.19  77.18  93.74  98.36   6.29  98.36   6.29
  9 8 2 9
   3       8.95        64.42  62.80  92.57  95.75   7.43  95.75   7.43
  8 8 2 9
   3       9.22        66.39  64.84  92.75  96.30   7.25  96.30   7.25
  7 8 2 9
   3       9.49        68.36  66.89  92.92  96.78   7.08  96.78   7.08
  6 8 2 9
   3       9.77        70.32  68.93  93.09  97.20   6.91  97.20   6.91
  5 8 2 9
   3      10.04        72.28  70.97  93.24  97.57   6.75  97.57   6.75
  4 8 2 9
   3      10.31        74.23  73.00  93.40  97.88   6.59  97.88   6.59
  3 8 2 9
   3      10.58        76.17  75.04  93.55  98.16   6.44  98.16   6.44
  2 8 2 9
   3      10.85        78.11  77.07  93.69  98.40   6.30  98.40   6.30
  1 8 2 9
   3      11.12        80.06  79.10  93.82  98.63   6.16  98.63   6.16
  9 7 2 9
   3       9.21        66.34  64.79  92.74  96.26   7.26  96.26   7.26
  8 7 2 9
   3       9.49        68.29  66.83  92.92  96.76   7.08  96.76   7.08
  7 7 2 9
   3       9.76        70.25  68.86  93.08  97.20   6.92  97.20   6.92
  6 7 2 9
   3      10.03        72.21  70.89  93.23  97.57   6.76  97.57   6.76
  5 7 2 9
   3      10.30        74.15  72.92  93.38  97.89   6.60  97.89   6.60
  4 7 2 9
   3      10.57        76.10  74.95  93.53  98.18   6.45  98.18   6.45
  3 7 2 9
   3      10.84        78.04  76.97  93.66  98.42   6.31  98.42   6.31
  2 7 2 9
   3      11.10        79.91  78.99  93.86  98.66   6.17  98.66   6.17
  1 7 2 9
   3      11.37        81.86  81.01  93.98  98.89   6.04  98.89   6.04
  9 6 2 9
   3       9.48        68.24  66.78  92.92  96.71   7.09  96.71   7.09
  8 6 2 9
   3       9.75        70.19  68.81  93.08  97.16   6.92  97.16   6.92
  7 6 2 9
   3      10.02        72.14  70.83  93.24  97.55   6.76  97.55   6.76
  6 6 2 9
   3      10.29        74.08  72.86  93.39  97.89   6.61  97.89   6.61
  5 6 2 9
   3      10.56        76.03  74.88  93.52  98.18   6.46  98.18   6.46
  4 6 2 9
   3      10.83        77.97  76.89  93.65  98.43   6.31  98.43   6.31
  3 6 2 9
   3      11.09        79.84  78.91  93.85  98.67   6.18  98.67   6.18
  2 6 2 9
   3      11.36        81.79  80.92  93.95  98.91   6.05  98.91   6.05
  1 6 2 9
   3      11.63        83.73  82.92  94.04  99.11   5.92  99.11   5.92
  9 5 2 9
   3       9.74        70.15  68.76  93.08  97.11   6.92  97.11   6.92
  8 5 2 9
   3      10.01        72.07  70.78  93.27  97.51   6.77  97.51   6.77
  7 5 2 9
   3      10.28        74.01  72.80  93.41  97.86   6.61  97.86   6.61
  6 5 2 9
   3      10.55        75.95  74.82  93.54  98.17   6.46  98.17   6.46
  5 5 2 9
   3      10.82        77.90  76.83  93.66  98.43   6.32  98.43   6.32
  4 5 2 9
   3      11.08        79.77  78.83  93.84  98.67   6.18  98.67   6.18
  3 5 2 9
   3      11.35        81.71  80.83  93.94  98.91   6.05  98.91   6.05
  2 5 2 9
   3      11.61        83.59  82.84  94.11  99.12   5.93  99.12   5.93
  1 5 2 9
   3      11.88        85.53  84.84  94.19  99.30   5.80  99.30   5.80
  9 4 2 9
   3      10.01        72.07  70.75  93.23  97.45   6.76  97.45   6.76
  8 4 2 9
   3      10.28        74.01  72.76  93.36  97.82   6.61  97.82   6.61
  7 4 2 9
   3      10.54        75.88  74.77  93.57  98.14   6.47  98.14   6.47
  6 4 2 9
   3      10.81        77.83  76.78  93.68  98.41   6.32  98.41   6.32
  5 4 2 9
   3      11.08        79.77  78.78  93.78  98.66   6.18  98.66   6.18
  4 4 2 9
   3      11.34        81.64  80.77  93.95  98.91   6.06  98.91   6.06
  3 4 2 9
   3      11.61        83.59  82.77  94.03  99.12   5.93  99.12   5.93
  2 4 2 9
   3      11.87        85.46  84.75  94.18  99.30   5.81  99.30   5.81
  1 4 2 9
   3      12.13        87.33  86.75  94.33  99.45   5.69  99.45   5.69
  9 3 2 9
   3      10.27        73.94  72.73  93.41  97.75   6.61  97.75   6.61
  8 3 2 9
   3      10.54        75.88  74.74  93.53  98.09   6.46  98.09   6.46
  7 3 2 9
   3      10.81        77.83  76.74  93.64  98.37   6.32  98.37   6.32
  6 3 2 9
   3      11.07        79.70  78.73  93.81  98.63   6.19  98.63   6.19
  5 3 2 9
   3      11.33        81.57  80.73  93.98  98.89   6.06  98.89   6.06
  4 3 2 9
   3      11.60        83.51  82.71  94.05  99.11   5.93  99.11   5.93
  3 3 2 9
   3      11.86        85.39  84.69  94.19  99.29   5.81  99.29   5.81
  2 3 2 9
   3      12.12        87.26  86.68  94.33  99.45   5.70  99.45   5.70
  1 3 2 9
   3      12.39        89.20  88.66  94.38  99.59   5.58  99.59   5.58
  9 2 2 9
   3      10.54        75.88  74.72  93.51  98.02   6.46  98.02   6.46
  8 2 2 9
   3      10.80        77.75  76.72  93.69  98.32   6.32  98.32   6.32
  7 2 2 9
   3      11.07        79.70  78.70  93.78  98.59   6.19  98.59   6.19
  6 2 2 9
   3      11.33        81.57  80.69  93.94  98.86   6.06  98.86   6.06
  5 2 2 9
   3      11.59        83.44  82.67  94.08  99.09   5.94  99.09   5.94
  4 2 2 9
   3      11.85        85.31  84.65  94.22  99.28   5.82  99.28   5.82
  3 2 2 9
   3      12.12        87.26  86.63  94.27  99.44   5.70  99.44   5.70
  2 2 2 9
   3      12.38        89.13  88.60  94.39  99.58   5.59  99.58   5.59
  1 2 2 9
   3      12.64        91.00  90.56  94.50  99.70   5.48  99.70   5.48
  9 1 2 9
   3      10.80        77.75  76.70  93.68  98.25   6.32  98.25   6.32
  8 1 2 9
   3      11.06        79.63  78.69  93.84  98.54   6.19  98.54   6.19
  7 1 2 9
   3      11.33        81.57  80.67  93.91  98.82   6.06  98.82   6.06
  6 1 2 9
   3      11.59        83.44  82.65  94.06  99.06   5.94  99.06   5.94
  5 1 2 9
   3      11.85        85.31  84.62  94.19  99.26   5.82  99.26   5.82
  4 1 2 9
   3      12.11        87.19  86.58  94.30  99.43   5.70  99.43   5.70
  3 1 2 9
   3      12.37        89.06  88.55  94.42  99.57   5.59  99.57   5.59
  2 1 2 9
   3      12.63        90.93  90.52  94.53  99.69   5.48  99.69   5.48
  1 1 2 9
   3      12.89        92.80  92.47  94.62  99.79   5.38  99.79   5.38
  9 9 9 8
   3       7.07        50.91  48.82  91.04  91.26   8.96  91.26   8.96
  8 9 9 8
   3       7.36        52.97  50.92  91.29  92.24   8.71  92.24   8.71
  7 9 9 8
   3       7.64        55.01  53.03  91.53  93.10   8.46  93.10   8.46
  6 9 9 8
   3       7.92        57.04  55.13  91.78  93.86   8.23  93.86   8.23
  5 9 9 8
   3       8.20        59.07  57.23  92.00  94.52   8.00  94.52   8.00
  4 9 9 8
   3       8.49        61.09  59.33  92.22  95.11   7.78  95.11   7.78
  3 9 9 8
   3       8.77        63.12  61.43  92.42  95.62   7.58  95.62   7.58
  2 9 9 8
   3       9.05        65.13  63.53  92.62  96.08   7.38  96.08   7.38
  1 9 9 8
   3       9.33        67.14  65.62  92.81  96.49   7.19  96.49   7.19
  9 8 9 8
   3       7.35        52.90  50.85  91.29  92.20   8.71  92.20   8.71
  8 8 9 8
   3       7.63        54.94  52.95  91.53  93.09   8.47  93.09   8.47
  7 8 9 8
   3       7.91        56.97  55.05  91.76  93.88   8.24  93.88   8.24
  6 8 9 8
   3       8.19        58.99  57.14  91.98  94.56   8.02  94.56   8.02
  5 8 9 8
   3       8.47        61.01  59.24  92.20  95.17   7.80  95.17   7.80
  4 8 9 8
   3       8.75        63.02  61.33  92.40  95.70   7.59  95.70   7.59
  3 8 9 8
   3       9.03        65.03  63.42  92.60  96.17   7.39  96.17   7.39
  2 8 9 8
   3       9.31        67.03  65.51  92.80  96.58   7.20  96.58   7.20
  1 8 9 8
   3       9.59        69.04  67.59  92.98  96.95   7.02  96.95   7.02
  9 7 9 8
   3       7.62        54.88  52.89  91.52  93.03   8.48  93.03   8.48
  8 7 9 8
   3       7.90        56.90  54.98  91.76  93.84   8.25  93.84   8.25
  7 7 9 8
   3       8.19        58.93  57.07  91.97  94.56   8.02  94.56   8.02
  6 7 9 8
   3       8.46        60.94  59.16  92.19  95.18   7.81  95.18   7.81
  5 7 9 8
   3       8.74        62.94  61.24  92.39  95.73   7.60  95.73   7.60
  4 7 9 8
   3       9.02        64.95  63.32  92.59  96.21   7.41  96.21   7.41
  3 7 9 8
   3       9.30        66.94  65.40  92.78  96.64   7.22  96.64   7.22
  2 7 9 8
   3       9.57        68.93  67.48  92.96  97.01   7.04  97.01   7.04
  1 7 9 8
   3       9.85        70.92  69.56  93.14  97.34   6.86  97.34   6.86
  9 6 9 8
   3       7.90        56.85  54.93  91.76  93.75   8.25  93.75   8.25
  8 6 9 8
   3       8.18        58.87  57.02  91.97  94.50   8.03  94.50   8.03
  7 6 9 8
   3       8.46        60.88  59.10  92.18  95.15   7.81  95.15   7.81
  6 6 9 8
   3       8.73        62.88  61.17  92.38  95.72   7.61  95.72   7.61
  5 6 9 8
   3       9.01        64.87  63.25  92.58  96.22   7.42  96.22   7.42
  4 6 9 8
   3       9.29        66.86  65.32  92.77  96.66   7.23  96.66   7.23
  3 6 9 8
   3       9.56        68.85  67.39  92.95  97.05   7.05  97.05   7.05
  2 6 9 8
   3       9.84        70.83  69.46  93.13  97.38   6.87  97.38   6.87
  1 6 9 8
   3      10.11        72.79  71.53  93.32  97.68   6.71  97.68   6.71
  9 5 9 8
   3       8.17        58.83  56.97  91.97  94.39   8.02  94.39   8.02
  8 5 9 8
   3       8.45        60.83  59.05  92.18  95.08   7.82  95.08   7.82
  7 5 9 8
   3       8.73        62.82  61.12  92.39  95.67   7.61  95.67   7.61
  6 5 9 8
   3       9.00        64.82  63.19  92.57  96.20   7.42  96.20   7.42
  5 5 9 8
   3       9.28        66.80  65.25  92.77  96.65   7.23  96.65   7.23
  4 5 9 8
   3       9.55        68.78  67.32  92.95  97.05   7.06  97.05   7.06
  3 5 9 8
   3       9.83        70.76  69.38  93.11  97.40   6.88  97.40   6.88
  2 5 9 8
   3      10.10        72.71  71.44  93.30  97.71   6.72  97.71   6.72
  1 5 9 8
   3      10.37        74.66  73.50  93.49  97.98   6.56  97.98   6.56
  9 4 9 8
   3       8.44        60.79  59.02  92.18  94.96   7.81  94.96   7.81
  8 4 9 8
   3       8.72        62.78  61.08  92.39  95.59   7.61  95.59   7.61
  7 4 9 8
   3       9.00        64.77  63.14  92.58  96.13   7.42  96.13   7.42
  6 4 9 8
   3       9.27        66.75  65.20  92.76  96.61   7.24  96.61   7.24
  5 4 9 8
   3       9.55        68.72  67.26  92.94  97.03   7.06  97.03   7.06
  4 4 9 8
   3       9.82        70.69  69.31  93.11  97.39   6.89  97.39   6.89
  3 4 9 8
   3      10.09        72.64  71.37  93.29  97.71   6.73  97.71   6.73
  2 4 9 8
   3      10.36        74.59  73.42  93.47  97.99   6.57  97.99   6.57
  1 4 9 8
   3      10.64        76.60  75.47  93.55  98.24   6.41  98.24   6.41
  9 3 9 8
   3       8.72        62.75  61.06  92.40  95.45   7.61  95.45   7.61
  8 3 9 8
   3       8.99        64.74  63.11  92.58  96.03   7.42  96.03   7.42
  7 3 9 8
   3       9.27        66.71  65.17  92.76  96.54   7.24  96.54   7.24
  6 3 9 8
   3       9.54        68.68  67.22  92.94  96.98   7.06  96.98   7.06
  5 3 9 8
   3       9.81        70.64  69.27  93.11  97.36   6.89  97.36   6.89
  4 3 9 8
   3      10.08        72.57  71.31  93.31  97.69   6.73  97.69   6.73
  3 3 9 8
   3      10.36        74.59  73.35  93.39  97.98   6.57  97.98   6.57
  2 3 9 8
   3      10.63        76.53  75.39  93.55  98.23   6.42  98.23   6.42
  1 3 9 8
   3      10.90        78.47  77.43  93.70  98.46   6.27  98.46   6.27
  9 2 9 8
   3       8.99        64.71  63.10  92.59  95.90   7.41  95.90   7.41
  8 2 9 8
   3       9.26        66.68  65.14  92.77  96.43   7.23  96.43   7.23
  7 2 9 8
   3       9.53        68.65  67.19  92.95  96.90   7.06  96.90   7.06
  6 2 9 8
   3       9.81        70.60  69.23  93.11  97.30   6.89  97.30   6.89
  5 2 9 8
   3      10.08        72.57  71.27  93.26  97.65   6.73  97.65   6.73
  4 2 9 8
   3      10.35        74.51  73.31  93.42  97.95   6.57  97.95   6.57
  3 2 9 8
   3      10.62        76.46  75.34  93.57  98.22   6.42  98.22   6.42
  2 2 9 8
   3      10.89        78.40  77.37  93.71  98.45   6.28  98.45   6.28
  1 2 9 8
   3      11.16        80.35  79.40  93.84  98.65   6.14  98.65   6.14
  9 1 9 8
   3       9.26        66.67  65.14  92.78  96.29   7.22  96.29   7.22
  8 1 9 8
   3       9.53        68.63  67.18  92.95  96.78   7.05  96.78   7.05
  7 1 9 8
   3       9.80        70.58  69.21  93.12  97.21   6.89  97.21   6.89
  6 1 9 8
   3      10.08        72.57  71.25  93.23  97.58   6.72  97.58   6.72
  5 1 9 8
   3      10.34        74.44  73.28  93.47  97.90   6.58  97.90   6.58
  4 1 9 8
   3      10.61        76.39  75.30  93.61  98.18   6.43  98.18   6.43
  3 1 9 8
   3      10.88        78.33  77.32  93.74  98.42   6.28  98.42   6.28
  2 1 9 8
   3      11.15        80.27  79.35  93.87  98.63   6.14  98.63   6.14
  1 1 9 8
   3      11.41        82.15  81.32  94.01  98.85   6.02  98.85   6.02
  9 9 8 8
   3       7.34        52.84  50.79  91.28  92.16   8.72  92.16   8.72
  8 9 8 8
   3       7.62        54.87  52.89  91.52  93.06   8.48  93.06   8.48
  7 9 8 8
   3       7.90        56.90  54.98  91.76  93.85   8.25  93.85   8.25
  6 9 8 8
   3       8.19        58.93  57.08  91.98  94.54   8.02  94.54   8.02
  5 9 8 8
   3       8.47        60.94  59.17  92.20  95.14   7.81  95.14   7.81
  4 9 8 8
   3       8.74        62.96  61.26  92.40  95.68   7.60  95.68   7.60
  3 9 8 8
   3       9.02        64.97  63.35  92.60  96.15   7.40  96.15   7.40
  2 9 8 8
   3       9.30        66.97  65.44  92.79  96.56   7.21  96.56   7.21
  1 9 8 8
   3       9.58        68.97  67.53  92.97  96.93   7.03  96.93   7.03
  9 8 8 8
   3       7.61        54.81  52.82  91.52  93.02   8.49  93.02   8.49
  8 8 8 8
   3       7.89        56.84  54.91  91.74  93.84   8.25  93.84   8.25
  7 8 8 8
   3       8.18        58.86  57.00  91.97  94.56   8.03  94.56   8.03
  6 8 8 8
   3       8.45        60.86  59.08  92.18  95.18   7.82  95.18   7.82
  5 8 8 8
   3       8.73        62.87  61.17  92.39  95.73   7.61  95.73   7.61
  4 8 8 8
   3       9.01        64.87  63.25  92.59  96.21   7.42  96.21   7.42
  3 8 8 8
   3       9.29        66.87  65.33  92.78  96.64   7.23  96.64   7.23
  2 8 8 8
   3       9.56        68.86  67.41  92.96  97.01   7.04  97.01   7.04
  1 8 8 8
   3       9.84        70.86  69.49  93.13  97.34   6.87  97.34   6.87
  9 7 8 8
   3       7.89        56.77  54.85  91.75  93.78   8.26  93.78   8.26
  8 7 8 8
   3       8.17        58.79  56.93  91.96  94.52   8.04  94.52   8.04
  7 7 8 8
   3       8.44        60.80  59.01  92.17  95.17   7.83  95.17   7.83
  6 7 8 8
   3       8.72        62.80  61.09  92.38  95.74   7.62  95.74   7.62
  5 7 8 8
   3       9.00        64.79  63.17  92.57  96.24   7.43  96.24   7.43
  4 7 8 8
   3       9.28        66.79  65.24  92.76  96.68   7.24  96.68   7.24
  3 7 8 8
   3       9.55        68.77  67.31  92.95  97.06   7.06  97.06   7.06
  2 7 8 8
   3       9.83        70.76  69.38  93.12  97.40   6.88  97.40   6.88
  1 7 8 8
   3      10.10        72.71  71.45  93.31  97.70   6.72  97.70   6.72
  9 6 8 8
   3       8.16        58.74  56.89  91.96  94.44   8.04  94.44   8.04
  8 6 8 8
   3       8.44        60.74  58.96  92.17  95.12   7.83  95.12   7.83
  7 6 8 8
   3       8.72        62.74  61.03  92.37  95.72   7.63  95.72   7.63
  6 6 8 8
   3       8.99        64.73  63.10  92.57  96.23   7.43  96.23   7.43
  5 6 8 8
   3       9.27        66.72  65.16  92.75  96.69   7.25  96.69   7.25
  4 6 8 8
   3       9.54        68.70  67.23  92.93  97.08   7.07  97.08   7.07
  3 6 8 8
   3       9.82        70.67  69.29  93.11  97.43   6.89  97.43   6.89
  2 6 8 8
   3      10.09        72.64  71.35  93.27  97.73   6.73  97.73   6.73
  1 6 8 8
   3      10.36        74.59  73.41  93.46  98.00   6.57  98.00   6.57
  9 5 8 8
   3       8.43        60.70  58.92  92.17  95.03   7.83  95.03   7.83
  8 5 8 8
   3       8.71        62.69  60.98  92.37  95.65   7.63  95.65   7.63
  7 5 8 8
   3       8.98        64.68  63.04  92.56  96.19   7.44  96.19   7.44
  6 5 8 8
   3       9.26        66.66  65.10  92.75  96.66   7.25  96.66   7.25
  5 5 8 8
   3       9.53        68.63  67.16  92.93  97.07   7.07  97.07   7.07
  4 5 8 8
   3       9.81        70.60  69.22  93.10  97.43   6.90  97.43   6.90
  3 5 8 8
   3      10.08        72.57  71.27  93.26  97.75   6.73  97.75   6.73
  2 5 8 8
   3      10.35        74.51  73.32  93.44  98.02   6.58  98.02   6.58
  1 5 8 8
   3      10.62        76.46  75.37  93.61  98.26   6.43  98.26   6.43
  9 4 8 8
   3       8.70        62.66  60.95  92.37  95.54   7.62  95.54   7.62
  8 4 8 8
   3       8.98        64.64  63.01  92.57  96.11   7.43  96.11   7.43
  7 4 8 8
   3       9.25        66.61  65.06  92.75  96.61   7.25  96.61   7.25
  6 4 8 8
   3       9.53        68.58  67.11  92.92  97.04   7.07  97.04   7.07
  5 4 8 8
   3       9.80        70.55  69.16  93.09  97.41   6.90  97.41   6.90
  4 4 8 8
   3      10.07        72.50  71.20  93.27  97.74   6.74  97.74   6.74
  3 4 8 8
   3      10.34        74.44  73.25  93.44  98.02   6.58  98.02   6.58
  2 4 8 8
   3      10.61        76.39  75.29  93.59  98.27   6.43  98.27   6.43
  1 4 8 8
   3      10.88        78.33  77.32  93.74  98.49   6.29  98.49   6.29
  9 3 8 8
   3       8.97        64.61  62.98  92.57  96.00   7.43  96.00   7.43
  8 3 8 8
   3       9.25        66.58  65.03  92.75  96.52   7.25  96.52   7.25
  7 3 8 8
   3       9.52        68.55  67.07  92.92  96.97   7.07  96.97   7.07
  6 3 8 8
   3       9.79        70.50  69.12  93.09  97.37   6.91  97.37   6.91
  5 3 8 8
   3      10.06        72.43  71.15  93.29  97.71   6.75  97.71   6.75
  4 3 8 8
   3      10.33        74.37  73.19  93.45  98.01   6.59  98.01   6.59
  3 3 8 8
   3      10.60        76.31  75.22  93.60  98.26   6.44  98.26   6.44
  2 3 8 8
   3      10.87        78.26  77.26  93.74  98.49   6.29  98.49   6.29
  1 3 8 8
   3      11.14        80.20  79.29  93.88  98.69   6.15  98.69   6.15
  9 2 8 8
   3       9.24        66.56  65.01  92.75  96.40   7.24  96.40   7.24
  8 2 8 8
   3       9.52        68.52  67.05  92.93  96.88   7.07  96.88   7.07
  7 2 8 8
   3       9.79        70.47  69.09  93.10  97.30   6.90  97.30   6.90
  6 2 8 8
   3      10.06        72.43  71.12  93.25  97.66   6.74  97.66   6.74
  5 2 8 8
   3      10.33        74.37  73.15  93.40  97.97   6.59  97.97   6.59
  4 2 8 8
   3      10.60        76.31  75.18  93.55  98.24   6.44  98.24   6.44
  3 2 8 8
   3      10.87        78.26  77.20  93.68  98.48   6.29  98.48   6.29
  2 2 8 8
   3      11.13        80.13  79.23  93.89  98.68   6.16  98.68   6.16
  1 2 8 8
   3      11.40        82.07  81.20  93.95  98.89   6.02  98.89   6.02
  9 1 8 8
   3       9.52        68.50  67.04  92.94  96.75   7.06  96.75   7.06
  8 1 8 8
   3       9.79        70.45  69.07  93.10  97.20   6.90  97.20   6.90
  7 1 8 8
   3      10.06        72.43  71.10  93.22  97.58   6.74  97.58   6.74
  6 1 8 8
   3      10.33        74.37  73.13  93.37  97.91   6.58  97.91   6.58
  5 1 8 8
   3      10.59        76.24  75.15  93.60  98.20   6.44  98.20   6.44
  4 1 8 8
   3      10.86        78.19  77.16  93.72  98.44   6.30  98.44   6.30
  3 1 8 8
   3      11.13        80.13  79.18  93.84  98.66   6.16  98.66   6.16
  2 1 8 8
   3      11.39        82.00  81.14  93.97  98.87   6.03  98.87   6.03
  1 1 8 8
   3      11.65        83.87  83.09  94.08  99.07   5.91  99.07   5.91
  9 9 7 8
   3       7.61        54.75  52.77  91.52  92.96   8.49  92.96   8.49
  8 9 7 8
   3       7.89        56.78  54.86  91.74  93.78   8.26  93.78   8.26
  7 9 7 8
   3       8.17        58.80  56.94  91.97  94.50   8.04  94.50   8.04
  6 9 7 8
   3       8.45        60.81  59.03  92.17  95.13   7.82  95.13   7.82
  5 9 7 8
   3       8.73        62.81  61.11  92.39  95.69   7.62  95.69   7.62
  4 9 7 8
   3       9.00        64.82  63.20  92.58  96.18   7.42  96.18   7.42
  3 9 7 8
   3       9.28        66.82  65.28  92.77  96.60   7.23  96.60   7.23
  2 9 7 8
   3       9.56        68.81  67.36  92.95  96.98   7.05  96.98   7.05
  1 9 7 8
   3       9.83        70.80  69.43  93.13  97.32   6.87  97.32   6.87
  9 8 7 8
   3       7.88        56.72  54.79  91.73  93.75   8.26  93.75   8.26
  8 8 7 8
   3       8.16        58.73  56.87  91.95  94.50   8.04  94.50   8.04
  7 8 7 8
   3       8.44        60.73  58.95  92.17  95.15   7.83  95.15   7.83
  6 8 7 8
   3       8.71        62.74  61.03  92.38  95.72   7.63  95.72   7.63
  5 8 7 8
   3       8.99        64.74  63.10  92.56  96.22   7.43  96.22   7.43
  4 8 7 8
   3       9.27        66.72  65.18  92.76  96.66   7.24  96.66   7.24
  3 8 7 8
   3       9.54        68.71  67.25  92.94  97.05   7.06  97.05   7.06
  2 8 7 8
   3       9.82        70.69  69.32  93.12  97.39   6.89  97.39   6.89
  1 8 7 8
   3      10.09        72.64  71.39  93.32  97.69   6.72  97.69   6.72
  9 7 7 8
   3       8.15        58.68  56.81  91.95  94.44   8.05  94.44   8.05
  8 7 7 8
   3       8.43        60.68  58.89  92.16  95.12   7.84  95.12   7.84
  7 7 7 8
   3       8.70        62.67  60.96  92.37  95.71   7.64  95.71   7.64
  6 7 7 8
   3       8.98        64.67  63.03  92.55  96.23   7.44  96.23   7.44
  5 7 7 8
   3       9.26        66.65  65.09  92.75  96.69   7.25  96.69   7.25
  4 7 7 8
   3       9.53        68.62  67.16  92.93  97.08   7.07  97.08   7.07
  3 7 7 8
   3       9.81        70.60  69.22  93.10  97.43   6.90  97.43   6.90
  2 7 7 8
   3      10.08        72.57  71.28  93.27  97.73   6.73  97.73   6.73
  1 7 7 8
   3      10.35        74.51  73.34  93.46  98.00   6.58  98.00   6.58
  9 6 7 8
   3       8.42        60.63  58.84  92.16  95.05   7.84  95.05   7.84
  8 6 7 8
   3       8.70        62.61  60.90  92.37  95.67   7.64  95.67   7.64
  7 6 7 8
   3       8.97        64.60  62.96  92.56  96.21   7.45  96.21   7.45
  6 6 7 8
   3       9.25        66.58  65.02  92.74  96.68   7.26  96.68   7.26
  5 6 7 8
   3       9.52        68.55  67.08  92.92  97.09   7.08  97.09   7.08
  4 6 7 8
   3       9.80        70.53  69.14  93.09  97.45   6.91  97.45   6.91
  3 6 7 8
   3      10.07        72.50  71.19  93.25  97.76   6.74  97.76   6.74
  2 6 7 8
   3      10.34        74.44  73.24  93.43  98.03   6.58  98.03   6.58
  1 6 7 8
   3      10.61        76.39  75.29  93.60  98.28   6.43  98.28   6.43
  9 5 7 8
   3       8.69        62.57  60.86  92.37  95.58   7.64  95.58   7.64
  8 5 7 8
   3       8.97        64.56  62.92  92.55  96.15   7.45  96.15   7.45
  7 5 7 8
   3       9.24        66.53  64.97  92.74  96.64   7.26  96.64   7.26
  6 5 7 8
   3       9.51        68.50  67.02  92.92  97.07   7.09  97.07   7.09
  5 5 7 8
   3       9.79        70.46  69.07  93.09  97.44   6.91  97.44   6.91
  4 5 7 8
   3      10.06        72.43  71.12  93.24  97.76   6.75  97.76   6.75
  3 5 7 8
   3      10.33        74.37  73.16  93.41  98.05   6.59  98.05   6.59
  2 5 7 8
   3      10.60        76.31  75.20  93.57  98.29   6.44  98.29   6.44
  1 5 7 8
   3      10.87        78.26  77.24  93.73  98.51   6.29  98.51   6.29
  9 4 7 8
   3       8.96        64.51  62.88  92.56  96.05   7.44  96.05   7.44
  8 4 7 8
   3       9.23        66.49  64.93  92.74  96.57   7.26  96.57   7.26
  7 4 7 8
   3       9.51        68.45  66.98  92.91  97.02   7.09  97.02   7.09
  6 4 7 8
   3       9.78        70.41  69.02  93.08  97.41   6.92  97.41   6.92
  5 4 7 8
   3      10.05        72.35  71.06  93.26  97.75   6.75  97.75   6.75
  4 4 7 8
   3      10.32        74.30  73.09  93.42  98.04   6.60  98.04   6.60
  3 4 7 8
   3      10.59        76.24  75.13  93.57  98.29   6.45  98.29   6.45
  2 4 7 8
   3      10.86        78.19  77.16  93.71  98.52   6.30  98.52   6.30
  1 4 7 8
   3      11.13        80.13  79.19  93.85  98.71   6.16  98.71   6.16
  9 3 7 8
   3       9.23        66.46  64.91  92.74  96.47   7.26  96.47   7.26
  8 3 7 8
   3       9.50        68.42  66.95  92.92  96.94   7.08  96.94   7.08
  7 3 7 8
   3       9.77        70.37  68.98  93.08  97.35   6.92  97.35   6.92
  6 3 7 8
   3      10.05        72.35  71.02  93.20  97.70   6.75  97.70   6.75
  5 3 7 8
   3      10.32        74.30  73.04  93.36  98.01   6.60  98.01   6.60
  4 3 7 8
   3      10.58        76.17  75.07  93.59  98.28   6.45  98.28   6.45
  3 3 7 8
   3      10.85        78.11  77.10  93.72  98.51   6.31  98.51   6.31
  2 3 7 8
   3      11.12        80.06  79.12  93.85  98.71   6.16  98.71   6.16
  1 3 7 8
   3      11.38        81.93  81.10  94.00  98.91   6.04  98.91   6.04
  9 2 7 8
   3       9.50        68.39  66.93  92.92  96.83   7.08  96.83   7.08
  8 2 7 8
   3       9.77        70.35  68.96  93.09  97.27   6.91  97.27   6.91
  7 2 7 8
   3      10.04        72.28  70.99  93.26  97.64   6.75  97.64   6.75
  6 2 7 8
   3      10.31        74.23  73.01  93.41  97.97   6.60  97.97   6.60
  5 2 7 8
   3      10.58        76.17  75.03  93.54  98.25   6.45  98.25   6.45
  4 2 7 8
   3      10.85        78.11  77.05  93.67  98.49   6.30  98.49   6.30
  3 2 7 8
   3      11.11        79.99  79.06  93.86  98.70   6.17  98.70   6.17
  2 2 7 8
   3      11.38        81.93  81.04  93.93  98.90   6.04  98.90   6.04
  1 2 7 8
   3      11.63        83.73  82.98  94.11  99.10   5.92  99.10   5.92
  9 1 7 8
   3       9.77        70.33  68.95  93.10  97.16   6.91  97.16   6.91
  8 1 7 8
   3      10.04        72.28  70.97  93.24  97.56   6.75  97.56   6.75
  7 1 7 8
   3      10.31        74.23  72.99  93.38  97.90   6.59  97.90   6.59
  6 1 7 8
   3      10.58        76.17  75.01  93.51  98.20   6.45  98.20   6.45
  5 1 7 8
   3      10.84        78.04  77.02  93.72  98.45   6.31  98.45   6.31
  4 1 7 8
   3      11.11        79.99  79.02  93.82  98.67   6.17  98.67   6.17
  3 1 7 8
   3      11.37        81.86  80.99  93.96  98.88   6.04  98.88   6.04
  2 1 7 8
   3      11.63        83.73  82.93  94.06  99.09   5.92  99.09   5.92
  1 1 7 8
   3      11.88        85.53  84.87  94.23  99.26   5.80  99.26   5.80
  9 9 6 8
   3       7.87        56.67  54.74  91.74  93.66   8.26  93.66   8.26
  8 9 6 8
   3       8.15        58.68  56.83  91.96  94.42   8.04  94.42   8.04
  7 9 6 8
   3       8.43        60.69  58.91  92.17  95.08   7.83  95.08   7.83
  6 9 6 8
   3       8.71        62.69  60.98  92.37  95.66   7.63  95.66   7.63
  5 9 6 8
   3       8.98        64.69  63.06  92.57  96.17   7.43  96.17   7.43
  4 9 6 8
   3       9.26        66.68  65.13  92.75  96.61   7.24  96.61   7.24
  3 9 6 8
   3       9.54        68.67  67.20  92.93  97.00   7.06  97.00   7.06
  2 9 6 8
   3       9.81        70.65  69.27  93.11  97.35   6.89  97.35   6.89
  1 9 6 8
   3      10.09        72.64  71.34  93.26  97.65   6.72  97.65   6.72
  9 8 6 8
   3       8.14        58.62  56.76  91.95  94.38   8.05  94.38   8.05
  8 8 6 8
   3       8.42        60.62  58.83  92.16  95.07   7.84  95.07   7.84
  7 8 6 8
   3       8.70        62.62  60.90  92.36  95.67   7.64  95.67   7.64
  6 8 6 8
   3       8.97        64.61  62.97  92.56  96.19   7.44  96.19   7.44
  5 8 6 8
   3       9.25        66.59  65.04  92.74  96.65   7.26  96.65   7.26
  4 8 6 8
   3       9.52        68.57  67.10  92.92  97.05   7.08  97.05   7.08
  3 8 6 8
   3       9.80        70.55  69.16  93.10  97.40   6.90  97.40   6.90
  2 8 6 8
   3      10.07        72.50  71.22  93.29  97.71   6.74  97.71   6.74
  1 8 6 8
   3      10.35        74.51  73.28  93.39  97.98   6.57  97.98   6.57
  9 7 6 8
   3       8.41        60.56  58.77  92.16  95.02   7.85  95.02   7.85
  8 7 6 8
   3       8.69        62.56  60.84  92.36  95.65   7.64  95.65   7.64
  7 7 6 8
   3       8.97        64.54  62.90  92.55  96.19   7.45  96.19   7.45
  6 7 6 8
   3       9.24        66.52  64.96  92.73  96.66   7.27  96.66   7.27
  5 7 6 8
   3       9.51        68.50  67.02  92.91  97.07   7.09  97.07   7.09
  4 7 6 8
   3       9.79        70.47  69.07  93.08  97.43   6.91  97.43   6.91
  3 7 6 8
   3      10.06        72.43  71.13  93.26  97.75   6.75  97.75   6.75
  2 7 6 8
   3      10.33        74.37  73.18  93.44  98.02   6.59  98.02   6.59
  1 7 6 8
   3      10.60        76.31  75.23  93.61  98.27   6.44  98.27   6.44
  9 6 6 8
   3       8.68        62.51  60.79  92.35  95.58   7.65  95.58   7.65
  8 6 6 8
   3       8.96        64.49  62.85  92.55  96.15   7.45  96.15   7.45
  7 6 6 8
   3       9.23        66.47  64.90  92.73  96.64   7.27  96.64   7.27
  6 6 6 8
   3       9.51        68.43  66.95  92.91  97.07   7.09  97.07   7.09
  5 6 6 8
   3       9.78        70.40  69.00  93.08  97.44   6.92  97.44   6.92
  4 6 6 8
   3      10.05        72.35  71.04  93.24  97.76   6.76  97.76   6.76
  3 6 6 8
   3      10.32        74.30  73.09  93.41  98.05   6.60  98.05   6.60
  2 6 6 8
   3      10.59        76.24  75.13  93.57  98.29   6.45  98.29   6.45
  1 6 6 8
   3      10.86        78.19  77.16  93.72  98.51   6.30  98.51   6.30
  9 5 6 8
   3       8.95        64.44  62.81  92.55  96.07   7.45  96.07   7.45
  8 5 6 8
   3       9.23        66.41  64.85  92.73  96.59   7.27  96.59   7.27
  7 5 6 8
   3       9.50        68.38  66.90  92.90  97.03   7.10  97.03   7.10
  6 5 6 8
   3       9.77        70.34  68.94  93.07  97.42   6.93  97.42   6.93
  5 5 6 8
   3      10.04        72.28  70.98  93.25  97.76   6.76  97.76   6.76
  4 5 6 8
   3      10.31        74.23  73.01  93.41  98.05   6.60  98.05   6.60
  3 5 6 8
   3      10.58        76.17  75.05  93.56  98.30   6.45  98.30   6.45
  2 5 6 8
   3      10.85        78.11  77.08  93.71  98.53   6.31  98.53   6.31
  1 5 6 8
   3      11.12        80.06  79.11  93.83  98.72   6.17  98.72   6.17
  9 4 6 8
   3       9.22        66.38  64.82  92.73  96.50   7.27  96.50   7.27
  8 4 6 8
   3       9.49        68.34  66.86  92.91  96.97   7.10  96.97   7.10
  7 4 6 8
   3       9.76        70.29  68.89  93.08  97.38   6.93  97.38   6.93
  6 4 6 8
   3      10.03        72.21  70.93  93.27  97.73   6.77  97.73   6.77
  5 4 6 8
   3      10.30        74.15  72.96  93.43  98.03   6.61  98.03   6.61
  4 4 6 8
   3      10.57        76.10  74.98  93.57  98.30   6.46  98.30   6.46
  3 4 6 8
   3      10.84        78.04  77.01  93.70  98.53   6.31  98.53   6.31
  2 4 6 8
   3      11.11        79.99  79.03  93.83  98.73   6.17  98.73   6.17
  1 4 6 8
   3      11.37        81.86  81.01  93.98  98.92   6.04  98.92   6.04
  9 3 6 8
   3       9.49        68.31  66.83  92.91  96.88   7.09  96.88   7.09
  8 3 6 8
   3       9.76        70.26  68.86  93.07  97.31   6.92  97.31   6.92
  7 3 6 8
   3      10.03        72.21  70.89  93.23  97.68   6.76  97.68   6.76
  6 3 6 8
   3      10.30        74.15  72.91  93.37  98.00   6.61  98.00   6.61
  5 3 6 8
   3      10.57        76.10  74.93  93.51  98.28   6.46  98.28   6.46
  4 3 6 8
   3      10.83        77.97  76.95  93.72  98.51   6.32  98.51   6.32
  3 3 6 8
   3      11.10        79.91  78.97  93.84  98.72   6.18  98.72   6.18
  2 3 6 8
   3      11.36        81.79  80.94  93.98  98.92   6.05  98.92   6.05
  1 3 6 8
   3      11.62        83.66  82.89  94.09  99.11   5.92  99.11   5.92
  9 2 6 8
   3       9.76        70.24  68.85  93.08  97.22   6.92  97.22   6.92
  8 2 6 8
   3      10.03        72.21  70.87  93.19  97.61   6.76  97.61   6.76
  7 2 6 8
   3      10.29        74.08  72.89  93.43  97.95   6.61  97.95   6.61
  6 2 6 8
   3      10.56        76.03  74.90  93.55  98.23   6.46  98.23   6.46
  5 2 6 8
   3      10.83        77.97  76.91  93.67  98.49   6.32  98.49   6.32
  4 2 6 8
   3      11.10        79.91  78.92  93.78  98.70   6.18  98.70   6.18
  3 2 6 8
   3      11.36        81.79  80.89  93.93  98.91   6.05  98.91   6.05
  2 2 6 8
   3      11.61        83.59  82.83  94.10  99.11   5.93  99.11   5.93
  1 2 6 8
   3      11.87        85.46  84.77  94.20  99.28   5.81  99.28   5.81
  9 1 6 8
   3      10.02        72.14  70.86  93.27  97.51   6.76  97.51   6.76
  8 1 6 8
   3      10.29        74.08  72.87  93.41  97.87   6.61  97.87   6.61
  7 1 6 8
   3      10.56        76.03  74.88  93.53  98.18   6.46  98.18   6.46
  6 1 6 8
   3      10.83        77.97  76.88  93.64  98.44   6.31  98.44   6.31
  5 1 6 8
   3      11.09        79.84  78.89  93.82  98.67   6.18  98.67   6.18
  4 1 6 8
   3      11.35        81.71  80.86  93.96  98.89   6.05  98.89   6.05
  3 1 6 8
   3      11.61        83.59  82.78  94.05  99.09   5.93  99.09   5.93
  2 1 6 8
   3      11.86        85.39  84.72  94.22  99.27   5.81  99.27   5.81
  1 1 6 8
   3      12.12        87.26  86.64  94.29  99.42   5.70  99.42   5.70
  9 9 5 8
   3       8.14        58.57  56.72  91.96  94.27   8.05  94.27   8.05
  8 9 5 8
   3       8.41        60.58  58.80  92.16  94.97   7.84  94.97   7.84
  7 9 5 8
   3       8.69        62.58  60.87  92.37  95.58   7.64  95.58   7.64
  6 9 5 8
   3       8.97        64.57  62.94  92.55  96.12   7.44  96.12   7.44
  5 9 5 8
   3       9.24        66.55  65.00  92.75  96.58   7.26  96.58   7.26
  4 9 5 8
   3       9.52        68.54  67.07  92.92  96.99   7.08  96.99   7.08
  3 9 5 8
   3       9.79        70.51  69.13  93.10  97.35   6.90  97.35   6.90
  2 9 5 8
   3      10.07        72.50  71.19  93.24  97.67   6.74  97.67   6.74
  1 9 5 8
   3      10.34        74.44  73.25  93.43  97.94   6.58  97.94   6.58
  9 8 5 8
   3       8.41        60.52  58.73  92.16  94.94   7.84  94.94   7.84
  8 8 5 8
   3       8.68        62.51  60.80  92.35  95.58   7.64  95.58   7.64
  7 8 5 8
   3       8.96        64.50  62.86  92.54  96.13   7.45  96.13   7.45
  6 8 5 8
   3       9.23        66.48  64.92  92.73  96.61   7.27  96.61   7.27
  5 8 5 8
   3       9.51        68.45  66.97  92.91  97.03   7.09  97.03   7.09
  4 8 5 8
   3       9.78        70.42  69.03  93.09  97.39   6.92  97.39   6.92
  3 8 5 8
   3      10.05        72.35  71.08  93.29  97.71   6.75  97.71   6.75
  2 8 5 8
   3      10.33        74.37  73.13  93.38  97.99   6.59  97.99   6.59
  1 8 5 8
   3      10.60        76.31  75.18  93.55  98.24   6.44  98.24   6.44
  9 7 5 8
   3       8.68        62.46  60.74  92.35  95.53   7.65  95.53   7.65
  8 7 5 8
   3       8.95        64.43  62.79  92.54  96.11   7.46  96.11   7.46
  7 7 5 8
   3       9.22        66.41  64.85  92.73  96.60   7.27  96.60   7.27
  6 7 5 8
   3       9.50        68.38  66.90  92.90  97.04   7.10  97.04   7.10
  5 7 5 8
   3       9.77        70.35  68.95  93.07  97.41   6.92  97.41   6.92
  4 7 5 8
   3      10.04        72.28  70.99  93.26  97.74   6.76  97.74   6.76
  3 7 5 8
   3      10.31        74.23  73.03  93.44  98.03   6.60  98.03   6.60
  2 7 5 8
   3      10.59        76.24  75.08  93.51  98.28   6.45  98.28   6.45
  1 7 5 8
   3      10.86        78.19  77.11  93.66  98.50   6.30  98.50   6.30
  9 6 5 8
   3       8.94        64.38  62.74  92.54  96.05   7.46  96.05   7.46
  8 6 5 8
   3       9.22        66.36  64.79  92.72  96.57   7.28  96.57   7.28
  7 6 5 8
   3       9.49        68.32  66.84  92.90  97.02   7.10  97.02   7.10
  6 6 5 8
   3       9.76        70.28  68.88  93.07  97.41   6.93  97.41   6.93
  5 6 5 8
   3      10.03        72.21  70.92  93.26  97.74   6.77  97.74   6.77
  4 6 5 8
   3      10.30        74.15  72.95  93.42  98.04   6.61  98.04   6.61
  3 6 5 8
   3      10.57        76.10  74.99  93.57  98.30   6.46  98.30   6.46
  2 6 5 8
   3      10.84        78.04  77.02  93.72  98.52   6.31  98.52   6.31
  1 6 5 8
   3      11.11        79.99  79.04  93.84  98.71   6.17  98.71   6.17
  9 5 5 8
   3       9.21        66.31  64.75  92.72  96.50   7.28  96.50   7.28
  8 5 5 8
   3       9.48        68.27  66.79  92.90  96.97   7.10  96.97   7.10
  7 5 5 8
   3       9.75        70.22  68.83  93.07  97.38   6.93  97.38   6.93
  6 5 5 8
   3      10.02        72.14  70.86  93.28  97.73   6.77  97.73   6.77
  5 5 5 8
   3      10.29        74.08  72.89  93.43  98.03   6.62  98.03   6.62
  4 5 5 8
   3      10.56        76.03  74.91  93.57  98.30   6.46  98.30   6.46
  3 5 5 8
   3      10.83        77.97  76.94  93.70  98.53   6.32  98.53   6.32
  2 5 5 8
   3      11.10        79.91  78.96  93.83  98.73   6.18  98.73   6.18
  1 5 5 8
   3      11.36        81.79  80.95  93.99  98.92   6.05  98.92   6.05
  9 4 5 8
   3       9.48        68.24  66.76  92.90  96.89   7.10  96.89   7.10
  8 4 5 8
   3       9.75        70.19  68.79  93.06  97.32   6.93  97.32   6.93
  7 4 5 8
   3      10.02        72.14  70.81  93.22  97.69   6.77  97.69   6.77
  6 4 5 8
   3      10.29        74.08  72.84  93.36  98.01   6.61  98.01   6.61
  5 4 5 8
   3      10.56        76.03  74.86  93.50  98.28   6.46  98.28   6.46
  4 4 5 8
   3      10.82        77.90  76.88  93.72  98.52   6.32  98.52   6.32
  3 4 5 8
   3      11.09        79.84  78.89  93.83  98.73   6.18  98.73   6.18
  2 4 5 8
   3      11.35        81.71  80.86  93.97  98.93   6.05  98.93   6.05
  1 4 5 8
   3      11.61        83.59  82.81  94.08  99.12   5.93  99.12   5.93
  9 3 5 8
   3       9.74        70.16  68.76  93.07  97.24   6.93  97.24   6.93
  8 3 5 8
   3      10.01        72.07  70.78  93.27  97.63   6.77  97.63   6.77
  7 3 5 8
   3      10.28        74.01  72.80  93.41  97.97   6.62  97.97   6.62
  6 3 5 8
   3      10.55        75.95  74.82  93.54  98.25   6.47  98.25   6.47
  5 3 5 8
   3      10.82        77.90  76.82  93.65  98.50   6.32  98.50   6.32
  4 3 5 8
   3      11.08        79.77  78.83  93.84  98.72   6.19  98.72   6.19
  3 3 5 8
   3      11.35        81.71  80.81  93.91  98.92   6.05  98.92   6.05
  2 3 5 8
   3      11.60        83.51  82.74  94.09  99.12   5.93  99.12   5.93
  1 3 5 8
   3      11.86        85.39  84.68  94.17  99.29   5.81  99.29   5.81
  9 2 5 8
   3      10.01        72.07  70.76  93.24  97.55   6.77  97.55   6.77
  8 2 5 8
   3      10.28        74.01  72.78  93.38  97.90   6.61  97.90   6.61
  7 2 5 8
   3      10.55        75.95  74.79  93.50  98.21   6.46  98.21   6.46
  6 2 5 8
   3      10.81        77.83  76.79  93.70  98.47   6.33  98.47   6.33
  5 2 5 8
   3      11.08        79.77  78.79  93.80  98.69   6.19  98.69   6.19
  4 2 5 8
   3      11.34        81.64  80.77  93.94  98.90   6.06  98.90   6.06
  3 2 5 8
   3      11.60        83.51  82.69  94.03  99.11   5.93  99.11   5.93
  2 2 5 8
   3      11.85        85.31  84.62  94.19  99.28   5.82  99.28   5.82
  1 2 5 8
   3      12.11        87.19  86.55  94.27  99.43   5.70  99.43   5.70
  9 1 5 8
   3      10.28        74.01  72.77  93.36  97.82   6.61  97.82   6.61
  8 1 5 8
   3      10.54        75.88  74.77  93.57  98.14   6.47  98.14   6.47
  7 1 5 8
   3      10.81        77.83  76.77  93.67  98.42   6.32  98.42   6.32
  6 1 5 8
   3      11.07        79.70  78.77  93.86  98.66   6.19  98.66   6.19
  5 1 5 8
   3      11.34        81.64  80.74  93.91  98.88   6.06  98.88   6.06
  4 1 5 8
   3      11.59        83.44  82.65  94.06  99.09   5.94  99.09   5.94
  3 1 5 8
   3      11.85        85.31  84.58  94.14  99.27   5.82  99.27   5.82
  2 1 5 8
   3      12.10        87.11  86.50  94.29  99.42   5.71  99.42   5.71
  1 1 5 8
   3      12.35        88.91  88.42  94.43  99.56   5.60  99.56   5.60
  9 9 4 8
   3       8.40        60.48  58.70  92.17  94.82   7.84  94.82   7.84
  8 9 4 8
   3       8.68        62.48  60.77  92.36  95.46   7.64  95.46   7.64
  7 9 4 8
   3       8.95        64.46  62.83  92.55  96.03   7.45  96.03   7.45
  6 9 4 8
   3       9.23        66.44  64.89  92.74  96.52   7.26  96.52   7.26
  5 9 4 8
   3       9.50        68.42  66.95  92.91  96.95   7.08  96.95   7.08
  4 9 4 8
   3       9.78        70.39  69.00  93.09  97.32   6.91  97.32   6.91
  3 9 4 8
   3      10.05        72.35  71.05  93.25  97.65   6.75  97.65   6.75
  2 9 4 8
   3      10.32        74.30  73.10  93.43  97.94   6.59  97.94   6.59
  1 9 4 8
   3      10.59        76.24  75.15  93.60  98.20   6.44  98.20   6.44
  9 8 4 8
   3       8.67        62.42  60.70  92.35  95.44   7.64  95.44   7.64
  8 8 4 8
   3       8.94        64.40  62.76  92.54  96.02   7.46  96.02   7.46
  7 8 4 8
   3       9.22        66.37  64.81  92.73  96.53   7.27  96.53   7.27
  6 8 4 8
   3       9.49        68.34  66.86  92.90  96.97   7.09  96.97   7.09
  5 8 4 8
   3       9.77        70.31  68.91  93.07  97.35   6.92  97.35   6.92
  4 8 4 8
   3      10.04        72.28  70.96  93.22  97.69   6.76  97.69   6.76
  3 8 4 8
   3      10.31        74.23  73.00  93.39  97.98   6.60  97.98   6.60
  2 8 4 8
   3      10.58        76.17  75.04  93.55  98.24   6.45  98.24   6.45
  1 8 4 8
   3      10.85        78.11  77.08  93.71  98.47   6.30  98.47   6.30
  9 7 4 8
   3       8.94        64.34  62.70  92.54  95.98   7.46  95.98   7.46
  8 7 4 8
   3       9.21        66.31  64.75  92.72  96.51   7.28  96.51   7.28
  7 7 4 8
   3       9.48        68.28  66.79  92.89  96.96   7.10  96.96   7.10
  6 7 4 8
   3       9.76        70.24  68.84  93.06  97.36   6.93  97.36   6.93
  5 7 4 8
   3      10.03        72.21  70.87  93.20  97.71   6.77  97.71   6.77
  4 7 4 8
   3      10.30        74.15  72.91  93.37  98.01   6.61  98.01   6.61
  3 7 4 8
   3      10.57        76.10  74.94  93.52  98.27   6.46  98.27   6.46
  2 7 4 8
   3      10.84        78.04  76.97  93.66  98.50   6.31  98.50   6.31
  1 7 4 8
   3      11.11        79.99  79.01  93.80  98.69   6.17  98.69   6.17
  9 6 4 8
   3       9.20        66.26  64.70  92.72  96.45   7.28  96.45   7.28
  8 6 4 8
   3       9.48        68.22  66.74  92.90  96.93   7.10  96.93   7.10
  7 6 4 8
   3       9.75        70.17  68.77  93.07  97.34   6.94  97.34   6.94
  6 6 4 8
   3      10.02        72.14  70.81  93.21  97.70   6.77  97.70   6.77
  5 6 4 8
   3      10.29        74.08  72.84  93.36  98.01   6.61  98.01   6.61
  4 6 4 8
   3      10.56        76.03  74.86  93.51  98.28   6.46  98.28   6.46
  3 6 4 8
   3      10.83        77.97  76.88  93.64  98.51   6.32  98.51   6.32
  2 6 4 8
   3      11.09        79.84  78.91  93.85  98.71   6.18  98.71   6.18
  1 6 4 8
   3      11.36        81.79  80.89  93.93  98.91   6.05  98.91   6.05
  9 5 4 8
   3       9.47        68.18  66.70  92.90  96.87   7.10  96.87   7.10
  8 5 4 8
   3       9.74        70.13  68.73  93.06  97.30   6.94  97.30   6.94
  7 5 4 8
   3      10.01        72.07  70.75  93.23  97.67   6.78  97.67   6.78
  6 5 4 8
   3      10.28        74.01  72.78  93.38  98.00   6.62  98.00   6.62
  5 5 4 8
   3      10.55        75.95  74.80  93.51  98.27   6.47  98.27   6.47
  4 5 4 8
   3      10.82        77.90  76.82  93.64  98.51   6.32  98.51   6.32
  3 5 4 8
   3      11.08        79.77  78.83  93.84  98.72   6.19  98.72   6.19
  2 5 4 8
   3      11.35        81.71  80.81  93.91  98.92   6.05  98.92   6.05
  1 5 4 8
   3      11.60        83.51  82.75  94.09  99.11   5.93  99.11   5.93
  9 4 4 8
   3       9.74        70.09  68.69  93.06  97.23   6.94  97.23   6.94
  8 4 4 8
   3      10.01        72.07  70.71  93.18  97.63   6.77  97.63   6.77
  7 4 4 8
   3      10.27        73.94  72.73  93.41  97.96   6.62  97.96   6.62
  6 4 4 8
   3      10.54        75.88  74.75  93.54  98.25   6.47  98.25   6.47
  5 4 4 8
   3      10.81        77.83  76.76  93.65  98.50   6.33  98.50   6.33
  4 4 4 8
   3      11.07        79.70  78.76  93.85  98.72   6.19  98.72   6.19
  3 4 4 8
   3      11.34        81.64  80.74  93.92  98.92   6.06  98.92   6.06
  2 4 4 8
   3      11.59        83.44  82.68  94.09  99.12   5.94  99.12   5.94
  1 4 4 8
   3      11.85        85.31  84.62  94.19  99.29   5.82  99.29   5.82
  9 3 4 8
   3      10.00        71.99  70.69  93.24  97.55   6.78  97.55   6.78
  8 3 4 8
   3      10.27        73.94  72.70  93.37  97.91   6.62  97.91   6.62
  7 3 4 8
   3      10.54        75.88  74.71  93.49  98.21   6.47  98.21   6.47
  6 3 4 8
   3      10.80        77.75  76.72  93.69  98.47   6.33  98.47   6.33
  5 3 4 8
   3      11.07        79.70  78.72  93.79  98.70   6.19  98.70   6.19
  4 3 4 8
   3      11.33        81.57  80.69  93.94  98.91   6.06  98.91   6.06
  3 3 4 8
   3      11.59        83.44  82.62  94.03  99.11   5.94  99.11   5.94
  2 3 4 8
   3      11.84        85.24  84.55  94.19  99.29   5.82  99.29   5.82
  1 3 4 8
   3      12.10        87.11  86.47  94.26  99.44   5.71  99.44   5.71
  9 2 4 8
   3      10.27        73.94  72.68  93.35  97.83   6.62  97.83   6.62
  8 2 4 8
   3      10.53        75.81  74.69  93.55  98.16   6.47  98.16   6.47
  7 2 4 8
   3      10.80        77.75  76.69  93.66  98.43   6.33  98.43   6.33
  6 2 4 8
   3      11.06        79.63  78.68  93.83  98.67   6.20  98.67   6.20
  5 2 4 8
   3      11.32        81.50  80.65  93.98  98.89   6.07  98.89   6.07
  4 2 4 8
   3      11.58        83.37  82.58  94.06  99.10   5.94  99.10   5.94
  3 2 4 8
   3      11.83        85.17  84.50  94.21  99.28   5.83  99.28   5.83
  2 2 4 8
   3      12.09        87.04  86.41  94.28  99.43   5.71  99.43   5.71
  1 2 4 8
   3      12.34        88.84  88.33  94.42  99.56   5.60  99.56   5.60
  9 1 4 8
   3      10.53        75.81  74.67  93.54  98.08   6.47  98.08   6.47
  8 1 4 8
   3      10.80        77.75  76.67  93.64  98.38   6.33  98.38   6.33
  7 1 4 8
   3      11.06        79.63  78.67  93.82  98.62   6.19  98.62   6.19
  6 1 4 8
   3      11.32        81.50  80.62  93.94  98.85   6.06  98.85   6.06
  5 1 4 8
   3      11.58        83.37  82.55  94.02  99.07   5.94  99.07   5.94
  4 1 4 8
   3      11.83        85.17  84.46  94.17  99.26   5.83  99.26   5.83
  3 1 4 8
   3      12.08        86.97  86.38  94.31  99.42   5.72  99.42   5.72
  2 1 4 8
   3      12.34        88.84  88.29  94.37  99.56   5.60  99.56   5.60
  1 1 4 8
   3      12.59        90.64  90.19  94.49  99.67   5.50  99.67   5.50
  9 9 3 8
   3       8.67        62.39  60.68  92.36  95.30   7.64  95.30   7.64
  8 9 3 8
   3       8.94        64.38  62.74  92.55  95.90   7.45  95.90   7.45
  7 9 3 8
   3       9.22        66.35  64.79  92.73  96.42   7.27  96.42   7.27
  6 9 3 8
   3       9.49        68.32  66.84  92.91  96.87   7.09  96.87   7.09
  5 9 3 8
   3       9.76        70.28  68.89  93.08  97.27   6.92  97.27   6.92
  4 9 3 8
   3      10.03        72.21  70.94  93.29  97.62   6.76  97.62   6.76
  3 9 3 8
   3      10.31        74.23  72.98  93.37  97.92   6.60  97.92   6.60
  2 9 3 8
   3      10.58        76.17  75.02  93.53  98.18   6.44  98.18   6.44
  1 9 3 8
   3      10.85        78.11  77.06  93.68  98.41   6.30  98.41   6.30
  9 8 3 8
   3       8.93        64.31  62.68  92.54  95.87   7.45  95.87   7.45
  8 8 3 8
   3       9.21        66.29  64.72  92.72  96.41   7.27  96.41   7.27
  7 8 3 8
   3       9.48        68.25  66.77  92.90  96.88   7.10  96.88   7.10
  6 8 3 8
   3       9.75        70.21  68.81  93.07  97.29   6.93  97.29   6.93
  5 8 3 8
   3      10.02        72.14  70.85  93.26  97.64   6.77  97.64   6.77
  4 8 3 8
   3      10.29        74.08  72.88  93.42  97.95   6.61  97.95   6.61
  3 8 3 8
   3      10.56        76.03  74.92  93.58  98.22   6.46  98.22   6.46
  2 8 3 8
   3      10.83        77.97  76.95  93.72  98.45   6.31  98.45   6.31
  1 8 3 8
   3      11.10        79.91  78.98  93.85  98.66   6.17  98.66   6.17
  9 7 3 8
   3       9.20        66.23  64.67  92.72  96.38   7.28  96.38   7.28
  8 7 3 8
   3       9.47        68.19  66.71  92.90  96.86   7.10  96.86   7.10
  7 7 3 8
   3       9.74        70.14  68.74  93.06  97.28   6.93  97.28   6.93
  6 7 3 8
   3      10.01        72.07  70.77  93.26  97.65   6.77  97.65   6.77
  5 7 3 8
   3      10.28        74.01  72.80  93.41  97.97   6.62  97.97   6.62
  4 7 3 8
   3      10.55        75.95  74.83  93.55  98.24   6.47  98.24   6.47
  3 7 3 8
   3      10.82        77.90  76.85  93.69  98.48   6.32  98.48   6.32
  2 7 3 8
   3      11.09        79.84  78.88  93.81  98.69   6.18  98.69   6.18
  1 7 3 8
   3      11.35        81.71  80.86  93.97  98.89   6.05  98.89   6.05
  9 6 3 8
   3       9.46        68.14  66.66  92.90  96.81   7.10  96.81   7.10
  8 6 3 8
   3       9.73        70.09  68.69  93.06  97.25   6.94  97.25   6.94
  7 6 3 8
   3      10.01        72.07  70.71  93.18  97.63   6.77  97.63   6.77
  6 6 3 8
   3      10.27        73.94  72.74  93.42  97.96   6.62  97.96   6.62
  5 6 3 8
   3      10.54        75.88  74.76  93.55  98.24   6.47  98.24   6.47
  4 6 3 8
   3      10.81        77.83  76.77  93.67  98.49   6.33  98.49   6.33
  3 6 3 8
   3      11.08        79.77  78.79  93.79  98.70   6.19  98.70   6.19
  2 6 3 8
   3      11.34        81.64  80.77  93.94  98.90   6.06  98.90   6.06
  1 6 3 8
   3      11.60        83.51  82.71  94.05  99.10   5.93  99.10   5.93
  9 5 3 8
   3       9.73        70.04  68.64  93.06  97.20   6.94  97.20   6.94
  8 5 3 8
   3      10.00        71.98  70.66  93.23  97.59   6.78  97.59   6.78
  7 5 3 8
   3      10.27        73.94  72.68  93.35  97.94   6.62  97.94   6.62
  6 5 3 8
   3      10.53        75.81  74.70  93.57  98.23   6.48  98.23   6.48
  5 5 3 8
   3      10.80        77.75  76.71  93.69  98.48   6.33  98.48   6.33
  4 5 3 8
   3      11.07        79.70  78.72  93.79  98.70   6.19  98.70   6.19
  3 5 3 8
   3      11.33        81.57  80.69  93.94  98.91   6.06  98.91   6.06
  2 5 3 8
   3      11.59        83.44  82.63  94.04  99.11   5.94  99.11   5.94
  1 5 3 8
   3      11.84        85.24  84.56  94.21  99.28   5.82  99.28   5.82
  9 4 3 8
   3       9.99        71.94  70.63  93.23  97.53   6.78  97.53   6.78
  8 4 3 8
   3      10.26        73.87  72.64  93.39  97.89   6.63  97.89   6.63
  7 4 3 8
   3      10.53        75.81  74.65  93.51  98.20   6.48  98.20   6.48
  6 4 3 8
   3      10.79        77.68  76.66  93.71  98.46   6.34  98.46   6.34
  5 4 3 8
   3      11.06        79.63  78.66  93.81  98.69   6.20  98.69   6.20
  4 4 3 8
   3      11.32        81.50  80.63  93.95  98.90   6.07  98.90   6.07
  3 4 3 8
   3      11.58        83.37  82.56  94.04  99.10   5.94  99.10   5.94
  2 4 3 8
   3      11.83        85.17  84.49  94.20  99.28   5.83  99.28   5.83
  1 4 3 8
   3      12.09        87.04  86.42  94.28  99.43   5.71  99.43   5.71
  9 3 3 8
   3      10.26        73.87  72.61  93.35  97.83   6.62  97.83   6.62
  8 3 3 8
   3      10.52        75.74  74.62  93.56  98.15   6.48  98.15   6.48
  7 3 3 8
   3      10.79        77.68  76.62  93.66  98.43   6.34  98.43   6.34
  6 3 3 8
   3      11.05        79.55  78.61  93.84  98.67   6.20  98.67   6.20
  5 3 3 8
   3      11.32        81.50  80.58  93.90  98.88   6.07  98.88   6.07
  4 3 3 8
   3      11.57        83.30  82.51  94.06  99.09   5.95  99.09   5.95
  3 3 3 8
   3      11.83        85.17  84.44  94.14  99.28   5.83  99.28   5.83
  2 3 3 8
   3      12.08        86.97  86.35  94.29  99.43   5.72  99.43   5.72
  1 3 3 8
   3      12.33        88.77  88.27  94.43  99.56   5.61  99.56   5.61
  9 2 3 8
   3      10.52        75.74  74.60  93.53  98.09   6.48  98.09   6.48
  8 2 3 8
   3      10.79        77.68  76.60  93.63  98.38   6.33  98.38   6.33
  7 2 3 8
   3      11.05        79.55  78.59  93.81  98.63   6.20  98.63   6.20
  6 2 3 8
   3      11.31        81.43  80.55  93.94  98.86   6.07  98.86   6.07
  5 2 3 8
   3      11.57        83.30  82.47  94.02  99.08   5.95  99.08   5.95
  4 2 3 8
   3      11.82        85.10  84.39  94.17  99.26   5.83  99.26   5.83
  3 2 3 8
   3      12.07        86.90  86.30  94.31  99.42   5.72  99.42   5.72
  2 2 3 8
   3      12.33        88.77  88.21  94.36  99.56   5.61  99.56   5.61
  1 2 3 8
   3      12.58        90.57  90.12  94.49  99.67   5.50  99.67   5.50
  9 1 3 8
   3      10.78        77.61  76.58  93.70  98.31   6.33  98.31   6.33
  8 1 3 8
   3      11.05        79.55  78.57  93.78  98.58   6.20  98.58   6.20
  7 1 3 8
   3      11.31        81.43  80.53  93.92  98.82   6.07  98.82   6.07
  6 1 3 8
   3      11.56        83.23  82.45  94.07  99.05   5.95  99.05   5.95
  5 1 3 8
   3      11.82        85.10  84.36  94.14  99.24   5.83  99.24   5.83
  4 1 3 8
   3      12.07        86.90  86.26  94.27  99.41   5.72  99.41   5.72
  3 1 3 8
   3      12.32        88.70  88.17  94.39  99.55   5.61  99.55   5.61
  2 1 3 8
   3      12.57        90.50  90.07  94.51  99.67   5.51  99.67   5.51
  1 1 3 8
   3      12.82        92.30  91.97  94.63  99.76   5.40  99.76   5.40
  9 9 2 8
   3       8.93        64.29  62.67  92.56  95.72   7.44  95.72   7.44
  8 9 2 8
   3       9.20        66.26  64.71  92.74  96.28   7.26  96.28   7.26
  7 9 2 8
   3       9.48        68.24  66.76  92.90  96.76   7.09  96.76   7.09
  6 9 2 8
   3       9.75        70.19  68.80  93.07  97.19   6.92  97.19   6.92
  5 9 2 8
   3      10.02        72.14  70.84  93.25  97.55   6.76  97.55   6.76
  4 9 2 8
   3      10.29        74.08  72.87  93.41  97.87   6.61  97.87   6.61
  3 9 2 8
   3      10.56        76.03  74.91  93.56  98.15   6.46  98.15   6.46
  2 9 2 8
   3      10.83        77.97  76.94  93.70  98.39   6.31  98.39   6.31
  1 9 2 8
   3      11.10        79.91  78.97  93.84  98.61   6.17  98.61   6.17
  9 8 2 8
   3       9.20        66.21  64.65  92.73  96.26   7.27  96.26   7.27
  8 8 2 8
   3       9.47        68.16  66.69  92.90  96.76   7.10  96.76   7.10
  7 8 2 8
   3       9.74        70.12  68.72  93.07  97.19   6.93  97.19   6.93
  6 8 2 8
   3      10.01        72.07  70.76  93.23  97.57   6.77  97.57   6.77
  5 8 2 8
   3      10.28        74.01  72.79  93.39  97.89   6.61  97.89   6.61
  4 8 2 8
   3      10.55        75.95  74.81  93.53  98.18   6.46  98.18   6.46
  3 8 2 8
   3      10.82        77.90  76.84  93.67  98.42   6.32  98.42   6.32
  2 8 2 8
   3      11.09        79.84  78.86  93.79  98.64   6.18  98.64   6.18
  1 8 2 8
   3      11.35        81.71  80.84  93.95  98.85   6.05  98.85   6.05
  9 7 2 8
   3       9.46        68.11  66.63  92.90  96.72   7.10  96.72   7.10
  8 7 2 8
   3       9.73        70.06  68.66  93.07  97.17   6.94  97.17   6.94
  7 7 2 8
   3      10.00        71.99  70.69  93.24  97.56   6.78  97.56   6.78
  6 7 2 8
   3      10.27        73.94  72.71  93.38  97.90   6.62  97.90   6.62
  5 7 2 8
   3      10.54        75.88  74.73  93.52  98.19   6.47  98.19   6.47
  4 7 2 8
   3      10.81        77.83  76.75  93.64  98.44   6.32  98.44   6.32
  3 7 2 8
   3      11.07        79.70  78.76  93.85  98.66   6.19  98.66   6.19
  2 7 2 8
   3      11.34        81.64  80.74  93.92  98.87   6.06  98.87   6.06
  1 7 2 8
   3      11.59        83.44  82.69  94.11  99.07   5.94  99.07   5.94
  9 6 2 8
   3       9.72        70.01  68.61  93.07  97.13   6.94  97.13   6.94
  8 6 2 8
   3       9.99        71.95  70.63  93.22  97.54   6.78  97.54   6.78
  7 6 2 8
   3      10.26        73.87  72.65  93.40  97.88   6.63  97.88   6.63
  6 6 2 8
   3      10.53        75.81  74.66  93.53  98.19   6.48  98.19   6.48
  5 6 2 8
   3      10.80        77.75  76.67  93.64  98.44   6.33  98.44   6.33
  4 6 2 8
   3      11.06        79.63  78.68  93.83  98.67   6.20  98.67   6.20
  3 6 2 8
   3      11.33        81.57  80.66  93.90  98.88   6.06  98.88   6.06
  2 6 2 8
   3      11.58        83.37  82.60  94.08  99.08   5.94  99.08   5.94
  1 6 2 8
   3      11.84        85.24  84.53  94.17  99.26   5.82  99.26   5.82
  9 5 2 8
   3       9.99        71.91  70.59  93.22  97.49   6.78  97.49   6.78
  8 5 2 8
   3      10.26        73.87  72.60  93.34  97.85   6.62  97.85   6.62
  7 5 2 8
   3      10.52        75.74  74.61  93.55  98.16   6.48  98.16   6.48
  6 5 2 8
   3      10.79        77.68  76.62  93.66  98.43   6.34  98.43   6.34
  5 5 2 8
   3      11.05        79.55  78.62  93.85  98.66   6.20  98.66   6.20
  4 5 2 8
   3      11.32        81.50  80.59  93.90  98.88   6.07  98.88   6.07
  3 5 2 8
   3      11.57        83.30  82.52  94.08  99.09   5.95  99.09   5.95
  2 5 2 8
   3      11.83        85.17  84.45  94.16  99.27   5.83  99.27   5.83
  1 5 2 8
   3      12.08        86.97  86.38  94.31  99.42   5.72  99.42   5.72
  9 4 2 8
   3      10.25        73.79  72.57  93.38  97.80   6.63  97.80   6.63
  8 4 2 8
   3      10.52        75.74  74.57  93.50  98.13   6.48  98.13   6.48
  7 4 2 8
   3      10.78        77.61  76.57  93.69  98.41   6.34  98.41   6.34
  6 4 2 8
   3      11.05        79.55  78.57  93.78  98.65   6.20  98.65   6.20
  5 4 2 8
   3      11.31        81.43  80.54  93.93  98.87   6.07  98.87   6.07
  4 4 2 8
   3      11.56        83.23  82.46  94.09  99.08   5.95  99.08   5.95
  3 4 2 8
   3      11.82        85.10  84.38  94.16  99.26   5.83  99.26   5.83
  2 4 2 8
   3      12.07        86.90  86.30  94.31  99.42   5.72  99.42   5.72
  1 4 2 8
   3      12.33        88.77  88.22  94.37  99.56   5.61  99.56   5.61
  9 3 2 8
   3      10.51        75.67  74.54  93.55  98.07   6.48  98.07   6.48
  8 3 2 8
   3      10.78        77.61  76.54  93.65  98.36   6.34  98.36   6.34
  7 3 2 8
   3      11.04        79.48  78.53  93.82  98.62   6.20  98.62   6.20
  6 3 2 8
   3      11.30        81.35  80.49  93.96  98.85   6.08  98.85   6.08
  5 3 2 8
   3      11.56        83.23  82.42  94.04  99.07   5.95  99.07   5.95
  4 3 2 8
   3      11.81        85.03  84.33  94.18  99.26   5.84  99.26   5.84
  3 3 2 8
   3      12.07        86.90  86.25  94.25  99.42   5.72  99.42   5.72
  2 3 2 8
   3      12.32        88.70  88.16  94.38  99.55   5.61  99.55   5.61
  1 3 2 8
   3      12.57        90.50  90.06  94.50  99.67   5.51  99.67   5.51
  9 2 2 8
   3      10.78        77.61  76.52  93.63  98.31   6.33  98.31   6.33
  8 2 2 8
   3      11.04        79.48  78.51  93.80  98.57   6.20  98.57   6.20
  7 2 2 8
   3      11.30        81.35  80.47  93.93  98.81   6.07  98.81   6.07
  6 2 2 8
   3      11.55        83.15  82.38  94.08  99.04   5.96  99.04   5.96
  5 2 2 8
   3      11.81        85.03  84.29  94.14  99.24   5.84  99.24   5.84
  4 2 2 8
   3      12.06        86.83  86.20  94.28  99.41   5.72  99.41   5.72
  3 2 2 8
   3      12.31        88.62  88.10  94.40  99.55   5.62  99.55   5.62
  2 2 2 8
   3      12.56        90.42  90.01  94.52  99.66   5.51  99.66   5.51
  1 2 2 8
   3      12.82        92.30  91.90  94.56  99.76   5.40  99.76   5.40
  9 1 2 8
   3      11.04        79.48  78.49  93.78  98.51   6.20  98.51   6.20
  8 1 2 8
   3      11.30        81.35  80.45  93.91  98.77   6.07  98.77   6.07
  7 1 2 8
   3      11.55        83.15  82.36  94.05  99.01   5.95  99.01   5.95
  6 1 2 8
   3      11.80        84.95  84.27  94.19  99.22   5.84  99.22   5.84
  5 1 2 8
   3      12.06        86.83  86.17  94.25  99.39   5.72  99.39   5.72
  4 1 2 8
   3      12.31        88.62  88.07  94.36  99.54   5.62  99.54   5.62
  3 1 2 8
   3      12.56        90.42  89.96  94.47  99.66   5.51  99.66   5.51
  2 1 2 8
   3      12.81        92.22  91.86  94.58  99.76   5.41  99.76   5.41
  1 1 2 8
   3      13.06        94.02  93.75  94.68  99.84   5.31  99.84   5.31
  9 9 9 7
   3       7.33        52.79  50.74  91.27  92.10   8.72  92.10   8.72
  8 9 9 7
   3       7.61        54.82  52.83  91.51  93.00   8.48  93.00   8.48
  7 9 9 7
   3       7.90        56.85  54.93  91.75  93.80   8.25  93.80   8.25
  6 9 9 7
   3       8.18        58.88  57.02  91.97  94.49   8.02  94.49   8.02
  5 9 9 7
   3       8.46        60.89  59.12  92.19  95.11   7.81  95.11   7.81
  4 9 9 7
   3       8.74        62.91  61.21  92.39  95.65   7.60  95.65   7.60
  3 9 9 7
   3       9.02        64.92  63.30  92.59  96.12   7.40  96.12   7.40
  2 9 9 7
   3       9.30        66.92  65.39  92.79  96.54   7.21  96.54   7.21
  1 9 9 7
   3       9.57        68.92  67.47  92.97  96.92   7.03  96.92   7.03
  9 8 9 7
   3       7.61        54.76  52.77  91.51  92.96   8.49  92.96   8.49
  8 8 9 7
   3       7.89        56.78  54.86  91.74  93.79   8.26  93.79   8.26
  7 8 9 7
   3       8.17        58.80  56.94  91.97  94.51   8.04  94.51   8.04
  6 8 9 7
   3       8.45        60.81  59.03  92.18  95.14   7.82  95.14   7.82
  5 8 9 7
   3       8.73        62.82  61.11  92.38  95.70   7.62  95.70   7.62
  4 8 9 7
   3       9.00        64.82  63.20  92.58  96.19   7.42  96.19   7.42
  3 8 9 7
   3       9.28        66.82  65.28  92.77  96.61   7.23  96.61   7.23
  2 8 9 7
   3       9.56        68.81  67.36  92.95  96.99   7.05  96.99   7.05
  1 8 9 7
   3       9.83        70.80  69.43  93.13  97.33   6.87  97.33   6.87
  9 7 9 7
   3       7.88        56.72  54.80  91.74  93.73   8.26  93.73   8.26
  8 7 9 7
   3       8.16        58.74  56.88  91.95  94.48   8.04  94.48   8.04
  7 7 9 7
   3       8.44        60.75  58.96  92.16  95.14   7.83  95.14   7.83
  6 7 9 7
   3       8.72        62.75  61.04  92.37  95.71   7.63  95.71   7.63
  5 7 9 7
   3       8.99        64.74  63.11  92.57  96.21   7.43  96.21   7.43
  4 7 9 7
   3       9.27        66.73  65.19  92.76  96.66   7.24  96.66   7.24
  3 7 9 7
   3       9.55        68.72  67.26  92.94  97.04   7.06  97.04   7.06
  2 7 9 7
   3       9.82        70.70  69.33  93.12  97.39   6.89  97.39   6.89
  1 7 9 7
   3      10.10        72.71  71.39  93.24  97.69   6.72  97.69   6.72
  9 6 9 7
   3       8.15        58.69  56.83  91.95  94.40   8.04  94.40   8.04
  8 6 9 7
   3       8.43        60.69  58.90  92.16  95.09   7.83  95.09   7.83
  7 6 9 7
   3       8.71        62.69  60.97  92.37  95.68   7.63  95.68   7.63
  6 6 9 7
   3       8.98        64.68  63.04  92.56  96.21   7.44  96.21   7.44
  5 6 9 7
   3       9.26        66.66  65.11  92.75  96.66   7.25  96.66   7.25
  4 6 9 7
   3       9.53        68.64  67.17  92.93  97.06   7.07  97.06   7.07
  3 6 9 7
   3       9.81        70.62  69.24  93.10  97.42   6.90  97.42   6.90
  2 6 9 7
   3      10.08        72.57  71.29  93.29  97.72   6.73  97.72   6.73
  1 6 9 7
   3      10.36        74.59  73.35  93.39  98.00   6.57  98.00   6.57
  9 5 9 7
   3       8.42        60.65  58.86  92.17  94.99   7.83  94.99   7.83
  8 5 9 7
   3       8.70        62.63  60.93  92.37  95.62   7.63  95.62   7.63
  7 5 9 7
   3       8.98        64.62  62.99  92.56  96.16   7.44  96.16   7.44
  6 5 9 7
   3       9.25        66.60  65.05  92.75  96.64   7.26  96.64   7.26
  5 5 9 7
   3       9.52        68.57  67.11  92.93  97.06   7.08  97.06   7.08
  4 5 9 7
   3       9.80        70.55  69.16  93.10  97.42   6.90  97.42   6.90
  3 5 9 7
   3      10.07        72.50  71.21  93.28  97.74   6.74  97.74   6.74
  2 5 9 7
   3      10.34        74.44  73.26  93.46  98.02   6.58  98.02   6.58
  1 5 9 7
   3      10.62        76.46  75.31  93.54  98.26   6.43  98.26   6.43
  9 4 9 7
   3       8.69        62.60  60.89  92.37  95.51   7.63  95.51   7.63
  8 4 9 7
   3       8.97        64.59  62.95  92.56  96.08   7.44  96.08   7.44
  7 4 9 7
   3       9.24        66.56  65.00  92.74  96.59   7.26  96.59   7.26
  6 4 9 7
   3       9.52        68.52  67.06  92.92  97.02   7.08  97.02   7.08
  5 4 9 7
   3       9.79        70.49  69.10  93.09  97.40   6.91  97.40   6.91
  4 4 9 7
   3      10.06        72.43  71.15  93.29  97.73   6.75  97.73   6.75
  3 4 9 7
   3      10.33        74.37  73.19  93.46  98.02   6.59  98.02   6.59
  2 4 9 7
   3      10.61        76.39  75.23  93.53  98.27   6.43  98.27   6.43
  1 4 9 7
   3      10.88        78.33  77.27  93.68  98.49   6.29  98.49   6.29
  9 3 9 7
   3       8.97        64.55  62.93  92.57  95.97   7.43  95.97   7.43
  8 3 9 7
   3       9.24        66.52  64.97  92.75  96.50   7.25  96.50   7.25
  7 3 9 7
   3       9.51        68.49  67.02  92.92  96.96   7.08  96.96   7.08
  6 3 9 7
   3       9.78        70.45  69.06  93.09  97.35   6.91  97.35   6.91
  5 3 9 7
   3      10.06        72.43  71.10  93.22  97.70   6.74  97.70   6.74
  4 3 9 7
   3      10.33        74.37  73.14  93.38  98.00   6.59  98.00   6.59
  3 3 9 7
   3      10.60        76.31  75.17  93.54  98.26   6.44  98.26   6.44
  2 3 9 7
   3      10.87        78.26  77.20  93.68  98.49   6.29  98.49   6.29
  1 3 9 7
   3      11.14        80.20  79.23  93.81  98.69   6.15  98.69   6.15
  9 2 9 7
   3       9.24        66.50  64.96  92.76  96.37   7.25  96.37   7.25
  8 2 9 7
   3       9.51        68.47  67.00  92.92  96.86   7.07  96.86   7.07
  7 2 9 7
   3       9.78        70.42  69.03  93.09  97.28   6.91  97.28   6.91
  6 2 9 7
   3      10.05        72.35  71.07  93.27  97.65   6.75  97.65   6.75
  5 2 9 7
   3      10.32        74.30  73.10  93.42  97.96   6.59  97.96   6.59
  4 2 9 7
   3      10.59        76.24  75.12  93.57  98.24   6.44  98.24   6.44
  3 2 9 7
   3      10.86        78.19  77.15  93.70  98.48   6.30  98.48   6.30
  2 2 9 7
   3      11.13        80.13  79.17  93.82  98.68   6.16  98.68   6.16
  1 2 9 7
   3      11.40        82.07  81.19  93.94  98.86   6.02  98.86   6.02
  9 1 9 7
   3       9.51        68.45  66.99  92.93  96.74   7.07  96.74   7.07
  8 1 9 7
   3       9.78        70.40  69.02  93.09  97.18   6.90  97.18   6.90
  7 1 9 7
   3      10.05        72.35  71.05  93.24  97.57   6.74  97.57   6.74
  6 1 9 7
   3      10.32        74.30  73.07  93.39  97.90   6.59  97.90   6.59
  5 1 9 7
   3      10.59        76.24  75.09  93.53  98.19   6.44  98.19   6.44
  4 1 9 7
   3      10.85        78.11  77.11  93.74  98.44   6.30  98.44   6.30
  3 1 9 7
   3      11.12        80.06  79.12  93.85  98.66   6.16  98.66   6.16
  2 1 9 7
   3      11.39        82.00  81.14  93.96  98.85   6.03  98.85   6.03
  1 1 9 7
   3      11.64        83.80  83.05  94.11  99.04   5.91  99.04   5.91
  9 9 8 7
   3       7.60        54.69  52.70  91.50  92.93   8.50  92.93   8.50
  8 9 8 7
   3       7.88        56.72  54.79  91.74  93.76   8.27  93.76   8.27
  7 9 8 7
   3       8.16        58.74  56.88  91.95  94.49   8.04  94.49   8.04
  6 9 8 7
   3       8.44        60.75  58.97  92.17  95.12   7.83  95.12   7.83
  5 9 8 7
   3       8.72        62.76  61.05  92.38  95.68   7.62  95.68   7.62
  4 9 8 7
   3       8.99        64.76  63.13  92.58  96.17   7.43  96.17   7.43
  3 9 8 7
   3       9.27        66.75  65.21  92.77  96.60   7.24  96.60   7.24
  2 9 8 7
   3       9.55        68.75  67.29  92.95  96.98   7.05  96.98   7.05
  1 9 8 7
   3       9.83        70.74  69.37  93.12  97.32   6.88  97.32   6.88
  9 8 8 7
   3       7.87        56.65  54.73  91.73  93.72   8.27  93.72   8.27
  8 8 8 7
   3       8.15        58.67  56.81  91.95  94.48   8.05  94.48   8.05
  7 8 8 7
   3       8.43        60.68  58.89  92.16  95.14   7.84  95.14   7.84
  6 8 8 7
   3       8.71        62.68  60.97  92.37  95.71   7.64  95.71   7.64
  5 8 8 7
   3       8.98        64.67  63.04  92.56  96.21   7.44  96.21   7.44
  4 8 8 7
   3       9.26        66.67  65.11  92.75  96.66   7.25  96.66   7.25
  3 8 8 7
   3       9.54        68.65  67.18  92.93  97.04   7.07  97.04   7.07
  2 8 8 7
   3       9.81        70.63  69.25  93.11  97.39   6.89  97.39   6.89
  1 8 8 7
   3      10.09        72.64  71.32  93.23  97.69   6.72  97.69   6.72
  9 7 8 7
   3       8.14        58.61  56.75  91.95  94.42   8.06  94.42   8.06
  8 7 8 7
   3       8.42        60.61  58.82  92.16  95.11   7.85  95.11   7.85
  7 7 8 7
   3       8.70        62.61  60.89  92.35  95.70   7.64  95.70   7.64
  6 7 8 7
   3       8.97        64.60  62.96  92.55  96.22   7.45  96.22   7.45
  5 7 8 7
   3       9.25        66.59  65.03  92.74  96.68   7.26  96.68   7.26
  4 7 8 7
   3       9.52        68.57  67.09  92.92  97.08   7.08  97.08   7.08
  3 7 8 7
   3       9.80        70.54  69.15  93.10  97.43   6.91  97.43   6.91
  2 7 8 7
   3      10.07        72.50  71.21  93.28  97.74   6.74  97.74   6.74
  1 7 8 7
   3      10.35        74.51  73.27  93.38  98.01   6.58  98.01   6.58
  9 6 8 7
   3       8.41        60.56  58.77  92.16  95.03   7.85  95.03   7.85
  8 6 8 7
   3       8.69        62.56  60.84  92.35  95.66   7.65  95.66   7.65
  7 6 8 7
   3       8.97        64.54  62.90  92.54  96.20   7.45  96.20   7.45
  6 6 8 7
   3       9.24        66.52  64.96  92.73  96.67   7.27  96.67   7.27
  5 6 8 7
   3       9.51        68.50  67.02  92.91  97.08   7.09  97.08   7.09
  4 6 8 7
   3       9.79        70.46  69.07  93.09  97.44   6.91  97.44   6.91
  3 6 8 7
   3      10.06        72.43  71.13  93.25  97.76   6.75  97.76   6.75
  2 6 8 7
   3      10.33        74.37  73.18  93.43  98.04   6.59  98.04   6.59
  1 6 8 7
   3      10.60        76.31  75.22  93.60  98.28   6.44  98.28   6.44
  9 5 8 7
   3       8.68        62.51  60.80  92.35  95.57   7.64  95.57   7.64
  8 5 8 7
   3       8.96        64.49  62.85  92.55  96.14   7.45  96.14   7.45
  7 5 8 7
   3       9.23        66.47  64.91  92.74  96.63   7.27  96.63   7.27
  6 5 8 7
   3       9.51        68.44  66.96  92.91  97.06   7.09  97.06   7.09
  5 5 8 7
   3       9.78        70.40  69.01  93.08  97.44   6.92  97.44   6.92
  4 5 8 7
   3      10.05        72.35  71.05  93.25  97.76   6.76  97.76   6.76
  3 5 8 7
   3      10.32        74.30  73.09  93.42  98.05   6.60  98.05   6.60
  2 5 8 7
   3      10.59        76.24  75.13  93.58  98.30   6.45  98.30   6.45
  1 5 8 7
   3      10.86        78.19  77.17  93.73  98.52   6.30  98.52   6.30
  9 4 8 7
   3       8.95        64.46  62.82  92.55  96.04   7.45  96.04   7.45
  8 4 8 7
   3       9.23        66.43  64.87  92.73  96.56   7.27  96.56   7.27
  7 4 8 7
   3       9.50        68.39  66.91  92.90  97.02   7.09  97.02   7.09
  6 4 8 7
   3       9.77        70.35  68.95  93.07  97.41   6.92  97.41   6.92
  5 4 8 7
   3      10.04        72.28  70.99  93.27  97.75   6.76  97.75   6.76
  4 4 8 7
   3      10.31        74.23  73.03  93.43  98.04   6.60  98.04   6.60
  3 4 8 7
   3      10.58        76.17  75.06  93.58  98.30   6.45  98.30   6.45
  2 4 8 7
   3      10.85        78.11  77.10  93.72  98.52   6.31  98.52   6.31
  1 4 8 7
   3      11.12        80.06  79.12  93.85  98.72   6.17  98.72   6.17
  9 3 8 7
   3       9.22        66.40  64.84  92.73  96.46   7.26  96.46   7.26
  8 3 8 7
   3       9.49        68.36  66.88  92.91  96.94   7.09  96.94   7.09
  7 3 8 7
   3       9.77        70.31  68.92  93.08  97.35   6.92  97.35   6.92
  6 3 8 7
   3      10.04        72.28  70.95  93.21  97.71   6.76  97.71   6.76
  5 3 8 7
   3      10.31        74.23  72.98  93.37  98.02   6.60  98.02   6.60
  4 3 8 7
   3      10.58        76.17  75.01  93.51  98.28   6.45  98.28   6.45
  3 3 8 7
   3      10.84        78.04  77.03  93.73  98.52   6.31  98.52   6.31
  2 3 8 7
   3      11.11        79.99  79.05  93.85  98.72   6.17  98.72   6.17
  1 3 8 7
   3      11.38        81.93  81.07  93.96  98.89   6.04  98.89   6.04
  9 2 8 7
   3       9.49        68.34  66.86  92.91  96.83   7.08  96.83   7.08
  8 2 8 7
   3       9.76        70.29  68.90  93.08  97.27   6.92  97.27   6.92
  7 2 8 7
   3      10.03        72.21  70.92  93.27  97.64   6.76  97.64   6.76
  6 2 8 7
   3      10.30        74.15  72.95  93.41  97.97   6.61  97.97   6.61
  5 2 8 7
   3      10.57        76.10  74.97  93.55  98.25   6.46  98.25   6.46
  4 2 8 7
   3      10.84        78.04  76.98  93.67  98.49   6.31  98.49   6.31
  3 2 8 7
   3      11.11        79.99  79.00  93.79  98.70   6.17  98.70   6.17
  2 2 8 7
   3      11.37        81.86  81.01  93.98  98.89   6.04  98.89   6.04
  1 2 8 7
   3      11.63        83.73  82.93  94.06  99.07   5.92  99.07   5.92
  9 1 8 7
   3       9.76        70.27  68.89  93.09  97.16   6.91  97.16   6.91
  8 1 8 7
   3      10.03        72.21  70.91  93.25  97.56   6.76  97.56   6.76
  7 1 8 7
   3      10.30        74.15  72.93  93.39  97.90   6.60  97.90   6.60
  6 1 8 7
   3      10.57        76.10  74.94  93.52  98.20   6.45  98.20   6.45
  5 1 8 7
   3      10.83        77.97  76.95  93.72  98.46   6.31  98.46   6.31
  4 1 8 7
   3      11.10        79.91  78.96  93.83  98.68   6.17  98.68   6.17
  3 1 8 7
   3      11.37        81.86  80.97  93.93  98.87   6.04  98.87   6.04
  2 1 8 7
   3      11.62        83.66  82.89  94.09  99.06   5.92  99.06   5.92
  1 1 8 7
   3      11.87        85.46  84.76  94.19  99.23   5.81  99.23   5.81
  9 9 7 7
   3       7.86        56.60  54.67  91.72  93.66   8.27  93.66   8.27
  8 9 7 7
   3       8.14        58.61  56.75  91.95  94.42   8.06  94.42   8.06
  7 9 7 7
   3       8.42        60.62  58.83  92.16  95.09   7.84  95.09   7.84
  6 9 7 7
   3       8.70        62.62  60.91  92.36  95.67   7.64  95.67   7.64
  5 9 7 7
   3       8.98        64.62  62.98  92.55  96.18   7.44  96.18   7.44
  4 9 7 7
   3       9.25        66.61  65.06  92.75  96.62   7.25  96.62   7.25
  3 9 7 7
   3       9.53        68.60  67.13  92.93  97.02   7.07  97.02   7.07
  2 9 7 7
   3       9.80        70.58  69.20  93.11  97.36   6.90  97.36   6.90
  1 9 7 7
   3      10.08        72.57  71.27  93.25  97.67   6.73  97.67   6.73
  9 8 7 7
   3       8.13        58.55  56.69  91.93  94.39   8.06  94.39   8.06
  8 8 7 7
   3       8.41        60.55  58.76  92.15  95.08   7.85  95.08   7.85
  7 8 7 7
   3       8.69        62.55  60.83  92.35  95.68   7.65  95.68   7.65
  6 8 7 7
   3       8.97        64.54  62.90  92.54  96.20   7.45  96.20   7.45
  5 8 7 7
   3       9.24        66.52  64.97  92.74  96.66   7.27  96.66   7.27
  4 8 7 7
   3       9.52        68.50  67.03  92.92  97.06   7.08  97.06   7.08
  3 8 7 7
   3       9.79        70.48  69.09  93.09  97.41   6.91  97.41   6.91
  2 8 7 7
   3      10.06        72.43  71.15  93.29  97.72   6.75  97.72   6.75
  1 8 7 7
   3      10.34        74.44  73.21  93.39  98.00   6.58  98.00   6.58
  9 7 7 7
   3       8.40        60.50  58.70  92.14  95.03   7.85  95.03   7.85
  8 7 7 7
   3       8.68        62.49  60.77  92.34  95.66   7.65  95.66   7.65
  7 7 7 7
   3       8.95        64.47  62.83  92.54  96.20   7.46  96.20   7.46
  6 7 7 7
   3       9.23        66.45  64.89  92.73  96.67   7.27  96.67   7.27
  5 7 7 7
   3       9.50        68.42  66.95  92.91  97.08   7.09  97.08   7.09
  4 7 7 7
   3       9.78        70.40  69.00  93.08  97.44   6.92  97.44   6.92
  3 7 7 7
   3      10.05        72.35  71.05  93.25  97.76   6.76  97.76   6.76
  2 7 7 7
   3      10.32        74.30  73.10  93.44  98.04   6.60  98.04   6.60
  1 7 7 7
   3      10.60        76.31  75.15  93.52  98.28   6.44  98.28   6.44
  9 6 7 7
   3       8.67        62.44  60.72  92.34  95.59   7.65  95.59   7.65
  8 6 7 7
   3       8.95        64.42  62.77  92.53  96.16   7.46  96.16   7.46
  7 6 7 7
   3       9.22        66.39  64.83  92.72  96.65   7.28  96.65   7.28
  6 6 7 7
   3       9.49        68.36  66.88  92.90  97.08   7.10  97.08   7.10
  5 6 7 7
   3       9.77        70.32  68.93  93.07  97.45   6.93  97.45   6.93
  4 6 7 7
   3      10.04        72.28  70.97  93.24  97.78   6.76  97.78   6.76
  3 6 7 7
   3      10.31        74.23  73.02  93.41  98.06   6.61  98.06   6.61
  2 6 7 7
   3      10.58        76.17  75.06  93.57  98.31   6.45  98.31   6.45
  1 6 7 7
   3      10.85        78.11  77.10  93.72  98.52   6.31  98.52   6.31
  9 5 7 7
   3       8.94        64.38  62.73  92.53  96.08   7.46  96.08   7.46
  8 5 7 7
   3       9.22        66.34  64.78  92.72  96.60   7.28  96.60   7.28
  7 5 7 7
   3       9.49        68.31  66.82  92.90  97.04   7.10  97.04   7.10
  6 5 7 7
   3       9.76        70.27  68.87  93.07  97.43   6.93  97.43   6.93
  5 5 7 7
   3      10.03        72.21  70.91  93.24  97.77   6.77  97.77   6.77
  4 5 7 7
   3      10.30        74.15  72.94  93.41  98.06   6.61  98.06   6.61
  3 5 7 7
   3      10.57        76.10  74.98  93.56  98.32   6.46  98.32   6.46
  2 5 7 7
   3      10.84        78.04  77.01  93.70  98.54   6.31  98.54   6.31
  1 5 7 7
   3      11.11        79.99  79.04  93.83  98.73   6.17  98.73   6.17
  9 4 7 7
   3       9.21        66.31  64.75  92.73  96.51   7.28  96.51   7.28
  8 4 7 7
   3       9.48        68.27  66.79  92.89  96.98   7.10  96.98   7.10
  7 4 7 7
   3       9.75        70.22  68.82  93.07  97.39   6.93  97.39   6.93
  6 4 7 7
   3      10.02        72.14  70.85  93.27  97.74   6.77  97.74   6.77
  5 4 7 7
   3      10.29        74.08  72.88  93.42  98.05   6.62  98.05   6.62
  4 4 7 7
   3      10.56        76.03  74.91  93.57  98.31   6.47  98.31   6.47
  3 4 7 7
   3      10.83        77.97  76.94  93.70  98.54   6.32  98.54   6.32
  2 4 7 7
   3      11.10        79.91  78.95  93.82  98.74   6.18  98.74   6.18
  1 4 7 7
   3      11.37        81.86  80.98  93.94  98.91   6.04  98.91   6.04
  9 3 7 7
   3       9.48        68.24  66.76  92.91  96.89   7.10  96.89   7.10
  8 3 7 7
   3       9.75        70.19  68.79  93.07  97.32   6.93  97.32   6.93
  7 3 7 7
   3      10.02        72.14  70.82  93.22  97.69   6.77  97.69   6.77
  6 3 7 7
   3      10.29        74.08  72.84  93.37  98.01   6.62  98.01   6.62
  5 3 7 7
   3      10.56        76.03  74.86  93.51  98.29   6.46  98.29   6.46
  4 3 7 7
   3      10.82        77.90  76.88  93.72  98.53   6.32  98.53   6.32
  3 3 7 7
   3      11.09        79.84  78.89  93.83  98.73   6.18  98.73   6.18
  2 3 7 7
   3      11.36        81.79  80.91  93.94  98.91   6.05  98.91   6.05
  1 3 7 7
   3      11.61        83.59  82.84  94.11  99.09   5.93  99.09   5.93
  9 2 7 7
   3       9.75        70.17  68.77  93.08  97.23   6.93  97.23   6.93
  8 2 7 7
   3      10.02        72.14  70.79  93.19  97.62   6.77  97.62   6.77
  7 2 7 7
   3      10.28        74.01  72.81  93.43  97.96   6.62  97.96   6.62
  6 2 7 7
   3      10.55        75.95  74.83  93.55  98.25   6.47  98.25   6.47
  5 2 7 7
   3      10.82        77.90  76.84  93.67  98.50   6.32  98.50   6.32
  4 2 7 7
   3      11.09        79.84  78.85  93.78  98.71   6.18  98.71   6.18
  3 2 7 7
   3      11.35        81.71  80.85  93.96  98.90   6.05  98.90   6.05
  2 2 7 7
   3      11.61        83.59  82.78  94.05  99.08   5.93  99.08   5.93
  1 2 7 7
   3      11.85        85.31  84.66  94.23  99.25   5.82  99.25   5.82
  9 1 7 7
   3      10.01        72.07  70.78  93.27  97.52   6.77  97.52   6.77
  8 1 7 7
   3      10.28        74.01  72.80  93.41  97.88   6.61  97.88   6.61
  7 1 7 7
   3      10.55        75.95  74.81  93.53  98.19   6.46  98.19   6.46
  6 1 7 7
   3      10.82        77.90  76.82  93.64  98.46   6.32  98.46   6.32
  5 1 7 7
   3      11.08        79.77  78.82  93.83  98.68   6.19  98.68   6.19
  4 1 7 7
   3      11.35        81.71  80.81  93.91  98.88   6.05  98.88   6.05
  3 1 7 7
   3      11.60        83.51  82.74  94.08  99.07   5.93  99.07   5.93
  2 1 7 7
   3      11.85        85.31  84.60  94.17  99.24   5.82  99.24   5.82
  1 1 7 7
   3      12.10        87.11  86.47  94.26  99.39   5.70  99.39   5.70
  9 9 6 7
   3       8.13        58.50  56.64  91.94  94.31   8.06  94.31   8.06
  8 9 6 7
   3       8.40        60.50  58.71  92.15  95.01   7.85  95.01   7.85
  7 9 6 7
   3       8.68        62.51  60.78  92.35  95.62   7.65  95.62   7.65
  6 9 6 7
   3       8.96        64.49  62.85  92.55  96.15   7.45  96.15   7.45
  5 9 6 7
   3       9.23        66.48  64.92  92.73  96.61   7.27  96.61   7.27
  4 9 6 7
   3       9.51        68.46  66.98  92.91  97.02   7.09  97.02   7.09
  3 9 6 7
   3       9.78        70.43  69.05  93.09  97.38   6.91  97.38   6.91
  2 9 6 7
   3      10.06        72.43  71.11  93.23  97.69   6.74  97.69   6.74
  1 9 6 7
   3      10.33        74.37  73.16  93.42  97.97   6.59  97.97   6.59
  9 8 6 7
   3       8.40        60.44  58.65  92.15  94.98   7.86  94.98   7.86
  8 8 6 7
   3       8.67        62.43  60.71  92.34  95.61   7.66  95.61   7.66
  7 8 6 7
   3       8.95        64.42  62.78  92.54  96.16   7.46  96.16   7.46
  6 8 6 7
   3       9.22        66.40  64.84  92.72  96.64   7.28  96.64   7.28
  5 8 6 7
   3       9.50        68.37  66.89  92.90  97.05   7.10  97.05   7.10
  4 8 6 7
   3       9.77        70.35  68.95  93.07  97.42   6.92  97.42   6.92
  3 8 6 7
   3      10.04        72.28  71.00  93.28  97.74   6.76  97.74   6.76
  2 8 6 7
   3      10.32        74.30  73.05  93.37  98.02   6.60  98.02   6.60
  1 8 6 7
   3      10.59        76.24  75.10  93.54  98.26   6.44  98.26   6.44
  9 7 6 7
   3       8.66        62.38  60.66  92.34  95.57   7.66  95.57   7.66
  8 7 6 7
   3       8.94        64.36  62.71  92.54  96.14   7.47  96.14   7.47
  7 7 6 7
   3       9.21        66.34  64.77  92.71  96.63   7.28  96.63   7.28
  6 7 6 7
   3       9.49        68.30  66.82  92.90  97.06   7.11  97.06   7.11
  5 7 6 7
   3       9.76        70.27  68.86  93.07  97.44   6.93  97.44   6.93
  4 7 6 7
   3      10.03        72.21  70.91  93.25  97.76   6.77  97.76   6.77
  3 7 6 7
   3      10.30        74.15  72.95  93.42  98.05   6.61  98.05   6.61
  2 7 6 7
   3      10.57        76.10  74.99  93.58  98.30   6.46  98.30   6.46
  1 7 6 7
   3      10.84        78.04  77.04  93.74  98.52   6.31  98.52   6.31
  9 6 6 7
   3       8.93        64.31  62.66  92.53  96.08   7.47  96.08   7.47
  8 6 6 7
   3       9.21        66.28  64.71  92.71  96.59   7.29  96.59   7.29
  7 6 6 7
   3       9.48        68.24  66.76  92.89  97.04   7.11  97.04   7.11
  6 6 6 7
   3       9.75        70.20  68.80  93.06  97.43   6.94  97.43   6.94
  5 6 6 7
   3      10.02        72.14  70.84  93.25  97.77   6.78  97.77   6.78
  4 6 6 7
   3      10.29        74.08  72.87  93.41  98.06   6.62  98.06   6.62
  3 6 6 7
   3      10.56        76.03  74.91  93.56  98.32   6.47  98.32   6.47
  2 6 6 7
   3      10.83        77.97  76.94  93.70  98.54   6.32  98.54   6.32
  1 6 6 7
   3      11.10        79.91  78.97  93.84  98.73   6.18  98.73   6.18
  9 5 6 7
   3       9.20        66.23  64.67  92.71  96.53   7.29  96.53   7.29
  8 5 6 7
   3       9.47        68.19  66.71  92.89  96.99   7.11  96.99   7.11
  7 5 6 7
   3       9.74        70.15  68.74  93.06  97.40   6.94  97.40   6.94
  6 5 6 7
   3      10.01        72.07  70.78  93.26  97.75   6.78  97.75   6.78
  5 5 6 7
   3      10.28        74.01  72.81  93.42  98.06   6.62  98.06   6.62
  4 5 6 7
   3      10.55        75.95  74.83  93.56  98.32   6.47  98.32   6.47
  3 5 6 7
   3      10.82        77.90  76.85  93.69  98.55   6.33  98.55   6.33
  2 5 6 7
   3      11.09        79.84  78.88  93.81  98.75   6.18  98.75   6.18
  1 5 6 7
   3      11.36        81.79  80.89  93.93  98.92   6.05  98.92   6.05
  9 4 6 7
   3       9.47        68.16  66.67  92.89  96.92   7.11  96.92   7.11
  8 4 6 7
   3       9.74        70.11  68.70  93.06  97.35   6.94  97.35   6.94
  7 4 6 7
   3      10.01        72.07  70.73  93.20  97.71   6.78  97.71   6.78
  6 4 6 7
   3      10.28        74.01  72.76  93.35  98.03   6.62  98.03   6.62
  5 4 6 7
   3      10.55        75.95  74.78  93.49  98.31   6.47  98.31   6.47
  4 4 6 7
   3      10.81        77.83  76.79  93.70  98.54   6.33  98.54   6.33
  3 4 6 7
   3      11.08        79.77  78.81  93.82  98.75   6.19  98.75   6.19
  2 4 6 7
   3      11.35        81.71  80.82  93.92  98.93   6.05  98.93   6.05
  1 4 6 7
   3      11.60        83.51  82.75  94.09  99.10   5.93  99.10   5.93
  9 3 6 7
   3       9.73        70.08  68.68  93.06  97.27   6.94  97.27   6.94
  8 3 6 7
   3      10.00        71.99  70.70  93.25  97.65   6.78  97.65   6.78
  7 3 6 7
   3      10.27        73.94  72.72  93.39  97.99   6.63  97.99   6.63
  6 3 6 7
   3      10.54        75.88  74.73  93.52  98.28   6.48  98.28   6.48
  5 3 6 7
   3      10.81        77.83  76.75  93.64  98.52   6.33  98.52   6.33
  4 3 6 7
   3      11.07        79.70  78.75  93.83  98.74   6.19  98.74   6.19
  3 3 6 7
   3      11.34        81.64  80.76  93.93  98.92   6.06  98.92   6.06
  2 3 6 7
   3      11.59        83.44  82.69  94.11  99.10   5.94  99.10   5.94
  1 3 6 7
   3      11.84        85.24  84.56  94.21  99.26   5.82  99.26   5.82
  9 2 6 7
   3      10.00        71.99  70.68  93.23  97.57   6.78  97.57   6.78
  8 2 6 7
   3      10.27        73.94  72.69  93.36  97.93   6.62  97.93   6.62
  7 2 6 7
   3      10.54        75.88  74.70  93.49  98.23   6.47  98.23   6.47
  6 2 6 7
   3      10.80        77.75  76.71  93.69  98.49   6.33  98.49   6.33
  5 2 6 7
   3      11.07        79.70  78.71  93.79  98.71   6.19  98.71   6.19
  4 2 6 7
   3      11.33        81.57  80.71  93.96  98.90   6.06  98.90   6.06
  3 2 6 7
   3      11.59        83.44  82.64  94.05  99.09   5.94  99.09   5.94
  2 2 6 7
   3      11.84        85.24  84.50  94.14  99.26   5.82  99.26   5.82
  1 2 6 7
   3      12.08        86.97  86.37  94.30  99.41   5.72  99.41   5.72
  9 1 6 7
   3      10.27        73.94  72.68  93.35  97.84   6.62  97.84   6.62
  8 1 6 7
   3      10.53        75.81  74.69  93.56  98.16   6.47  98.16   6.47
  7 1 6 7
   3      10.80        77.75  76.69  93.66  98.44   6.33  98.44   6.33
  6 1 6 7
   3      11.06        79.63  78.69  93.84  98.68   6.20  98.68   6.20
  5 1 6 7
   3      11.33        81.57  80.68  93.93  98.88   6.06  98.88   6.06
  4 1 6 7
   3      11.58        83.37  82.60  94.08  99.07   5.94  99.07   5.94
  3 1 6 7
   3      11.83        85.17  84.47  94.18  99.24   5.83  99.24   5.83
  2 1 6 7
   3      12.08        86.97  86.32  94.25  99.40   5.71  99.40   5.71
  1 1 6 7
   3      12.32        88.70  88.18  94.41  99.53   5.61  99.53   5.61
  9 9 5 7
   3       8.39        60.40  58.61  92.14  94.88   7.85  94.88   7.85
  8 9 5 7
   3       8.67        62.40  60.68  92.34  95.52   7.65  95.52   7.65
  7 9 5 7
   3       8.94        64.38  62.74  92.53  96.08   7.46  96.08   7.46
  6 9 5 7
   3       9.22        66.36  64.80  92.72  96.57   7.28  96.57   7.28
  5 9 5 7
   3       9.49        68.34  66.86  92.90  96.99   7.10  96.99   7.10
  4 9 5 7
   3       9.77        70.30  68.91  93.08  97.37   6.92  97.37   6.92
  3 9 5 7
   3      10.04        72.28  70.96  93.23  97.69   6.76  97.69   6.76
  2 9 5 7
   3      10.31        74.23  73.01  93.41  97.98   6.60  97.98   6.60
  1 9 5 7
   3      10.58        76.17  75.06  93.58  98.23   6.45  98.23   6.45
  9 8 5 7
   3       8.66        62.33  60.61  92.34  95.50   7.66  95.50   7.66
  8 8 5 7
   3       8.93        64.31  62.67  92.53  96.07   7.47  96.07   7.47
  7 8 5 7
   3       9.21        66.29  64.72  92.72  96.58   7.29  96.58   7.29
  6 8 5 7
   3       9.48        68.26  66.77  92.89  97.02   7.11  97.02   7.11
  5 8 5 7
   3       9.75        70.22  68.82  93.06  97.40   6.93  97.40   6.93
  4 8 5 7
   3      10.03        72.21  70.87  93.19  97.73   6.77  97.73   6.77
  3 8 5 7
   3      10.30        74.15  72.91  93.37  98.02   6.61  98.02   6.61
  2 8 5 7
   3      10.57        76.10  74.95  93.53  98.27   6.46  98.27   6.46
  1 8 5 7
   3      10.84        78.04  76.99  93.68  98.50   6.31  98.50   6.31
  9 7 5 7
   3       8.93        64.25  62.61  92.53  96.03   7.47  96.03   7.47
  8 7 5 7
   3       9.20        66.23  64.66  92.71  96.56   7.29  96.56   7.29
  7 7 5 7
   3       9.47        68.19  66.70  92.89  97.01   7.11  97.01   7.11
  6 7 5 7
   3       9.74        70.15  68.74  93.06  97.40   6.94  97.40   6.94
  5 7 5 7
   3      10.02        72.14  70.78  93.18  97.74   6.77  97.74   6.77
  4 7 5 7
   3      10.29        74.08  72.82  93.34  98.04   6.62  98.04   6.62
  3 7 5 7
   3      10.56        76.03  74.85  93.50  98.30   6.46  98.30   6.46
  2 7 5 7
   3      10.83        77.97  76.88  93.64  98.53   6.32  98.53   6.32
  1 7 5 7
   3      11.09        79.84  78.92  93.86  98.72   6.18  98.72   6.18
  9 6 5 7
   3       9.19        66.18  64.61  92.71  96.51   7.29  96.51   7.29
  8 6 5 7
   3       9.46        68.14  66.65  92.89  96.98   7.12  96.98   7.12
  7 6 5 7
   3       9.74        70.09  68.68  93.05  97.39   6.95  97.39   6.95
  6 6 5 7
   3      10.01        72.07  70.72  93.18  97.74   6.78  97.74   6.78
  5 6 5 7
   3      10.28        74.01  72.75  93.34  98.04   6.62  98.04   6.62
  4 6 5 7
   3      10.55        75.95  74.77  93.48  98.31   6.47  98.31   6.47
  3 6 5 7
   3      10.81        77.83  76.79  93.70  98.54   6.33  98.54   6.33
  2 6 5 7
   3      11.08        79.77  78.82  93.83  98.74   6.19  98.74   6.19
  1 6 5 7
   3      11.35        81.71  80.83  93.94  98.92   6.05  98.92   6.05
  9 5 5 7
   3       9.46        68.09  66.60  92.89  96.92   7.12  96.92   7.12
  8 5 5 7
   3       9.73        70.04  68.64  93.05  97.34   6.95  97.34   6.95
  7 5 5 7
   3      10.00        71.99  70.66  93.21  97.71   6.79  97.71   6.79
  6 5 5 7
   3      10.27        73.94  72.69  93.35  98.03   6.63  98.03   6.63
  5 5 5 7
   3      10.54        75.88  74.71  93.49  98.31   6.48  98.31   6.48
  4 5 5 7
   3      10.80        77.75  76.72  93.70  98.54   6.34  98.54   6.34
  3 5 5 7
   3      11.07        79.70  78.74  93.82  98.75   6.20  98.75   6.20
  2 5 5 7
   3      11.34        81.64  80.75  93.92  98.93   6.06  98.93   6.06
  1 5 5 7
   3      11.60        83.51  82.69  94.03  99.10   5.93  99.10   5.93
  9 4 5 7
   3       9.72        70.01  68.60  93.05  97.28   6.95  97.28   6.95
  8 4 5 7
   3       9.99        71.94  70.62  93.22  97.66   6.79  97.66   6.79
  7 4 5 7
   3      10.26        73.87  72.64  93.38  98.00   6.63  98.00   6.63
  6 4 5 7
   3      10.53        75.81  74.66  93.51  98.28   6.48  98.28   6.48
  5 4 5 7
   3      10.80        77.75  76.66  93.63  98.53   6.34  98.53   6.34
  4 4 5 7
   3      11.06        79.63  78.67  93.82  98.74   6.20  98.74   6.20
  3 4 5 7
   3      11.33        81.57  80.68  93.93  98.93   6.06  98.93   6.06
  2 4 5 7
   3      11.59        83.44  82.62  94.02  99.10   5.94  99.10   5.94
  1 4 5 7
   3      11.83        85.17  84.49  94.20  99.27   5.83  99.27   5.83
  9 3 5 7
   3       9.99        71.92  70.60  93.22  97.59   6.79  97.59   6.79
  8 3 5 7
   3      10.26        73.87  72.61  93.34  97.94   6.63  97.94   6.63
  7 3 5 7
   3      10.52        75.74  74.62  93.56  98.25   6.49  98.25   6.49
  6 3 5 7
   3      10.79        77.68  76.63  93.67  98.50   6.34  98.50   6.34
  5 3 5 7
   3      11.06        79.63  78.63  93.77  98.73   6.20  98.73   6.20
  4 3 5 7
   3      11.32        81.50  80.62  93.94  98.92   6.07  98.92   6.07
  3 3 5 7
   3      11.58        83.37  82.55  94.03  99.10   5.94  99.10   5.94
  2 3 5 7
   3      11.83        85.17  84.43  94.13  99.27   5.83  99.27   5.83
  1 3 5 7
   3      12.07        86.90  86.29  94.30  99.41   5.72  99.41   5.72
  9 2 5 7
   3      10.25        73.79  72.59  93.41  97.87   6.63  97.87   6.63
  8 2 5 7
   3      10.52        75.74  74.59  93.53  98.19   6.48  98.19   6.48
  7 2 5 7
   3      10.79        77.68  76.60  93.63  98.46   6.34  98.46   6.34
  6 2 5 7
   3      11.05        79.55  78.59  93.81  98.70   6.20  98.70   6.20
  5 2 5 7
   3      11.32        81.50  80.58  93.90  98.90   6.07  98.90   6.07
  4 2 5 7
   3      11.57        83.30  82.52  94.07  99.08   5.95  99.08   5.95
  3 2 5 7
   3      11.82        85.10  84.37  94.15  99.26   5.83  99.26   5.83
  2 2 5 7
   3      12.06        86.83  86.23  94.31  99.41   5.72  99.41   5.72
  1 2 5 7
   3      12.31        88.62  88.09  94.39  99.54   5.62  99.54   5.62
  9 1 5 7
   3      10.52        75.74  74.58  93.51  98.12   6.48  98.12   6.48
  8 1 5 7
   3      10.78        77.61  76.58  93.70  98.41   6.34  98.41   6.34
  7 1 5 7
   3      11.05        79.55  78.57  93.79  98.65   6.20  98.65   6.20
  6 1 5 7
   3      11.31        81.43  80.56  93.95  98.86   6.07  98.86   6.07
  5 1 5 7
   3      11.57        83.30  82.49  94.04  99.06   5.95  99.06   5.95
  4 1 5 7
   3      11.81        85.03  84.34  94.19  99.24   5.84  99.24   5.84
  3 1 5 7
   3      12.06        86.83  86.19  94.27  99.40   5.72  99.40   5.72
  2 1 5 7
   3      12.30        88.55  88.04  94.41  99.53   5.62  99.53   5.62
  1 1 5 7
   3      12.55        90.35  89.89  94.47  99.64   5.51  99.64   5.51
  9 9 4 7
   3       8.65        62.30  60.58  92.35  95.38   7.66  95.38   7.66
  8 9 4 7
   3       8.93        64.28  62.64  92.53  95.97   7.46  95.97   7.46
  7 9 4 7
   3       9.20        66.26  64.69  92.72  96.49   7.28  96.49   7.28
  6 9 4 7
   3       9.48        68.23  66.74  92.89  96.94   7.10  96.94   7.10
  5 9 4 7
   3       9.75        70.19  68.79  93.06  97.33   6.93  97.33   6.93
  4 9 4 7
   3      10.02        72.14  70.84  93.25  97.67   6.77  97.67   6.77
  3 9 4 7
   3      10.29        74.08  72.88  93.42  97.97   6.61  97.97   6.61
  2 9 4 7
   3      10.56        76.03  74.92  93.58  98.23   6.46  98.23   6.46
  1 9 4 7
   3      10.83        77.97  76.96  93.73  98.46   6.31  98.46   6.31
  9 8 4 7
   3       8.92        64.22  62.57  92.53  95.95   7.47  95.95   7.47
  8 8 4 7
   3       9.19        66.19  64.62  92.71  96.48   7.29  96.48   7.29
  7 8 4 7
   3       9.47        68.16  66.67  92.88  96.95   7.11  96.95   7.11
  6 8 4 7
   3       9.74        70.12  68.71  93.06  97.35   6.94  97.35   6.94
  5 8 4 7
   3      10.01        72.07  70.75  93.22  97.69   6.78  97.69   6.78
  4 8 4 7
   3      10.28        74.01  72.78  93.39  98.00   6.62  98.00   6.62
  3 8 4 7
   3      10.55        75.95  74.82  93.54  98.26   6.47  98.26   6.47
  2 8 4 7
   3      10.82        77.90  76.85  93.68  98.49   6.32  98.49   6.32
  1 8 4 7
   3      11.09        79.84  78.88  93.81  98.70   6.18  98.70   6.18
  9 7 4 7
   3       9.19        66.13  64.56  92.71  96.45   7.29  96.45   7.29
  8 7 4 7
   3       9.46        68.09  66.60  92.89  96.93   7.12  96.93   7.12
  7 7 4 7
   3       9.73        70.05  68.64  93.05  97.34   6.95  97.34   6.95
  6 7 4 7
   3      10.00        71.99  70.67  93.22  97.70   6.79  97.70   6.79
  5 7 4 7
   3      10.27        73.94  72.70  93.37  98.01   6.63  98.01   6.63
  4 7 4 7
   3      10.54        75.88  74.73  93.52  98.28   6.48  98.28   6.48
  3 7 4 7
   3      10.81        77.83  76.76  93.65  98.52   6.33  98.52   6.33
  2 7 4 7
   3      11.08        79.77  78.77  93.77  98.72   6.19  98.72   6.19
  1 7 4 7
   3      11.34        81.64  80.80  93.98  98.90   6.06  98.90   6.06
  9 6 4 7
   3       9.45        68.04  66.55  92.88  96.88   7.12  96.88   7.12
  8 6 4 7
   3       9.72        69.99  68.58  93.05  97.31   6.95  97.31   6.95
  7 6 4 7
   3       9.99        71.94  70.61  93.21  97.68   6.79  97.68   6.79
  6 6 4 7
   3      10.26        73.87  72.63  93.38  98.01   6.63  98.01   6.63
  5 6 4 7
   3      10.53        75.81  74.66  93.51  98.29   6.48  98.29   6.48
  4 6 4 7
   3      10.80        77.75  76.67  93.64  98.53   6.34  98.53   6.34
  3 6 4 7
   3      11.06        79.63  78.69  93.84  98.73   6.20  98.73   6.20
  2 6 4 7
   3      11.33        81.57  80.70  93.95  98.91   6.06  98.91   6.06
  1 6 4 7
   3      11.59        83.44  82.64  94.05  99.09   5.94  99.09   5.94
  9 5 4 7
   3       9.72        69.95  68.54  93.05  97.26   6.95  97.26   6.95
  8 5 4 7
   3       9.99        71.89  70.56  93.20  97.65   6.79  97.65   6.79
  7 5 4 7
   3      10.25        73.79  72.58  93.40  97.98   6.64  97.98   6.64
  6 5 4 7
   3      10.52        75.74  74.60  93.53  98.27   6.49  98.27   6.49
  5 5 4 7
   3      10.79        77.68  76.61  93.65  98.52   6.34  98.52   6.34
  4 5 4 7
   3      11.06        79.63  78.61  93.75  98.74   6.20  98.74   6.20
  3 5 4 7
   3      11.32        81.50  80.62  93.94  98.92   6.07  98.92   6.07
  2 5 4 7
   3      11.58        83.37  82.56  94.04  99.10   5.94  99.10   5.94
  1 5 4 7
   3      11.83        85.17  84.44  94.14  99.26   5.83  99.26   5.83
  9 4 4 7
   3       9.98        71.85  70.53  93.21  97.59   6.79  97.59   6.79
  8 4 4 7
   3      10.25        73.79  72.54  93.35  97.94   6.64  97.94   6.64
  7 4 4 7
   3      10.52        75.74  74.55  93.47  98.24   6.49  98.24   6.49
  6 4 4 7
   3      10.78        77.61  76.56  93.67  98.50   6.35  98.50   6.35
  5 4 4 7
   3      11.05        79.55  78.56  93.77  98.72   6.20  98.72   6.20
  4 4 4 7
   3      11.31        81.43  80.55  93.94  98.92   6.07  98.92   6.07
  3 4 4 7
   3      11.57        83.30  82.49  94.04  99.09   5.95  99.09   5.95
  2 4 4 7
   3      11.82        85.10  84.36  94.14  99.27   5.83  99.27   5.83
  1 4 4 7
   3      12.06        86.83  86.22  94.30  99.41   5.72  99.41   5.72
  9 3 4 7
   3      10.24        73.72  72.51  93.40  97.88   6.64  97.88   6.64
  8 3 4 7
   3      10.51        75.67  74.52  93.52  98.20   6.49  98.20   6.49
  7 3 4 7
   3      10.78        77.61  76.52  93.63  98.47   6.34  98.47   6.34
  6 3 4 7
   3      11.04        79.48  78.51  93.80  98.70   6.21  98.70   6.21
  5 3 4 7
   3      11.31        81.43  80.51  93.89  98.90   6.07  98.90   6.07
  4 3 4 7
   3      11.56        83.23  82.44  94.07  99.08   5.95  99.08   5.95
  3 3 4 7
   3      11.81        85.03  84.31  94.16  99.26   5.84  99.26   5.84
  2 3 4 7
   3      12.06        86.83  86.16  94.24  99.41   5.72  99.41   5.72
  1 3 4 7
   3      12.30        88.55  88.01  94.38  99.54   5.62  99.54   5.62
  9 2 4 7
   3      10.51        75.67  74.50  93.50  98.13   6.48  98.13   6.48
  8 2 4 7
   3      10.77        77.54  76.50  93.69  98.42   6.35  98.42   6.35
  7 2 4 7
   3      11.04        79.48  78.48  93.77  98.67   6.21  98.67   6.21
  6 2 4 7
   3      11.30        81.35  80.48  93.94  98.88   6.08  98.88   6.08
  5 2 4 7
   3      11.56        83.23  82.40  94.02  99.07   5.95  99.07   5.95
  4 2 4 7
   3      11.80        84.95  84.26  94.19  99.25   5.84  99.25   5.84
  3 2 4 7
   3      12.05        86.75  86.11  94.26  99.40   5.73  99.40   5.73
  2 2 4 7
   3      12.29        88.48  87.96  94.40  99.54   5.62  99.54   5.62
  1 2 4 7
   3      12.54        90.28  89.81  94.47  99.65   5.52  99.65   5.52
  9 1 4 7
   3      10.77        77.54  76.48  93.67  98.36   6.34  98.36   6.34
  8 1 4 7
   3      11.04        79.48  78.47  93.75  98.62   6.20  98.62   6.20
  7 1 4 7
   3      11.30        81.35  80.45  93.91  98.84   6.07  98.84   6.07
  6 1 4 7
   3      11.55        83.15  82.38  94.08  99.04   5.96  99.04   5.96
  5 1 4 7
   3      11.80        84.95  84.23  94.15  99.23   5.84  99.23   5.84
  4 1 4 7
   3      12.04        86.68  86.07  94.29  99.39   5.73  99.39   5.73
  3 1 4 7
   3      12.29        88.48  87.92  94.35  99.53   5.62  99.53   5.62
  2 1 4 7
   3      12.53        90.21  89.76  94.49  99.64   5.52  99.64   5.52
  1 1 4 7
   3      12.77        91.94  91.60  94.61  99.74   5.42  99.74   5.42
  9 9 3 7
   3       8.92        64.20  62.56  92.53  95.82   7.46  95.82   7.46
  8 9 3 7
   3       9.19        66.16  64.60  92.72  96.37   7.28  96.37   7.28
  7 9 3 7
   3       9.46        68.13  66.65  92.90  96.85   7.11  96.85   7.11
  6 9 3 7
   3       9.74        70.09  68.69  93.06  97.26   6.94  97.26   6.94
  5 9 3 7
   3      10.01        72.07  70.73  93.20  97.62   6.77  97.62   6.77
  4 9 3 7
   3      10.28        74.01  72.76  93.36  97.93   6.62  97.93   6.62
  3 9 3 7
   3      10.55        75.95  74.80  93.51  98.21   6.46  98.21   6.46
  2 9 3 7
   3      10.82        77.90  76.83  93.66  98.44   6.32  98.44   6.32
  1 9 3 7
   3      11.09        79.84  78.86  93.79  98.65   6.18  98.65   6.18
  9 8 3 7
   3       9.18        66.11  64.54  92.71  96.35   7.29  96.35   7.29
  8 8 3 7
   3       9.45        68.06  66.58  92.89  96.84   7.11  96.84   7.11
  7 8 3 7
   3       9.73        70.02  68.61  93.05  97.27   6.95  97.27   6.95
  6 8 3 7
   3      10.00        71.97  70.65  93.22  97.64   6.78  97.64   6.78
  5 8 3 7
   3      10.27        73.94  72.68  93.34  97.96   6.62  97.96   6.62
  4 8 3 7
   3      10.54        75.88  74.70  93.48  98.23   6.47  98.23   6.47
  3 8 3 7
   3      10.80        77.75  76.72  93.70  98.48   6.33  98.48   6.33
  2 8 3 7
   3      11.07        79.70  78.75  93.83  98.69   6.19  98.69   6.19
  1 8 3 7
   3      11.34        81.64  80.77  93.94  98.87   6.06  98.87   6.06
  9 7 3 7
   3       9.45        68.01  66.52  92.89  96.81   7.12  96.81   7.12
  8 7 3 7
   3       9.72        69.96  68.55  93.05  97.25   6.95  97.25   6.95
  7 7 3 7
   3       9.99        71.90  70.58  93.21  97.63   6.79  97.63   6.79
  6 7 3 7
   3      10.26        73.87  72.60  93.33  97.96   6.63  97.96   6.63
  5 7 3 7
   3      10.52        75.74  74.62  93.56  98.25   6.49  98.25   6.49
  4 7 3 7
   3      10.79        77.68  76.64  93.69  98.49   6.34  98.49   6.34
  3 7 3 7
   3      11.06        79.63  78.65  93.80  98.71   6.20  98.71   6.20
  2 7 3 7
   3      11.33        81.57  80.67  93.91  98.89   6.06  98.89   6.06
  1 7 3 7
   3      11.58        83.37  82.61  94.09  99.07   5.94  99.07   5.94
  9 6 3 7
   3       9.71        69.91  68.50  93.05  97.21   6.95  97.21   6.95
  8 6 3 7
   3       9.98        71.85  70.52  93.21  97.61   6.79  97.61   6.79
  7 6 3 7
   3      10.25        73.79  72.54  93.35  97.95   6.64  97.95   6.64
  6 6 3 7
   3      10.52        75.74  74.55  93.48  98.24   6.49  98.24   6.49
  5 6 3 7
   3      10.78        77.61  76.57  93.68  98.49   6.35  98.49   6.35
  4 6 3 7
   3      11.05        79.55  78.57  93.79  98.71   6.20  98.71   6.20
  3 6 3 7
   3      11.32        81.50  80.58  93.89  98.90   6.07  98.90   6.07
  2 6 3 7
   3      11.57        83.30  82.52  94.08  99.08   5.95  99.08   5.95
  1 6 3 7
   3      11.82        85.10  84.40  94.18  99.25   5.83  99.25   5.83
  9 5 3 7
   3       9.97        71.81  70.48  93.20  97.56   6.79  97.56   6.79
  8 5 3 7
   3      10.24        73.72  72.49  93.38  97.91   6.64  97.91   6.64
  7 5 3 7
   3      10.51        75.67  74.50  93.50  98.22   6.49  98.22   6.49
  6 5 3 7
   3      10.78        77.61  76.50  93.61  98.48   6.34  98.48   6.34
  5 5 3 7
   3      11.04        79.48  78.51  93.80  98.71   6.21  98.71   6.21
  4 5 3 7
   3      11.31        81.43  80.51  93.89  98.90   6.07  98.90   6.07
  3 5 3 7
   3      11.56        83.23  82.45  94.07  99.08   5.95  99.08   5.95
  2 5 3 7
   3      11.81        85.03  84.31  94.17  99.26   5.84  99.26   5.84
  1 5 3 7
   3      12.06        86.83  86.18  94.25  99.41   5.72  99.41   5.72
  9 4 3 7
   3      10.24        73.72  72.46  93.33  97.86   6.64  97.86   6.64
  8 4 3 7
   3      10.50        75.59  74.46  93.54  98.18   6.49  98.18   6.49
  7 4 3 7
   3      10.77        77.54  76.46  93.64  98.46   6.35  98.46   6.35
  6 4 3 7
   3      11.03        79.41  78.46  93.83  98.69   6.21  98.69   6.21
  5 4 3 7
   3      11.30        81.35  80.45  93.90  98.89   6.08  98.89   6.08
  4 4 3 7
   3      11.56        83.23  82.39  94.01  99.08   5.95  99.08   5.95
  3 4 3 7
   3      11.80        84.95  84.25  94.17  99.25   5.84  99.25   5.84
  2 4 3 7
   3      12.05        86.75  86.10  94.25  99.41   5.73  99.41   5.73
  1 4 3 7
   3      12.29        88.48  87.96  94.40  99.54   5.62  99.54   5.62
  9 3 3 7
   3      10.50        75.59  74.43  93.50  98.13   6.49  98.13   6.49
  8 3 3 7
   3      10.76        77.47  76.43  93.69  98.42   6.35  98.42   6.35
  7 3 3 7
   3      11.03        79.41  78.42  93.78  98.66   6.21  98.66   6.21
  6 3 3 7
   3      11.29        81.28  80.41  93.94  98.87   6.08  98.87   6.08
  5 3 3 7
   3      11.55        83.15  82.34  94.03  99.06   5.96  99.06   5.96
  4 3 3 7
   3      11.79        84.88  84.20  94.20  99.25   5.85  99.25   5.85
  3 3 3 7
   3      12.04        86.68  86.05  94.27  99.40   5.73  99.40   5.73
  2 3 3 7
   3      12.29        88.48  87.90  94.34  99.53   5.62  99.53   5.62
  1 3 3 7
   3      12.53        90.21  89.74  94.47  99.65   5.52  99.65   5.52
  9 2 3 7
   3      10.76        77.47  76.41  93.66  98.36   6.35  98.36   6.35
  8 2 3 7
   3      11.03        79.41  78.39  93.74  98.62   6.21  98.62   6.21
  7 2 3 7
   3      11.29        81.28  80.38  93.91  98.84   6.08  98.84   6.08
  6 2 3 7
   3      11.54        83.08  82.31  94.08  99.04   5.96  99.04   5.96
  5 2 3 7
   3      11.79        84.88  84.16  94.16  99.23   5.85  99.23   5.85
  4 2 3 7
   3      12.03        86.61  86.00  94.30  99.39   5.74  99.39   5.74
  3 2 3 7
   3      12.28        88.41  87.85  94.36  99.53   5.63  99.53   5.63
  2 2 3 7
   3      12.52        90.14  89.69  94.49  99.64   5.53  99.64   5.53
  1 2 3 7
   3      12.76        91.86  91.52  94.61  99.74   5.43  99.74   5.43
  9 1 3 7
   3      11.02        79.34  78.39  93.82  98.56   6.21  98.56   6.21
  8 1 3 7
   3      11.29        81.28  80.36  93.89  98.80   6.08  98.80   6.08
  7 1 3 7
   3      11.54        83.08  82.29  94.06  99.01   5.96  99.01   5.96
  6 1 3 7
   3      11.79        84.88  84.13  94.12  99.21   5.84  99.21   5.84
  5 1 3 7
   3      12.03        86.61  85.97  94.26  99.38   5.74  99.38   5.74
  4 1 3 7
   3      12.27        88.34  87.82  94.40  99.52   5.63  99.52   5.63
  3 1 3 7
   3      12.52        90.14  89.64  94.44  99.64   5.53  99.64   5.53
  2 1 3 7
   3      12.76        91.86  91.48  94.56  99.74   5.43  99.74   5.43
  1 1 3 7
   3      13.00        93.59  93.31  94.67  99.82   5.33  99.82   5.33
  9 9 2 7
   3       9.18        66.09  64.53  92.72  96.22   7.28  96.22   7.28
  8 9 2 7
   3       9.45        68.05  66.57  92.89  96.72   7.11  96.72   7.11
  7 9 2 7
   3       9.72        70.01  68.60  93.06  97.16   6.94  97.16   6.94
  6 9 2 7
   3       9.99        71.95  70.64  93.22  97.55   6.78  97.55   6.78
  5 9 2 7
   3      10.26        73.87  72.67  93.42  97.88   6.63  97.88   6.63
  4 9 2 7
   3      10.53        75.81  74.69  93.56  98.17   6.47  98.17   6.47
  3 9 2 7
   3      10.80        77.75  76.72  93.69  98.42   6.33  98.42   6.33
  2 9 2 7
   3      11.07        79.70  78.73  93.81  98.63   6.19  98.63   6.19
  1 9 2 7
   3      11.34        81.64  80.76  93.93  98.82   6.05  98.82   6.05
  9 8 2 7
   3       9.44        67.98  66.50  92.89  96.70   7.11  96.70   7.11
  8 8 2 7
   3       9.71        69.94  68.53  93.06  97.16   6.95  97.16   6.95
  7 8 2 7
   3       9.98        71.88  70.56  93.22  97.55   6.79  97.55   6.79
  6 8 2 7
   3      10.25        73.79  72.58  93.40  97.89   6.63  97.89   6.63
  5 8 2 7
   3      10.52        75.74  74.60  93.54  98.19   6.48  98.19   6.48
  4 8 2 7
   3      10.79        77.68  76.62  93.66  98.44   6.34  98.44   6.34
  3 8 2 7
   3      11.06        79.63  78.64  93.78  98.66   6.20  98.66   6.20
  2 8 2 7
   3      11.32        81.50  80.64  93.97  98.85   6.06  98.85   6.06
  1 8 2 7
   3      11.58        83.37  82.59  94.08  99.04   5.94  99.04   5.94
  9 7 2 7
   3       9.71        69.88  68.48  93.05  97.13   6.95  97.13   6.95
  8 7 2 7
   3       9.98        71.82  70.50  93.21  97.54   6.79  97.54   6.79
  7 7 2 7
   3      10.24        73.72  72.52  93.41  97.89   6.64  97.89   6.64
  6 7 2 7
   3      10.51        75.67  74.53  93.53  98.19   6.49  98.19   6.49
  5 7 2 7
   3      10.78        77.61  76.54  93.65  98.45   6.34  98.45   6.34
  4 7 2 7
   3      11.05        79.55  78.55  93.76  98.67   6.20  98.67   6.20
  3 7 2 7
   3      11.31        81.43  80.55  93.94  98.87   6.07  98.87   6.07
  2 7 2 7
   3      11.57        83.30  82.50  94.05  99.05   5.95  99.05   5.95
  1 7 2 7
   3      11.82        85.10  84.37  94.15  99.23   5.83  99.23   5.83
  9 6 2 7
   3       9.97        71.77  70.45  93.21  97.50   6.79  97.50   6.79
  8 6 2 7
   3      10.24        73.72  72.46  93.33  97.86   6.64  97.86   6.64
  7 6 2 7
   3      10.50        75.59  74.47  93.55  98.18   6.49  98.18   6.49
  6 6 2 7
   3      10.77        77.54  76.47  93.66  98.44   6.35  98.44   6.35
  5 6 2 7
   3      11.04        79.48  78.48  93.76  98.68   6.21  98.68   6.21
  4 6 2 7
   3      11.30        81.35  80.48  93.94  98.87   6.08  98.87   6.08
  3 6 2 7
   3      11.56        83.23  82.42  94.04  99.06   5.95  99.06   5.95
  2 6 2 7
   3      11.81        85.03  84.28  94.13  99.24   5.84  99.24   5.84
  1 6 2 7
   3      12.05        86.75  86.15  94.30  99.39   5.73  99.39   5.73
  9 5 2 7
   3      10.23        73.65  72.42  93.37  97.82   6.64  97.82   6.64
  8 5 2 7
   3      10.50        75.59  74.42  93.49  98.15   6.49  98.15   6.49
  7 5 2 7
   3      10.76        77.47  76.42  93.68  98.43   6.35  98.43   6.35
  6 5 2 7
   3      11.03        79.41  78.42  93.77  98.67   6.21  98.67   6.21
  5 5 2 7
   3      11.29        81.28  80.41  93.94  98.87   6.08  98.87   6.08
  4 5 2 7
   3      11.55        83.15  82.35  94.04  99.06   5.96  99.06   5.96
  3 5 2 7
   3      11.80        84.95  84.21  94.13  99.24   5.84  99.24   5.84
  2 5 2 7
   3      12.04        86.68  86.07  94.29  99.40   5.73  99.40   5.73
  1 5 2 7
   3      12.29        88.48  87.92  94.36  99.53   5.62  99.53   5.62
  9 4 2 7
   3      10.49        75.52  74.39  93.53  98.10   6.49  98.10   6.49
  8 4 2 7
   3      10.76        77.47  76.38  93.63  98.39   6.35  98.39   6.35
  7 4 2 7
   3      11.02        79.34  78.37  93.80  98.64   6.22  98.64   6.22
  6 4 2 7
   3      11.29        81.28  80.36  93.88  98.86   6.08  98.86   6.08
  5 4 2 7
   3      11.54        83.08  82.30  94.06  99.05   5.96  99.05   5.96
  4 4 2 7
   3      11.79        84.88  84.15  94.15  99.23   5.85  99.23   5.85
  3 4 2 7
   3      12.03        86.61  86.00  94.30  99.39   5.74  99.39   5.74
  2 4 2 7
   3      12.28        88.41  87.85  94.36  99.53   5.63  99.53   5.63
  1 4 2 7
   3      12.52        90.14  89.70  94.50  99.64   5.53  99.64   5.53
  9 3 2 7
   3      10.75        77.39  76.35  93.68  98.34   6.35  98.34   6.35
  8 3 2 7
   3      11.02        79.34  78.34  93.77  98.61   6.21  98.61   6.21
  7 3 2 7
   3      11.28        81.21  80.32  93.92  98.83   6.08  98.83   6.08
  6 3 2 7
   3      11.54        83.08  82.26  94.02  99.03   5.96  99.03   5.96
  5 3 2 7
   3      11.78        84.81  84.11  94.18  99.22   5.85  99.22   5.85
  4 3 2 7
   3      12.03        86.61  85.95  94.24  99.39   5.74  99.39   5.74
  3 3 2 7
   3      12.27        88.34  87.79  94.38  99.52   5.63  99.52   5.63
  2 3 2 7
   3      12.51        90.06  89.64  94.51  99.64   5.53  99.64   5.53
  1 3 2 7
   3      12.76        91.86  91.47  94.55  99.74   5.43  99.74   5.43
  9 2 2 7
   3      11.01        79.27  78.32  93.82  98.56   6.22  98.56   6.22
  8 2 2 7
   3      11.28        81.21  80.30  93.89  98.79   6.08  98.79   6.08
  7 2 2 7
   3      11.53        83.01  82.23  94.07  99.00   5.96  99.00   5.96
  6 2 2 7
   3      11.78        84.81  84.07  94.13  99.20   5.85  99.20   5.85
  5 2 2 7
   3      12.02        86.54  85.91  94.28  99.37   5.74  99.37   5.74
  4 2 2 7
   3      12.27        88.34  87.75  94.33  99.52   5.63  99.52   5.63
  3 2 2 7
   3      12.51        90.06  89.58  94.45  99.64   5.53  99.64   5.53
  2 2 2 7
   3      12.75        91.79  91.42  94.57  99.74   5.43  99.74   5.43
  1 2 2 7
   3      12.99        93.52  93.24  94.68  99.82   5.34  99.82   5.34
  9 1 2 7
   3      11.28        81.21  80.28  93.87  98.74   6.08  98.74   6.08
  8 1 2 7
   3      11.53        83.01  82.21  94.05  98.97   5.96  98.97   5.96
  7 1 2 7
   3      11.78        84.81  84.06  94.12  99.18   5.85  99.18   5.85
  6 1 2 7
   3      12.02        86.54  85.89  94.25  99.35   5.74  99.35   5.74
  5 1 2 7
   3      12.26        88.26  87.72  94.37  99.50   5.64  99.50   5.64
  4 1 2 7
   3      12.50        89.99  89.55  94.50  99.63   5.54  99.63   5.54
  3 1 2 7
   3      12.74        91.72  91.37  94.60  99.73   5.44  99.73   5.44
  2 1 2 7
   3      12.99        93.52  93.20  94.63  99.81   5.34  99.81   5.34
  1 1 2 7
   3      13.23        95.25  95.02  94.73  99.88   5.24  99.88   5.24
  9 9 9 6
   3       7.59        54.64  52.66  91.51  92.83   8.49  92.83   8.49
  8 9 9 6
   3       7.87        56.67  54.75  91.73  93.67   8.26  93.67   8.26
  7 9 9 6
   3       8.15        58.69  56.84  91.96  94.41   8.04  94.41   8.04
  6 9 9 6
   3       8.43        60.71  58.92  92.17  95.06   7.83  95.06   7.83
  5 9 9 6
   3       8.71        62.71  61.01  92.37  95.62   7.62  95.62   7.62
  4 9 9 6
   3       8.99        64.72  63.09  92.57  96.12   7.43  96.12   7.43
  3 9 9 6
   3       9.27        66.71  65.17  92.77  96.56   7.24  96.56   7.24
  2 9 9 6
   3       9.54        68.70  67.25  92.95  96.95   7.06  96.95   7.06
  1 9 9 6
   3       9.82        70.70  69.32  93.12  97.29   6.88  97.29   6.88
  9 8 9 6
   3       7.86        56.61  54.68  91.73  93.64   8.27  93.64   8.27
  8 8 9 6
   3       8.14        58.62  56.76  91.95  94.40   8.05  94.40   8.05
  7 8 9 6
   3       8.42        60.63  58.84  92.16  95.07   7.84  95.07   7.84
  6 8 9 6
   3       8.70        62.63  60.92  92.36  95.65   7.64  95.65   7.64
  5 8 9 6
   3       8.98        64.63  62.99  92.56  96.17   7.44  96.17   7.44
  4 8 9 6
   3       9.25        66.62  65.07  92.75  96.61   7.25  96.61   7.25
  3 8 9 6
   3       9.53        68.60  67.14  92.93  97.01   7.07  97.01   7.07
  2 8 9 6
   3       9.81        70.59  69.21  93.10  97.36   6.90  97.36   6.90
  1 8 9 6
   3      10.08        72.57  71.28  93.27  97.67   6.73  97.67   6.73
  9 7 9 6
   3       8.14        58.57  56.71  91.94  94.35   8.05  94.35   8.05
  8 7 9 6
   3       8.41        60.57  58.78  92.15  95.04   7.85  95.04   7.85
  7 7 9 6
   3       8.69        62.56  60.85  92.36  95.65   7.64  95.65   7.64
  6 7 9 6
   3       8.97        64.56  62.92  92.55  96.18   7.45  96.18   7.45
  5 7 9 6
   3       9.24        66.54  64.98  92.73  96.64   7.26  96.64   7.26
  4 7 9 6
   3       9.52        68.52  67.05  92.91  97.05   7.08  97.05   7.08
  3 7 9 6
   3       9.79        70.50  69.11  93.09  97.40   6.91  97.40   6.91
  2 7 9 6
   3      10.07        72.50  71.17  93.22  97.71   6.74  97.71   6.74
  1 7 9 6
   3      10.34        74.44  73.23  93.41  97.99   6.58  97.99   6.58
  9 6 9 6
   3       8.41        60.52  58.73  92.15  94.97   7.85  94.97   7.85
  8 6 9 6
   3       8.68        62.51  60.79  92.35  95.60   7.65  95.60   7.65
  7 6 9 6
   3       8.96        64.50  62.86  92.54  96.15   7.45  96.15   7.45
  6 6 9 6
   3       9.23        66.47  64.92  92.74  96.63   7.27  96.63   7.27
  5 6 9 6
   3       9.51        68.45  66.97  92.91  97.05   7.09  97.05   7.09
  4 6 9 6
   3       9.78        70.42  69.03  93.09  97.42   6.92  97.42   6.92
  3 6 9 6
   3      10.05        72.35  71.08  93.29  97.74   6.75  97.74   6.75
  2 6 9 6
   3      10.33        74.37  73.13  93.38  98.02   6.59  98.02   6.59
  1 6 9 6
   3      10.60        76.31  75.18  93.55  98.27   6.44  98.27   6.44
  9 5 9 6
   3       8.68        62.47  60.75  92.35  95.51   7.64  95.51   7.64
  8 5 9 6
   3       8.95        64.45  62.81  92.54  96.09   7.45  96.09   7.45
  7 5 9 6
   3       9.23        66.42  64.86  92.73  96.59   7.27  96.59   7.27
  6 5 9 6
   3       9.50        68.39  66.91  92.90  97.03   7.09  97.03   7.09
  5 5 9 6
   3       9.77        70.35  68.96  93.08  97.41   6.92  97.41   6.92
  4 5 9 6
   3      10.04        72.28  71.01  93.28  97.74   6.76  97.74   6.76
  3 5 9 6
   3      10.32        74.30  73.05  93.36  98.03   6.60  98.03   6.60
  2 5 9 6
   3      10.59        76.24  75.09  93.53  98.29   6.45  98.29   6.45
  1 5 9 6
   3      10.86        78.19  77.13  93.67  98.51   6.30  98.51   6.30
  9 4 9 6
   3       8.95        64.41  62.77  92.54  96.00   7.45  96.00   7.45
  8 4 9 6
   3       9.22        66.39  64.82  92.73  96.52   7.27  96.52   7.27
  7 4 9 6
   3       9.49        68.34  66.87  92.91  96.98   7.10  96.98   7.10
  6 4 9 6
   3       9.77        70.30  68.91  93.08  97.38   6.93  97.38   6.93
  5 4 9 6
   3      10.04        72.28  70.95  93.21  97.73   6.76  97.73   6.76
  4 4 9 6
   3      10.31        74.23  72.98  93.37  98.03   6.60  98.03   6.60
  3 4 9 6
   3      10.58        76.17  75.02  93.52  98.29   6.45  98.29   6.45
  2 4 9 6
   3      10.85        78.11  77.05  93.67  98.52   6.31  98.52   6.31
  1 4 9 6
   3      11.12        80.06  79.08  93.79  98.72   6.17  98.72   6.17
  9 3 9 6
   3       9.22        66.35  64.80  92.74  96.42   7.27  96.42   7.27
  8 3 9 6
   3       9.49        68.32  66.84  92.91  96.90   7.09  96.90   7.09
  7 3 9 6
   3       9.76        70.27  68.87  93.08  97.32   6.93  97.32   6.93
  6 3 9 6
   3      10.03        72.21  70.91  93.24  97.69   6.76  97.69   6.76
  5 3 9 6
   3      10.30        74.15  72.93  93.40  98.00   6.61  98.00   6.61
  4 3 9 6
   3      10.57        76.10  74.96  93.54  98.27   6.46  98.27   6.46
  3 3 9 6
   3      10.84        78.04  76.98  93.67  98.51   6.31  98.51   6.31
  2 3 9 6
   3      11.11        79.99  79.01  93.80  98.72   6.17  98.72   6.17
  1 3 9 6
   3      11.37        81.86  81.02  93.99  98.90   6.04  98.90   6.04
  9 2 9 6
   3       9.49        68.29  66.82  92.91  96.79   7.09  96.79   7.09
  8 2 9 6
   3       9.76        70.24  68.85  93.07  97.24   6.92  97.24   6.92
  7 2 9 6
   3      10.03        72.21  70.88  93.21  97.62   6.76  97.62   6.76
  6 2 9 6
   3      10.30        74.15  72.90  93.36  97.95   6.60  97.95   6.60
  5 2 9 6
   3      10.56        76.03  74.92  93.58  98.24   6.46  98.24   6.46
  4 2 9 6
   3      10.83        77.97  76.94  93.70  98.49   6.32  98.49   6.32
  3 2 9 6
   3      11.10        79.91  78.95  93.82  98.70   6.18  98.70   6.18
  2 2 9 6
   3      11.37        81.86  80.96  93.92  98.89   6.04  98.89   6.04
  1 2 9 6
   3      11.63        83.73  82.97  94.10  99.05   5.91  99.05   5.91
  9 1 9 6
   3       9.76        70.23  68.84  93.08  97.13   6.92  97.13   6.92
  8 1 9 6
   3      10.02        72.14  70.86  93.28  97.54   6.76  97.54   6.76
  7 1 9 6
   3      10.29        74.08  72.88  93.42  97.89   6.61  97.89   6.61
  6 1 9 6
   3      10.56        76.03  74.90  93.55  98.19   6.46  98.19   6.46
  5 1 9 6
   3      10.83        77.97  76.91  93.67  98.45   6.31  98.45   6.31
  4 1 9 6
   3      11.09        79.84  78.92  93.86  98.68   6.18  98.68   6.18
  3 1 9 6
   3      11.36        81.79  80.92  93.95  98.87   6.04  98.87   6.04
  2 1 9 6
   3      11.63        83.73  82.93  94.05  99.04   5.91  99.04   5.91
  1 1 9 6
   3      11.87        85.46  84.78  94.21  99.20   5.80  99.20   5.80
  9 9 8 6
   3       7.85        56.54  54.62  91.73  93.61   8.28  93.61   8.28
  8 9 8 6
   3       8.13        58.56  56.70  91.94  94.38   8.06  94.38   8.06
  7 9 8 6
   3       8.41        60.57  58.78  92.15  95.05   7.85  95.05   7.85
  6 9 8 6
   3       8.69        62.57  60.86  92.36  95.63   7.64  95.63   7.64
  5 9 8 6
   3       8.97        64.56  62.93  92.56  96.15   7.45  96.15   7.45
  4 9 8 6
   3       9.24        66.56  65.00  92.74  96.60   7.26  96.60   7.26
  3 9 8 6
   3       9.52        68.55  67.08  92.92  96.99   7.08  96.99   7.08
  2 9 8 6
   3       9.80        70.53  69.14  93.10  97.35   6.90  97.35   6.90
  1 9 8 6
   3      10.07        72.50  71.21  93.28  97.66   6.74  97.66   6.74
  9 8 8 6
   3       8.13        58.50  56.63  91.94  94.34   8.06  94.34   8.06
  8 8 8 6
   3       8.40        60.50  58.71  92.15  95.04   7.85  95.04   7.85
  7 8 8 6
   3       8.68        62.50  60.78  92.35  95.65   7.65  95.65   7.65
  6 8 8 6
   3       8.96        64.49  62.85  92.55  96.18   7.46  96.18   7.46
  5 8 8 6
   3       9.23        66.47  64.91  92.73  96.64   7.27  96.64   7.27
  4 8 8 6
   3       9.51        68.45  66.98  92.91  97.04   7.09  97.04   7.09
  3 8 8 6
   3       9.78        70.43  69.04  93.08  97.40   6.91  97.40   6.91
  2 8 8 6
   3      10.06        72.43  71.10  93.22  97.71   6.75  97.71   6.75
  1 8 8 6
   3      10.33        74.37  73.16  93.41  97.99   6.59  97.99   6.59
  9 7 8 6
   3       8.40        60.45  58.65  92.14  94.99   7.86  94.99   7.86
  8 7 8 6
   3       8.67        62.43  60.71  92.35  95.62   7.66  95.62   7.66
  7 7 8 6
   3       8.95        64.42  62.78  92.54  96.17   7.46  96.17   7.46
  6 7 8 6
   3       9.22        66.40  64.84  92.72  96.65   7.28  96.65   7.28
  5 7 8 6
   3       9.50        68.37  66.89  92.90  97.07   7.10  97.07   7.10
  4 7 8 6
   3       9.77        70.35  68.95  93.07  97.43   6.93  97.43   6.93
  3 7 8 6
   3      10.04        72.28  71.00  93.27  97.75   6.76  97.75   6.76
  2 7 8 6
   3      10.32        74.30  73.05  93.37  98.03   6.60  98.03   6.60
  1 7 8 6
   3      10.59        76.24  75.10  93.54  98.28   6.45  98.28   6.45
  9 6 8 6
   3       8.66        62.38  60.66  92.34  95.56   7.66  95.56   7.66
  8 6 8 6
   3       8.94        64.36  62.72  92.54  96.13   7.47  96.13   7.47
  7 6 8 6
   3       9.22        66.34  64.77  92.72  96.63   7.28  96.63   7.28
  6 6 8 6
   3       9.49        68.31  66.82  92.90  97.06   7.10  97.06   7.10
  5 6 8 6
   3       9.76        70.27  68.87  93.07  97.44   6.93  97.44   6.93
  4 6 8 6
   3      10.03        72.21  70.92  93.26  97.77   6.77  97.77   6.77
  3 6 8 6
   3      10.30        74.15  72.96  93.43  98.05   6.61  98.05   6.61
  2 6 8 6
   3      10.58        76.17  75.00  93.50  98.30   6.45  98.30   6.45
  1 6 8 6
   3      10.85        78.11  77.04  93.66  98.53   6.31  98.53   6.31
  9 5 8 6
   3       8.93        64.32  62.68  92.54  96.05   7.47  96.05   7.47
  8 5 8 6
   3       9.21        66.29  64.73  92.72  96.57   7.28  96.57   7.28
  7 5 8 6
   3       9.48        68.26  66.77  92.89  97.03   7.11  97.03   7.11
  6 5 8 6
   3       9.75        70.22  68.81  93.06  97.42   6.94  97.42   6.94
  5 5 8 6
   3      10.02        72.14  70.85  93.27  97.76   6.78  97.76   6.78
  4 5 8 6
   3      10.29        74.08  72.89  93.43  98.06   6.62  98.06   6.62
  3 5 8 6
   3      10.56        76.03  74.92  93.58  98.31   6.47  98.31   6.47
  2 5 8 6
   3      10.83        77.97  76.95  93.72  98.54   6.32  98.54   6.32
  1 5 8 6
   3      11.10        79.91  78.98  93.86  98.74   6.18  98.74   6.18
  9 4 8 6
   3       9.20        66.26  64.69  92.72  96.49   7.28  96.49   7.28
  8 4 8 6
   3       9.48        68.21  66.73  92.90  96.96   7.11  96.96   7.11
  7 4 8 6
   3       9.75        70.17  68.77  93.06  97.38   6.94  97.38   6.94
  6 4 8 6
   3      10.02        72.14  70.80  93.20  97.73   6.77  97.73   6.77
  5 4 8 6
   3      10.29        74.08  72.83  93.35  98.04   6.62  98.04   6.62
  4 4 8 6
   3      10.56        76.03  74.86  93.50  98.31   6.47  98.31   6.47
  3 4 8 6
   3      10.82        77.90  76.88  93.72  98.54   6.32  98.54   6.32
  2 4 8 6
   3      11.09        79.84  78.90  93.84  98.74   6.18  98.74   6.18
  1 4 8 6
   3      11.36        81.79  80.92  93.96  98.92   6.05  98.92   6.05
  9 3 8 6
   3       9.47        68.19  66.71  92.90  96.87   7.10  96.87   7.10
  8 3 8 6
   3       9.74        70.14  68.74  93.06  97.31   6.94  97.31   6.94
  7 3 8 6
   3      10.01        72.07  70.76  93.24  97.68   6.78  97.68   6.78
  6 3 8 6
   3      10.28        74.01  72.79  93.39  98.00   6.62  98.00   6.62
  5 3 8 6
   3      10.55        75.95  74.81  93.53  98.29   6.47  98.29   6.47
  4 3 8 6
   3      10.82        77.90  76.82  93.65  98.53   6.32  98.53   6.32
  3 3 8 6
   3      11.08        79.77  78.84  93.85  98.74   6.19  98.74   6.19
  2 3 8 6
   3      11.35        81.71  80.85  93.96  98.92   6.05  98.92   6.05
  1 3 8 6
   3      11.62        83.66  82.86  94.05  99.07   5.92  99.07   5.92
  9 2 8 6
   3       9.74        70.12  68.72  93.07  97.21   6.93  97.21   6.93
  8 2 8 6
   3      10.01        72.07  70.74  93.21  97.61   6.77  97.61   6.77
  7 2 8 6
   3      10.28        74.01  72.76  93.36  97.95   6.62  97.95   6.62
  6 2 8 6
   3      10.54        75.88  74.77  93.57  98.24   6.47  98.24   6.47
  5 2 8 6
   3      10.81        77.83  76.79  93.69  98.50   6.33  98.50   6.33
  4 2 8 6
   3      11.08        79.77  78.79  93.80  98.72   6.19  98.72   6.19
  3 2 8 6
   3      11.34        81.64  80.80  93.98  98.91   6.06  98.91   6.06
  2 2 8 6
   3      11.61        83.59  82.80  94.07  99.07   5.93  99.07   5.93
  1 2 8 6
   3      11.86        85.39  84.67  94.17  99.23   5.81  99.23   5.81
  9 1 8 6
   3      10.01        72.07  70.73  93.20  97.51   6.77  97.51   6.77
  8 1 8 6
   3      10.27        73.94  72.74  93.43  97.88   6.62  97.88   6.62
  7 1 8 6
   3      10.54        75.88  74.75  93.55  98.19   6.47  98.19   6.47
  6 1 8 6
   3      10.81        77.83  76.76  93.66  98.46   6.33  98.46   6.33
  5 1 8 6
   3      11.07        79.70  78.76  93.85  98.69   6.19  98.69   6.19
  4 1 8 6
   3      11.34        81.64  80.76  93.93  98.88   6.06  98.88   6.06
  3 1 8 6
   3      11.60        83.51  82.75  94.09  99.05   5.93  99.05   5.93
  2 1 8 6
   3      11.85        85.31  84.62  94.19  99.22   5.81  99.22   5.81
  1 1 8 6
   3      12.09        87.04  86.42  94.28  99.37   5.71  99.37   5.71
  9 9 7 6
   3       8.12        58.44  56.58  91.94  94.29   8.07  94.29   8.07
  8 9 7 6
   3       8.40        60.45  58.65  92.14  94.99   7.86  94.99   7.86
  7 9 7 6
   3       8.67        62.44  60.72  92.35  95.60   7.66  95.60   7.66
  6 9 7 6
   3       8.95        64.43  62.79  92.54  96.14   7.46  96.14   7.46
  5 9 7 6
   3       9.23        66.42  64.86  92.72  96.61   7.27  96.61   7.27
  4 9 7 6
   3       9.50        68.40  66.92  92.90  97.02   7.09  97.02   7.09
  3 9 7 6
   3       9.77        70.37  68.98  93.08  97.38   6.92  97.38   6.92
  2 9 7 6
   3      10.05        72.35  71.04  93.24  97.69   6.75  97.69   6.75
  1 9 7 6
   3      10.32        74.30  73.10  93.43  97.97   6.59  97.97   6.59
  9 8 7 6
   3       8.39        60.38  58.59  92.14  94.96   7.86  94.96   7.86
  8 8 7 6
   3       8.66        62.38  60.65  92.33  95.60   7.66  95.60   7.66
  7 8 7 6
   3       8.94        64.36  62.71  92.53  96.15   7.47  96.15   7.47
  6 8 7 6
   3       9.22        66.34  64.77  92.71  96.63   7.28  96.63   7.28
  5 8 7 6
   3       9.49        68.32  66.83  92.89  97.05   7.10  97.05   7.10
  4 8 7 6
   3       9.76        70.28  68.88  93.07  97.42   6.93  97.42   6.93
  3 8 7 6
   3      10.04        72.28  70.94  93.19  97.74   6.76  97.74   6.76
  2 8 7 6
   3      10.31        74.23  72.99  93.38  98.02   6.60  98.02   6.60
  1 8 7 6
   3      10.58        76.17  75.04  93.55  98.27   6.45  98.27   6.45
  9 7 7 6
   3       8.66        62.32  60.59  92.33  95.55   7.67  95.55   7.67
  8 7 7 6
   3       8.93        64.30  62.65  92.53  96.13   7.47  96.13   7.47
  7 7 7 6
   3       9.20        66.27  64.70  92.71  96.62   7.29  96.62   7.29
  6 7 7 6
   3       9.48        68.24  66.75  92.89  97.06   7.11  97.06   7.11
  5 7 7 6
   3       9.75        70.21  68.80  93.06  97.44   6.94  97.44   6.94
  4 7 7 6
   3      10.02        72.14  70.85  93.26  97.77   6.78  97.77   6.78
  3 7 7 6
   3      10.30        74.15  72.89  93.34  98.05   6.61  98.05   6.61
  2 7 7 6
   3      10.57        76.10  74.93  93.50  98.30   6.46  98.30   6.46
  1 7 7 6
   3      10.84        78.04  76.97  93.65  98.53   6.31  98.53   6.31
  9 6 7 6
   3       8.92        64.25  62.60  92.52  96.07   7.48  96.07   7.48
  8 6 7 6
   3       9.20        66.22  64.65  92.70  96.59   7.29  96.59   7.29
  7 6 7 6
   3       9.47        68.19  66.69  92.88  97.04   7.12  97.04   7.12
  6 6 7 6
   3       9.74        70.14  68.73  93.05  97.43   6.94  97.43   6.94
  5 6 7 6
   3      10.01        72.07  70.77  93.26  97.77   6.78  97.77   6.78
  4 6 7 6
   3      10.28        74.01  72.81  93.42  98.06   6.63  98.06   6.63
  3 6 7 6
   3      10.55        75.95  74.84  93.57  98.32   6.47  98.32   6.47
  2 6 7 6
   3      10.82        77.90  76.88  93.72  98.55   6.33  98.55   6.33
  1 6 7 6
   3      11.09        79.84  78.90  93.84  98.74   6.18  98.74   6.18
  9 5 7 6
   3       9.19        66.18  64.61  92.70  96.52   7.29  96.52   7.29
  8 5 7 6
   3       9.46        68.14  66.64  92.88  96.99   7.12  96.99   7.12
  7 5 7 6
   3       9.73        70.09  68.68  93.05  97.40   6.95  97.40   6.95
  6 5 7 6
   3      10.01        72.07  70.71  93.18  97.75   6.78  97.75   6.78
  5 5 7 6
   3      10.28        74.01  72.74  93.33  98.06   6.62  98.06   6.62
  4 5 7 6
   3      10.54        75.88  74.77  93.57  98.33   6.48  98.33   6.48
  3 5 7 6
   3      10.81        77.83  76.79  93.70  98.56   6.33  98.56   6.33
  2 5 7 6
   3      11.08        79.77  78.82  93.83  98.76   6.19  98.76   6.19
  1 5 7 6
   3      11.35        81.71  80.83  93.94  98.93   6.05  98.93   6.05
  9 4 7 6
   3       9.46        68.10  66.61  92.88  96.92   7.12  96.92   7.12
  8 4 7 6
   3       9.73        70.05  68.64  93.05  97.34   6.95  97.34   6.95
  7 4 7 6
   3      10.00        71.99  70.67  93.21  97.71   6.79  97.71   6.79
  6 4 7 6
   3      10.27        73.94  72.69  93.36  98.03   6.63  98.03   6.63
  5 4 7 6
   3      10.54        75.88  74.71  93.50  98.31   6.48  98.31   6.48
  4 4 7 6
   3      10.81        77.83  76.73  93.63  98.55   6.33  98.55   6.33
  3 4 7 6
   3      11.07        79.70  78.74  93.82  98.76   6.20  98.76   6.20
  2 4 7 6
   3      11.34        81.64  80.76  93.93  98.94   6.06  98.94   6.06
  1 4 7 6
   3      11.61        83.59  82.77  94.03  99.09   5.93  99.09   5.93
  9 3 7 6
   3       9.73        70.02  68.61  93.05  97.26   6.95  97.26   6.95
  8 3 7 6
   3       9.99        71.96  70.64  93.22  97.66   6.79  97.66   6.79
  7 3 7 6
   3      10.26        73.87  72.66  93.40  97.99   6.63  97.99   6.63
  6 3 7 6
   3      10.53        75.81  74.67  93.53  98.28   6.48  98.28   6.48
  5 3 7 6
   3      10.80        77.75  76.68  93.65  98.53   6.34  98.53   6.34
  4 3 7 6
   3      11.06        79.63  78.69  93.84  98.74   6.20  98.74   6.20
  3 3 7 6
   3      11.33        81.57  80.70  93.95  98.93   6.06  98.93   6.06
  2 3 7 6
   3      11.60        83.51  82.70  94.03  99.09   5.93  99.09   5.93
  1 3 7 6
   3      11.84        85.24  84.58  94.22  99.24   5.82  99.24   5.82
  9 2 7 6
   3       9.99        71.94  70.62  93.22  97.57   6.78  97.57   6.78
  8 2 7 6
   3      10.26        73.87  72.63  93.37  97.93   6.63  97.93   6.63
  7 2 7 6
   3      10.53        75.81  74.64  93.50  98.23   6.48  98.23   6.48
  6 2 7 6
   3      10.79        77.68  76.65  93.70  98.50   6.34  98.50   6.34
  5 2 7 6
   3      11.06        79.63  78.65  93.80  98.72   6.20  98.72   6.20
  4 2 7 6
   3      11.32        81.50  80.64  93.97  98.91   6.07  98.91   6.07
  3 2 7 6
   3      11.59        83.44  82.65  94.06  99.08   5.94  99.08   5.94
  2 2 7 6
   3      11.84        85.24  84.52  94.16  99.24   5.82  99.24   5.82
  1 2 7 6
   3      12.08        86.97  86.32  94.25  99.39   5.71  99.39   5.71
  9 1 7 6
   3      10.26        73.87  72.62  93.36  97.84   6.62  97.84   6.62
  8 1 7 6
   3      10.52        75.74  74.63  93.57  98.17   6.48  98.17   6.48
  7 1 7 6
   3      10.79        77.68  76.63  93.67  98.45   6.34  98.45   6.34
  6 1 7 6
   3      11.06        79.63  78.62  93.76  98.68   6.20  98.68   6.20
  5 1 7 6
   3      11.32        81.50  80.61  93.93  98.89   6.07  98.89   6.07
  4 1 7 6
   3      11.58        83.37  82.61  94.09  99.06   5.94  99.06   5.94
  3 1 7 6
   3      11.83        85.17  84.48  94.19  99.22   5.83  99.22   5.83
  2 1 7 6
   3      12.07        86.90  86.28  94.28  99.38   5.72  99.38   5.72
  1 1 7 6
   3      12.31        88.62  88.07  94.36  99.51   5.61  99.51   5.61
  9 9 6 6
   3       8.38        60.33  58.54  92.14  94.89   7.86  94.89   7.86
  8 9 6 6
   3       8.66        62.33  60.60  92.34  95.53   7.66  95.53   7.66
  7 9 6 6
   3       8.93        64.31  62.67  92.53  96.09   7.47  96.09   7.47
  6 9 6 6
   3       9.21        66.29  64.73  92.72  96.58   7.28  96.58   7.28
  5 9 6 6
   3       9.48        68.26  66.78  92.90  97.01   7.11  97.01   7.11
  4 9 6 6
   3       9.76        70.24  68.84  93.07  97.38   6.93  97.38   6.93
  3 9 6 6
   3      10.03        72.21  70.89  93.22  97.70   6.77  97.70   6.77
  2 9 6 6
   3      10.30        74.15  72.94  93.41  97.99   6.61  97.99   6.61
  1 9 6 6
   3      10.57        76.10  74.99  93.58  98.24   6.46  98.24   6.46
  9 8 6 6
   3       8.65        62.26  60.54  92.33  95.51   7.67  95.51   7.67
  8 8 6 6
   3       8.92        64.25  62.60  92.52  96.08   7.48  96.08   7.48
  7 8 6 6
   3       9.20        66.22  64.65  92.71  96.59   7.29  96.59   7.29
  6 8 6 6
   3       9.47        68.19  66.70  92.88  97.03   7.11  97.03   7.11
  5 8 6 6
   3       9.74        70.15  68.75  93.06  97.41   6.94  97.41   6.94
  4 8 6 6
   3      10.02        72.14  70.79  93.19  97.74   6.77  97.74   6.77
  3 8 6 6
   3      10.29        74.08  72.84  93.36  98.03   6.62  98.03   6.62
  2 8 6 6
   3      10.56        76.03  74.88  93.53  98.29   6.46  98.29   6.46
  1 8 6 6
   3      10.83        77.97  76.91  93.67  98.51   6.32  98.51   6.32
  9 7 6 6
   3       8.92        64.19  62.54  92.52  96.04   7.48  96.04   7.48
  8 7 6 6
   3       9.19        66.16  64.59  92.70  96.57   7.30  96.57   7.30
  7 7 6 6
   3       9.46        68.12  66.63  92.88  97.02   7.12  97.02   7.12
  6 7 6 6
   3       9.73        70.08  68.67  93.05  97.42   6.95  97.42   6.95
  5 7 6 6
   3      10.01        72.07  70.71  93.17  97.76   6.78  97.76   6.78
  4 7 6 6
   3      10.28        74.01  72.75  93.34  98.05   6.62  98.05   6.62
  3 7 6 6
   3      10.55        75.95  74.78  93.49  98.31   6.47  98.31   6.47
  2 7 6 6
   3      10.82        77.90  76.81  93.63  98.54   6.32  98.54   6.32
  1 7 6 6
   3      11.08        79.77  78.84  93.85  98.74   6.19  98.74   6.19
  9 6 6 6
   3       9.18        66.11  64.54  92.70  96.52   7.30  96.52   7.30
  8 6 6 6
   3       9.45        68.07  66.57  92.87  96.99   7.12  96.99   7.12
  7 6 6 6
   3       9.73        70.02  68.61  93.05  97.40   6.95  97.40   6.95
  6 6 6 6
   3      10.00        71.97  70.64  93.21  97.75   6.79  97.75   6.79
  5 6 6 6
   3      10.27        73.94  72.67  93.34  98.06   6.63  98.06   6.63
  4 6 6 6
   3      10.54        75.88  74.70  93.48  98.32   6.48  98.32   6.48
  3 6 6 6
   3      10.80        77.75  76.72  93.70  98.56   6.34  98.56   6.34
  2 6 6 6
   3      11.07        79.70  78.75  93.83  98.76   6.20  98.76   6.20
  1 6 6 6
   3      11.34        81.64  80.77  93.94  98.93   6.06  98.93   6.06
  9 5 6 6
   3       9.45        68.03  66.53  92.87  96.93   7.12  96.93   7.12
  8 5 6 6
   3       9.72        69.98  68.56  93.04  97.35   6.96  97.35   6.96
  7 5 6 6
   3       9.99        71.92  70.59  93.20  97.72   6.79  97.72   6.79
  6 5 6 6
   3      10.26        73.87  72.61  93.35  98.04   6.64  98.04   6.64
  5 5 6 6
   3      10.53        75.81  74.63  93.49  98.32   6.48  98.32   6.48
  4 5 6 6
   3      10.79        77.68  76.65  93.70  98.56   6.34  98.56   6.34
  3 5 6 6
   3      11.06        79.63  78.67  93.82  98.76   6.20  98.76   6.20
  2 5 6 6
   3      11.33        81.57  80.67  93.92  98.94   6.06  98.94   6.06
  1 5 6 6
   3      11.59        83.44  82.69  94.11  99.10   5.94  99.10   5.94
  9 4 6 6
   3       9.72        69.94  68.53  93.04  97.29   6.95  97.29   6.95
  8 4 6 6
   3       9.98        71.88  70.55  93.21  97.68   6.79  97.68   6.79
  7 4 6 6
   3      10.25        73.79  72.57  93.38  98.01   6.64  98.01   6.64
  6 4 6 6
   3      10.52        75.74  74.58  93.51  98.30   6.49  98.30   6.49
  5 4 6 6
   3      10.79        77.68  76.60  93.63  98.54   6.34  98.54   6.34
  4 4 6 6
   3      11.05        79.55  78.61  93.83  98.76   6.21  98.76   6.21
  3 4 6 6
   3      11.32        81.50  80.61  93.92  98.94   6.07  98.94   6.07
  2 4 6 6
   3      11.58        83.37  82.61  94.09  99.10   5.94  99.10   5.94
  1 4 6 6
   3      11.83        85.17  84.50  94.21  99.25   5.83  99.25   5.83
  9 3 6 6
   3       9.98        71.85  70.52  93.21  97.61   6.79  97.61   6.79
  8 3 6 6
   3      10.25        73.79  72.54  93.34  97.96   6.64  97.96   6.64
  7 3 6 6
   3      10.52        75.74  74.55  93.47  98.26   6.49  98.26   6.49
  6 3 6 6
   3      10.78        77.61  76.55  93.66  98.52   6.35  98.52   6.35
  5 3 6 6
   3      11.05        79.55  78.55  93.76  98.74   6.21  98.74   6.21
  4 3 6 6
   3      11.31        81.43  80.55  93.94  98.93   6.07  98.93   6.07
  3 3 6 6
   3      11.58        83.37  82.55  94.02  99.10   5.94  99.10   5.94
  2 3 6 6
   3      11.83        85.17  84.44  94.14  99.25   5.83  99.25   5.83
  1 3 6 6
   3      12.06        86.83  86.24  94.32  99.40   5.72  99.40   5.72
  9 2 6 6
   3      10.24        73.72  72.52  93.41  97.89   6.64  97.89   6.64
  8 2 6 6
   3      10.51        75.67  74.52  93.53  98.21   6.49  98.21   6.49
  7 2 6 6
   3      10.78        77.61  76.52  93.63  98.48   6.34  98.48   6.34
  6 2 6 6
   3      11.04        79.48  78.52  93.81  98.71   6.21  98.71   6.21
  5 2 6 6
   3      11.31        81.43  80.52  93.90  98.91   6.07  98.91   6.07
  4 2 6 6
   3      11.57        83.30  82.50  94.05  99.08   5.95  99.08   5.95
  3 2 6 6
   3      11.82        85.10  84.39  94.17  99.24   5.83  99.24   5.83
  2 2 6 6
   3      12.06        86.83  86.18  94.25  99.39   5.72  99.39   5.72
  1 2 6 6
   3      12.30        88.55  87.98  94.34  99.52   5.62  99.52   5.62
  9 1 6 6
   3      10.51        75.67  74.51  93.51  98.13   6.48  98.13   6.48
  8 1 6 6
   3      10.77        77.54  76.50  93.70  98.42   6.35  98.42   6.35
  7 1 6 6
   3      11.04        79.48  78.50  93.79  98.67   6.21  98.67   6.21
  6 1 6 6
   3      11.30        81.35  80.49  93.95  98.88   6.08  98.88   6.08
  5 1 6 6
   3      11.57        83.30  82.47  94.02  99.06   5.95  99.06   5.95
  4 1 6 6
   3      11.82        85.10  84.35  94.13  99.22   5.83  99.22   5.83
  3 1 6 6
   3      12.05        86.75  86.14  94.29  99.38   5.73  99.38   5.73
  2 1 6 6
   3      12.29        88.48  87.93  94.37  99.51   5.62  99.51   5.62
  1 1 6 6
   3      12.52        90.14  89.71  94.51  99.62   5.53  99.62   5.53
  9 9 5 6
   3       8.64        62.22  60.50  92.33  95.42   7.67  95.42   7.67
  8 9 5 6
   3       8.92        64.20  62.56  92.53  96.01   7.48  96.01   7.48
  7 9 5 6
   3       9.19        66.18  64.61  92.70  96.52   7.29  96.52   7.29
  6 9 5 6
   3       9.47        68.15  66.66  92.89  96.97   7.11  96.97   7.11
  5 9 5 6
   3       9.74        70.12  68.71  93.06  97.35   6.94  97.35   6.94
  4 9 5 6
   3      10.01        72.07  70.76  93.23  97.69   6.78  97.69   6.78
  3 9 5 6
   3      10.28        74.01  72.80  93.41  97.99   6.62  97.99   6.62
  2 9 5 6
   3      10.55        75.95  74.84  93.57  98.25   6.47  98.25   6.47
  1 9 5 6
   3      10.82        77.90  76.88  93.72  98.48   6.32  98.48   6.32
  9 8 5 6
   3       8.91        64.14  62.49  92.52  95.98   7.48  95.98   7.48
  8 8 5 6
   3       9.18        66.11  64.54  92.70  96.51   7.30  96.51   7.30
  7 8 5 6
   3       9.46        68.08  66.59  92.88  96.97   7.12  96.97   7.12
  6 8 5 6
   3       9.73        70.04  68.63  93.05  97.37   6.95  97.37   6.95
  5 8 5 6
   3      10.00        71.99  70.67  93.21  97.72   6.79  97.72   6.79
  4 8 5 6
   3      10.27        73.94  72.70  93.37  98.02   6.63  98.02   6.63
  3 8 5 6
   3      10.54        75.88  74.74  93.53  98.29   6.48  98.29   6.48
  2 8 5 6
   3      10.81        77.83  76.77  93.67  98.52   6.33  98.52   6.33
  1 8 5 6
   3      11.08        79.77  78.79  93.80  98.72   6.19  98.72   6.19
  9 7 5 6
   3       9.18        66.05  64.48  92.70  96.48   7.30  96.48   7.30
  8 7 5 6
   3       9.45        68.02  66.52  92.87  96.95   7.13  96.95   7.13
  7 7 5 6
   3       9.72        69.97  68.56  93.04  97.37   6.96  97.37   6.96
  6 7 5 6
   3       9.99        71.92  70.59  93.20  97.73   6.79  97.73   6.79
  5 7 5 6
   3      10.26        73.87  72.62  93.36  98.04   6.64  98.04   6.64
  4 7 5 6
   3      10.53        75.81  74.65  93.50  98.31   6.48  98.31   6.48
  3 7 5 6
   3      10.80        77.75  76.67  93.64  98.54   6.34  98.54   6.34
  2 7 5 6
   3      11.07        79.70  78.70  93.77  98.74   6.19  98.74   6.19
  1 7 5 6
   3      11.33        81.57  80.71  93.96  98.92   6.06  98.92   6.06
  9 6 5 6
   3       9.44        67.97  66.47  92.87  96.91   7.13  96.91   7.13
  8 6 5 6
   3       9.71        69.92  68.50  93.04  97.34   6.96  97.34   6.96
  7 6 5 6
   3       9.98        71.86  70.53  93.21  97.71   6.80  97.71   6.80
  6 6 5 6
   3      10.25        73.79  72.55  93.36  98.03   6.64  98.03   6.64
  5 6 5 6
   3      10.52        75.74  74.57  93.50  98.31   6.49  98.31   6.49
  4 6 5 6
   3      10.79        77.68  76.59  93.62  98.55   6.34  98.55   6.34
  3 6 5 6
   3      11.05        79.55  78.61  93.83  98.76   6.21  98.76   6.21
  2 6 5 6
   3      11.32        81.50  80.61  93.93  98.94   6.07  98.94   6.07
  1 6 5 6
   3      11.59        83.44  82.63  94.04  99.09   5.94  99.09   5.94
  9 5 5 6
   3       9.71        69.88  68.46  93.03  97.29   6.96  97.29   6.96
  8 5 5 6
   3       9.98        71.81  70.48  93.20  97.67   6.80  97.67   6.80
  7 5 5 6
   3      10.24        73.72  72.50  93.39  98.01   6.65  98.01   6.65
  6 5 5 6
   3      10.51        75.67  74.51  93.52  98.30   6.50  98.30   6.50
  5 5 5 6
   3      10.78        77.61  76.53  93.64  98.54   6.35  98.54   6.35
  4 5 5 6
   3      11.04        79.48  78.54  93.83  98.76   6.21  98.76   6.21
  3 5 5 6
   3      11.31        81.43  80.54  93.93  98.94   6.08  98.94   6.08
  2 5 5 6
   3      11.58        83.37  82.54  94.02  99.10   5.94  99.10   5.94
  1 5 5 6
   3      11.83        85.17  84.44  94.14  99.25   5.83  99.25   5.83
  9 4 5 6
   3       9.97        71.78  70.45  93.20  97.62   6.80  97.62   6.80
  8 4 5 6
   3      10.24        73.72  72.46  93.33  97.97   6.64  97.97   6.64
  7 4 5 6
   3      10.51        75.67  74.47  93.46  98.27   6.49  98.27   6.49
  6 4 5 6
   3      10.77        77.54  76.47  93.66  98.53   6.35  98.53   6.35
  5 4 5 6
   3      11.04        79.48  78.48  93.76  98.75   6.21  98.75   6.21
  4 4 5 6
   3      11.30        81.35  80.48  93.94  98.94   6.08  98.94   6.08
  3 4 5 6
   3      11.57        83.30  82.47  94.02  99.10   5.95  99.10   5.95
  2 4 5 6
   3      11.82        85.10  84.37  94.15  99.25   5.83  99.25   5.83
  1 4 5 6
   3      12.06        86.83  86.16  94.24  99.40   5.72  99.40   5.72
  9 3 5 6
   3      10.23        73.65  72.43  93.39  97.90   6.65  97.90   6.65
  8 3 5 6
   3      10.50        75.59  74.44  93.51  98.22   6.50  98.22   6.50
  7 3 5 6
   3      10.77        77.54  76.44  93.61  98.49   6.35  98.49   6.35
  6 3 5 6
   3      11.03        79.41  78.43  93.79  98.72   6.22  98.72   6.22
  5 3 5 6
   3      11.30        81.35  80.42  93.88  98.92   6.08  98.92   6.08
  4 3 5 6
   3      11.56        83.23  82.42  94.04  99.09   5.95  99.09   5.95
  3 3 5 6
   3      11.81        85.03  84.31  94.17  99.25   5.84  99.25   5.84
  2 3 5 6
   3      12.05        86.75  86.10  94.25  99.40   5.73  99.40   5.73
  1 3 5 6
   3      12.28        88.41  87.90  94.41  99.52   5.63  99.52   5.63
  9 2 5 6
   3      10.50        75.59  74.42  93.48  98.16   6.49  98.16   6.49
  8 2 5 6
   3      10.76        77.47  76.41  93.67  98.44   6.35  98.44   6.35
  7 2 5 6
   3      11.03        79.41  78.41  93.76  98.69   6.21  98.69   6.21
  6 2 5 6
   3      11.29        81.28  80.39  93.92  98.90   6.08  98.90   6.08
  5 2 5 6
   3      11.55        83.15  82.37  94.07  99.07   5.96  99.07   5.96
  4 2 5 6
   3      11.80        84.95  84.27  94.19  99.24   5.84  99.24   5.84
  3 2 5 6
   3      12.04        86.68  86.06  94.28  99.39   5.73  99.39   5.73
  2 2 5 6
   3      12.28        88.41  87.85  94.36  99.52   5.63  99.52   5.63
  1 2 5 6
   3      12.51        90.06  89.63  94.50  99.63   5.53  99.63   5.53
  9 1 5 6
   3      10.76        77.47  76.40  93.65  98.38   6.35  98.38   6.35
  8 1 5 6
   3      11.02        79.34  78.39  93.83  98.64   6.22  98.64   6.22
  7 1 5 6
   3      11.29        81.28  80.37  93.90  98.86   6.08  98.86   6.08
  6 1 5 6
   3      11.55        83.15  82.35  94.04  99.05   5.96  99.05   5.96
  5 1 5 6
   3      11.80        84.95  84.24  94.16  99.22   5.84  99.22   5.84
  4 1 5 6
   3      12.04        86.68  86.02  94.24  99.38   5.73  99.38   5.73
  3 1 5 6
   3      12.27        88.34  87.80  94.38  99.51   5.63  99.51   5.63
  2 1 5 6
   3      12.51        90.06  89.58  94.45  99.62   5.53  99.62   5.53
  1 1 5 6
   3      12.74        91.72  91.36  94.58  99.72   5.44  99.72   5.44
  9 9 4 6
   3       8.90        64.11  62.46  92.52  95.88   7.48  95.88   7.48
  8 9 4 6
   3       9.18        66.08  64.51  92.70  96.42   7.30  96.42   7.30
  7 9 4 6
   3       9.45        68.05  66.56  92.88  96.90   7.12  96.90   7.12
  6 9 4 6
   3       9.72        70.01  68.60  93.05  97.30   6.95  97.30   6.95
  5 9 4 6
   3       9.99        71.96  70.64  93.22  97.66   6.79  97.66   6.79
  4 9 4 6
   3      10.27        73.94  72.67  93.34  97.97   6.63  97.97   6.63
  3 9 4 6
   3      10.54        75.88  74.71  93.49  98.24   6.47  98.24   6.47
  2 9 4 6
   3      10.81        77.83  76.74  93.64  98.48   6.33  98.48   6.33
  1 9 4 6
   3      11.07        79.70  78.76  93.85  98.69   6.19  98.69   6.19
  9 8 4 6
   3       9.17        66.02  64.45  92.70  96.40   7.30  96.40   7.30
  8 8 4 6
   3       9.44        67.98  66.49  92.87  96.89   7.13  96.89   7.13
  7 8 4 6
   3       9.71        69.94  68.52  93.04  97.31   6.96  97.31   6.96
  6 8 4 6
   3       9.98        71.89  70.55  93.20  97.68   6.79  97.68   6.79
  5 8 4 6
   3      10.25        73.79  72.58  93.40  97.99   6.64  97.99   6.64
  4 8 4 6
   3      10.52        75.74  74.61  93.55  98.27   6.49  98.27   6.49
  3 8 4 6
   3      10.79        77.68  76.63  93.68  98.51   6.34  98.51   6.34
  2 8 4 6
   3      11.06        79.63  78.66  93.81  98.72   6.20  98.72   6.20
  1 8 4 6
   3      11.33        81.57  80.67  93.92  98.90   6.06  98.90   6.06
  9 7 4 6
   3       9.44        67.93  66.43  92.87  96.86   7.13  96.86   7.13
  8 7 4 6
   3       9.71        69.88  68.46  93.03  97.29   6.96  97.29   6.96
  7 7 4 6
   3       9.98        71.82  70.49  93.20  97.67   6.80  97.67   6.80
  6 7 4 6
   3      10.24        73.72  72.51  93.40  98.00   6.65  98.00   6.65
  5 7 4 6
   3      10.51        75.67  74.53  93.54  98.28   6.49  98.28   6.49
  4 7 4 6
   3      10.78        77.61  76.55  93.66  98.52   6.35  98.52   6.35
  3 7 4 6
   3      11.05        79.55  78.56  93.77  98.74   6.21  98.74   6.21
  2 7 4 6
   3      11.31        81.43  80.58  93.97  98.92   6.07  98.92   6.07
  1 7 4 6
   3      11.58        83.37  82.59  94.07  99.08   5.94  99.08   5.94
  9 6 4 6
   3       9.70        69.83  68.41  93.03  97.25   6.96  97.25   6.96
  8 6 4 6
   3       9.97        71.76  70.43  93.20  97.65   6.80  97.65   6.80
  7 6 4 6
   3      10.24        73.72  72.45  93.32  97.98   6.65  97.98   6.65
  6 6 4 6
   3      10.50        75.59  74.46  93.54  98.28   6.50  98.28   6.50
  5 6 4 6
   3      10.77        77.54  76.47  93.66  98.53   6.35  98.53   6.35
  4 6 4 6
   3      11.04        79.48  78.48  93.77  98.74   6.21  98.74   6.21
  3 6 4 6
   3      11.30        81.35  80.49  93.95  98.93   6.08  98.93   6.08
  2 6 4 6
   3      11.57        83.30  82.49  94.04  99.09   5.95  99.09   5.95
  1 6 4 6
   3      11.82        85.10  84.39  94.17  99.24   5.83  99.24   5.83
  9 5 4 6
   3       9.96        71.72  70.39  93.20  97.60   6.80  97.60   6.80
  8 5 4 6
   3      10.23        73.65  72.40  93.35  97.95   6.65  97.95   6.65
  7 5 4 6
   3      10.50        75.59  74.41  93.47  98.25   6.50  98.25   6.50
  6 5 4 6
   3      10.76        77.47  76.41  93.67  98.52   6.36  98.52   6.36
  5 5 4 6
   3      11.03        79.41  78.42  93.77  98.74   6.22  98.74   6.22
  4 5 4 6
   3      11.29        81.28  80.42  93.95  98.93   6.09  98.93   6.09
  3 5 4 6
   3      11.56        83.23  82.41  94.03  99.10   5.95  99.10   5.95
  2 5 4 6
   3      11.81        85.03  84.31  94.17  99.25   5.84  99.25   5.84
  1 5 4 6
   3      12.05        86.75  86.11  94.26  99.39   5.73  99.39   5.73
  9 4 4 6
   3      10.23        73.65  72.37  93.30  97.90   6.65  97.90   6.65
  8 4 4 6
   3      10.49        75.52  74.37  93.51  98.22   6.50  98.22   6.50
  7 4 4 6
   3      10.76        77.47  76.37  93.62  98.49   6.36  98.49   6.36
  6 4 4 6
   3      11.02        79.34  78.37  93.80  98.72   6.22  98.72   6.22
  5 4 4 6
   3      11.29        81.28  80.36  93.88  98.92   6.09  98.92   6.09
  4 4 4 6
   3      11.55        83.15  82.35  94.04  99.09   5.96  99.09   5.96
  3 4 4 6
   3      11.80        84.95  84.25  94.17  99.25   5.84  99.25   5.84
  2 4 4 6
   3      12.04        86.68  86.04  94.26  99.40   5.73  99.40   5.73
  1 4 4 6
   3      12.28        88.41  87.84  94.35  99.52   5.63  99.52   5.63
  9 3 4 6
   3      10.49        75.52  74.34  93.48  98.16   6.50  98.16   6.50
  8 3 4 6
   3      10.75        77.39  76.34  93.67  98.45   6.36  98.45   6.36
  7 3 4 6
   3      11.02        79.34  78.33  93.76  98.69   6.22  98.69   6.22
  6 3 4 6
   3      11.28        81.21  80.32  93.92  98.90   6.09  98.90   6.09
  5 3 4 6
   3      11.54        83.08  82.30  94.06  99.08   5.96  99.08   5.96
  4 3 4 6
   3      11.80        84.95  84.20  94.12  99.24   5.84  99.24   5.84
  3 3 4 6
   3      12.03        86.61  85.99  94.28  99.39   5.74  99.39   5.74
  2 3 4 6
   3      12.27        88.34  87.77  94.35  99.52   5.63  99.52   5.63
  1 3 4 6
   3      12.50        89.99  89.56  94.50  99.63   5.54  99.63   5.54
  9 2 4 6
   3      10.75        77.39  76.32  93.64  98.39   6.36  98.39   6.36
  8 2 4 6
   3      11.01        79.27  78.30  93.81  98.65   6.22  98.65   6.22
  7 2 4 6
   3      11.28        81.21  80.29  93.88  98.87   6.09  98.87   6.09
  6 2 4 6
   3      11.54        83.08  82.27  94.03  99.06   5.96  99.06   5.96
  5 2 4 6
   3      11.79        84.88  84.16  94.16  99.22   5.84  99.22   5.84
  4 2 4 6
   3      12.03        86.61  85.94  94.23  99.38   5.74  99.38   5.74
  3 2 4 6
   3      12.26        88.26  87.73  94.38  99.51   5.64  99.51   5.64
  2 2 4 6
   3      12.50        89.99  89.51  94.45  99.63   5.54  99.63   5.54
  1 2 4 6
   3      12.73        91.65  91.28  94.58  99.72   5.44  99.72   5.44
  9 1 4 6
   3      11.01        79.27  78.29  93.80  98.60   6.22  98.60   6.22
  8 1 4 6
   3      11.27        81.14  80.27  93.95  98.83   6.09  98.83   6.09
  7 1 4 6
   3      11.54        83.08  82.24  94.00  99.03   5.96  99.03   5.96
  6 1 4 6
   3      11.79        84.88  84.14  94.13  99.20   5.84  99.20   5.84
  5 1 4 6
   3      12.02        86.54  85.92  94.28  99.37   5.74  99.37   5.74
  4 1 4 6
   3      12.26        88.26  87.70  94.35  99.50   5.64  99.50   5.64
  3 1 4 6
   3      12.49        89.92  89.46  94.48  99.62   5.54  99.62   5.54
  2 1 4 6
   3      12.73        91.65  91.24  94.53  99.72   5.44  99.72   5.44
  1 1 4 6
   3      12.96        93.30  93.00  94.65  99.80   5.35  99.80   5.35
  9 9 3 6
   3       9.17        66.00  64.43  92.70  96.29   7.29  96.29   7.29
  8 9 3 6
   3       9.44        67.96  66.47  92.88  96.79   7.12  96.79   7.12
  7 9 3 6
   3       9.71        69.91  68.50  93.04  97.23   6.95  97.23   6.95
  6 9 3 6
   3       9.98        71.86  70.54  93.20  97.60   6.79  97.60   6.79
  5 9 3 6
   3      10.25        73.79  72.57  93.38  97.93   6.64  97.93   6.64
  4 9 3 6
   3      10.52        75.74  74.59  93.52  98.21   6.48  98.21   6.48
  3 9 3 6
   3      10.79        77.68  76.62  93.66  98.46   6.34  98.46   6.34
  2 9 3 6
   3      11.06        79.63  78.64  93.78  98.68   6.20  98.68   6.20
  1 9 3 6
   3      11.33        81.57  80.66  93.90  98.86   6.06  98.86   6.06
  9 8 3 6
   3       9.43        67.90  66.40  92.87  96.77   7.13  96.77   7.13
  8 8 3 6
   3       9.70        69.85  68.43  93.04  97.22   6.96  97.22   6.96
  7 8 3 6
   3       9.97        71.79  70.46  93.20  97.61   6.80  97.61   6.80
  6 8 3 6
   3      10.24        73.72  72.48  93.37  97.94   6.64  97.94   6.64
  5 8 3 6
   3      10.51        75.67  74.50  93.50  98.23   6.49  98.23   6.49
  4 8 3 6
   3      10.78        77.61  76.52  93.63  98.48   6.34  98.48   6.34
  3 8 3 6
   3      11.04        79.48  78.54  93.83  98.70   6.21  98.70   6.21
  2 8 3 6
   3      11.31        81.43  80.55  93.93  98.89   6.07  98.89   6.07
  1 8 3 6
   3      11.58        83.37  82.55  94.03  99.05   5.94  99.05   5.94
  9 7 3 6
   3       9.69        69.79  68.38  93.03  97.19   6.96  97.19   6.96
  8 7 3 6
   3       9.96        71.73  70.40  93.20  97.59   6.80  97.59   6.80
  7 7 3 6
   3      10.23        73.65  72.42  93.37  97.94   6.65  97.94   6.65
  6 7 3 6
   3      10.50        75.59  74.43  93.50  98.24   6.50  98.24   6.50
  5 7 3 6
   3      10.77        77.54  76.44  93.62  98.49   6.35  98.49   6.35
  4 7 3 6
   3      11.03        79.41  78.45  93.81  98.71   6.22  98.71   6.22
  3 7 3 6
   3      11.30        81.35  80.45  93.91  98.90   6.08  98.90   6.08
  2 7 3 6
   3      11.56        83.23  82.46  94.08  99.07   5.95  99.07   5.95
  1 7 3 6
   3      11.82        85.10  84.36  94.14  99.23   5.83  99.23   5.83
  9 6 3 6
   3       9.96        71.68  70.35  93.20  97.56   6.81  97.56   6.81
  8 6 3 6
   3      10.22        73.58  72.36  93.39  97.91   6.65  97.91   6.65
  7 6 3 6
   3      10.49        75.52  74.37  93.51  98.22   6.50  98.22   6.50
  6 6 3 6
   3      10.76        77.47  76.38  93.62  98.49   6.36  98.49   6.36
  5 6 3 6
   3      11.02        79.34  78.38  93.81  98.72   6.22  98.72   6.22
  4 6 3 6
   3      11.29        81.28  80.37  93.90  98.91   6.08  98.91   6.08
  3 6 3 6
   3      11.55        83.15  82.37  94.07  99.08   5.96  99.08   5.96
  2 6 3 6
   3      11.80        84.95  84.28  94.20  99.24   5.84  99.24   5.84
  1 6 3 6
   3      12.04        86.68  86.07  94.29  99.38   5.73  99.38   5.73
  9 5 3 6
   3      10.22        73.58  72.32  93.33  97.87   6.65  97.87   6.65
  8 5 3 6
   3      10.48        75.45  74.32  93.54  98.19   6.51  98.19   6.51
  7 5 3 6
   3      10.75        77.39  76.32  93.65  98.47   6.36  98.47   6.36
  6 5 3 6
   3      11.02        79.34  78.32  93.74  98.71   6.22  98.71   6.22
  5 5 3 6
   3      11.28        81.21  80.31  93.91  98.91   6.09  98.91   6.09
  4 5 3 6
   3      11.54        83.08  82.30  94.06  99.08   5.96  99.08   5.96
  3 5 3 6
   3      11.80        84.95  84.20  94.12  99.24   5.84  99.24   5.84
  2 5 3 6
   3      12.03        86.61  86.00  94.29  99.39   5.74  99.39   5.74
  1 5 3 6
   3      12.27        88.34  87.79  94.38  99.52   5.63  99.52   5.63
  9 4 3 6
   3      10.48        75.45  74.29  93.50  98.15   6.50  98.15   6.50
  8 4 3 6
   3      10.75        77.39  76.29  93.60  98.44   6.36  98.44   6.36
  7 4 3 6
   3      11.01        79.27  78.27  93.77  98.68   6.22  98.68   6.22
  6 4 3 6
   3      11.27        81.14  80.26  93.93  98.89   6.09  98.89   6.09
  5 4 3 6
   3      11.54        83.08  82.24  94.00  99.07   5.96  99.07   5.96
  4 4 3 6
   3      11.79        84.88  84.15  94.14  99.23   5.85  99.23   5.85
  3 4 3 6
   3      12.03        86.61  85.94  94.22  99.39   5.74  99.39   5.74
  2 4 3 6
   3      12.26        88.26  87.73  94.38  99.52   5.64  99.52   5.64
  1 4 3 6
   3      12.50        89.99  89.51  94.45  99.63   5.54  99.63   5.54
  9 3 3 6
   3      10.74        77.32  76.25  93.65  98.39   6.36  98.39   6.36
  8 3 3 6
   3      11.00        79.19  78.24  93.82  98.65   6.23  98.65   6.23
  7 3 3 6
   3      11.27        81.14  80.22  93.89  98.87   6.09  98.87   6.09
  6 3 3 6
   3      11.53        83.01  82.20  94.03  99.05   5.97  99.05   5.97
  5 3 3 6
   3      11.78        84.81  84.10  94.17  99.22   5.85  99.22   5.85
  4 3 3 6
   3      12.02        86.54  85.88  94.24  99.38   5.74  99.38   5.74
  3 3 3 6
   3      12.25        88.19  87.66  94.39  99.51   5.64  99.51   5.64
  2 3 3 6
   3      12.49        89.92  89.45  94.46  99.63   5.54  99.63   5.54
  1 3 3 6
   3      12.72        91.58  91.22  94.59  99.72   5.44  99.72   5.44
  9 2 3 6
   3      11.00        79.19  78.22  93.79  98.60   6.23  98.60   6.23
  8 2 3 6
   3      11.26        81.07  80.20  93.94  98.83   6.10  98.83   6.10
  7 2 3 6
   3      11.53        83.01  82.17  94.00  99.03   5.96  99.03   5.96
  6 2 3 6
   3      11.78        84.81  84.07  94.13  99.20   5.85  99.20   5.85
  5 2 3 6
   3      12.01        86.47  85.85  94.29  99.37   5.75  99.37   5.75
  4 2 3 6
   3      12.25        88.19  87.63  94.35  99.50   5.64  99.50   5.64
  3 2 3 6
   3      12.48        89.85  89.39  94.48  99.62   5.54  99.62   5.54
  2 2 3 6
   3      12.72        91.58  91.17  94.54  99.72   5.44  99.72   5.44
  1 2 3 6
   3      12.95        93.23  92.93  94.66  99.80   5.35  99.80   5.35
  9 1 3 6
   3      11.26        81.07  80.18  93.93  98.78   6.09  98.78   6.09
  8 1 3 6
   3      11.52        82.94  82.15  94.06  98.99   5.97  98.99   5.97
  7 1 3 6
   3      11.78        84.81  84.06  94.12  99.17   5.85  99.17   5.85
  6 1 3 6
   3      12.01        86.47  85.82  94.25  99.35   5.74  99.35   5.74
  5 1 3 6
   3      12.24        88.12  87.60  94.40  99.49   5.65  99.49   5.65
  4 1 3 6
   3      12.48        89.85  89.36  94.45  99.61   5.54  99.61   5.54
  3 1 3 6
   3      12.71        91.50  91.13  94.57  99.71   5.45  99.71   5.45
  2 1 3 6
   3      12.94        93.16  92.89  94.68  99.80   5.36  99.80   5.36
  1 1 3 6
   3      13.18        94.89  94.65  94.72  99.87   5.26  99.87   5.26
  9 9 2 6
   3       9.43        67.88  66.39  92.88  96.65   7.12  96.65   7.12
  8 9 2 6
   3       9.70        69.83  68.42  93.05  97.12   6.95  97.12   6.95
  7 9 2 6
   3       9.97        71.78  70.45  93.20  97.52   6.79  97.52   6.79
  6 9 2 6
   3      10.24        73.72  72.47  93.35  97.86   6.64  97.86   6.64
  5 9 2 6
   3      10.51        75.67  74.49  93.49  98.16   6.49  98.16   6.49
  4 9 2 6
   3      10.78        77.61  76.51  93.62  98.42   6.34  98.42   6.34
  3 9 2 6
   3      11.04        79.48  78.52  93.81  98.65   6.21  98.65   6.21
  2 9 2 6
   3      11.31        81.43  80.54  93.93  98.85   6.07  98.85   6.07
  1 9 2 6
   3      11.58        83.37  82.55  94.02  99.02   5.94  99.02   5.94
  9 8 2 6
   3       9.69        69.77  68.36  93.04  97.10   6.96  97.10   6.96
  8 8 2 6
   3       9.96        71.71  70.38  93.20  97.51   6.80  97.51   6.80
  7 8 2 6
   3      10.23        73.65  72.40  93.35  97.87   6.64  97.87   6.64
  6 8 2 6
   3      10.50        75.59  74.41  93.48  98.18   6.49  98.18   6.49
  5 8 2 6
   3      10.76        77.47  76.42  93.68  98.44   6.35  98.44   6.35
  4 8 2 6
   3      11.03        79.41  78.43  93.79  98.67   6.21  98.67   6.21
  3 8 2 6
   3      11.30        81.35  80.43  93.88  98.87   6.08  98.87   6.08
  2 8 2 6
   3      11.56        83.23  82.44  94.07  99.04   5.95  99.04   5.95
  1 8 2 6
   3      11.81        85.03  84.34  94.20  99.20   5.83  99.20   5.83
  9 7 2 6
   3       9.95        71.66  70.32  93.19  97.48   6.80  97.48   6.80
  8 7 2 6
   3      10.22        73.58  72.34  93.36  97.85   6.65  97.85   6.65
  7 7 2 6
   3      10.49        75.52  74.34  93.48  98.17   6.50  98.17   6.50
  6 7 2 6
   3      10.75        77.39  76.35  93.67  98.44   6.36  98.44   6.36
  5 7 2 6
   3      11.02        79.34  78.35  93.77  98.68   6.22  98.68   6.22
  4 7 2 6
   3      11.28        81.21  80.35  93.95  98.88   6.09  98.88   6.09
  3 7 2 6
   3      11.55        83.15  82.34  94.03  99.05   5.96  99.05   5.96
  2 7 2 6
   3      11.80        84.95  84.25  94.18  99.21   5.84  99.21   5.84
  1 7 2 6
   3      12.04        86.68  86.05  94.27  99.37   5.73  99.37   5.73
  9 6 2 6
   3      10.21        73.51  72.29  93.38  97.82   6.65  97.82   6.65
  8 6 2 6
   3      10.48        75.45  74.29  93.50  98.15   6.50  98.15   6.50
  7 6 2 6
   3      10.75        77.39  76.29  93.61  98.43   6.36  98.43   6.36
  6 6 2 6
   3      11.01        79.27  78.29  93.79  98.67   6.22  98.67   6.22
  5 6 2 6
   3      11.28        81.21  80.28  93.87  98.88   6.09  98.88   6.09
  4 6 2 6
   3      11.54        83.08  82.27  94.03  99.06   5.96  99.06   5.96
  3 6 2 6
   3      11.79        84.88  84.18  94.17  99.22   5.84  99.22   5.84
  2 6 2 6
   3      12.03        86.61  85.97  94.26  99.37   5.74  99.37   5.74
  1 6 2 6
   3      12.27        88.34  87.76  94.34  99.50   5.63  99.50   5.63
  9 5 2 6
   3      10.47        75.38  74.25  93.53  98.11   6.51  98.11   6.51
  8 5 2 6
   3      10.74        77.32  76.24  93.63  98.41   6.36  98.41   6.36
  7 5 2 6
   3      11.00        79.19  78.23  93.81  98.66   6.23  98.66   6.23
  6 5 2 6
   3      11.27        81.14  80.22  93.89  98.87   6.09  98.87   6.09
  5 5 2 6
   3      11.53        83.01  82.20  94.03  99.05   5.97  99.05   5.97
  4 5 2 6
   3      11.78        84.81  84.11  94.18  99.22   5.85  99.22   5.85
  3 5 2 6
   3      12.02        86.54  85.90  94.26  99.37   5.74  99.37   5.74
  2 5 2 6
   3      12.26        88.26  87.69  94.34  99.51   5.64  99.51   5.64
  1 5 2 6
   3      12.49        89.92  89.47  94.48  99.62   5.54  99.62   5.54
  9 4 2 6
   3      10.73        77.25  76.21  93.68  98.37   6.37  98.37   6.37
  8 4 2 6
   3      11.00        79.19  78.20  93.76  98.63   6.23  98.63   6.23
  7 4 2 6
   3      11.26        81.07  80.17  93.92  98.85   6.10  98.85   6.10
  6 4 2 6
   3      11.52        82.94  82.15  94.06  99.04   5.97  99.04   5.97
  5 4 2 6
   3      11.78        84.81  84.06  94.12  99.21   5.85  99.21   5.85
  4 4 2 6
   3      12.01        86.47  85.85  94.28  99.37   5.75  99.37   5.75
  3 4 2 6
   3      12.25        88.19  87.62  94.34  99.50   5.64  99.50   5.64
  2 4 2 6
   3      12.48        89.85  89.40  94.49  99.62   5.54  99.62   5.54
  1 4 2 6
   3      12.72        91.58  91.18  94.54  99.72   5.44  99.72   5.44
  9 3 2 6
   3      10.99        79.12  78.17  93.81  98.59   6.23  98.59   6.23
  8 3 2 6
   3      11.26        81.07  80.14  93.88  98.82   6.10  98.82   6.10
  7 3 2 6
   3      11.52        82.94  82.12  94.02  99.02   5.97  99.02   5.97
  6 3 2 6
   3      11.77        84.74  84.02  94.15  99.19   5.85  99.19   5.85
  5 3 2 6
   3      12.01        86.47  85.80  94.23  99.36   5.75  99.36   5.75
  4 3 2 6
   3      12.24        88.12  87.57  94.37  99.50   5.65  99.50   5.65
  3 3 2 6
   3      12.48        89.85  89.35  94.43  99.62   5.54  99.62   5.54
  2 3 2 6
   3      12.71        91.50  91.11  94.56  99.72   5.45  99.72   5.45
  1 3 2 6
   3      12.94        93.16  92.88  94.68  99.80   5.36  99.80   5.36
  9 2 2 6
   3      11.25        80.99  80.12  93.94  98.78   6.10  98.78   6.10
  8 2 2 6
   3      11.52        82.94  82.09  93.99  98.99   5.97  98.99   5.97
  7 2 2 6
   3      11.77        84.74  84.00  94.13  99.17   5.85  99.17   5.85
  6 2 2 6
   3      12.00        86.39  85.77  94.27  99.34   5.75  99.34   5.75
  5 2 2 6
   3      12.24        88.12  87.54  94.33  99.49   5.65  99.49   5.65
  4 2 2 6
   3      12.47        89.78  89.30  94.46  99.61   5.55  99.61   5.55
  3 2 2 6
   3      12.70        91.43  91.07  94.58  99.71   5.45  99.71   5.45
  2 2 2 6
   3      12.94        93.16  92.83  94.62  99.80   5.36  99.80   5.36
  1 2 2 6
   3      13.17        94.82  94.59  94.73  99.87   5.27  99.87   5.27
  9 1 2 6
   3      11.51        82.87  82.08  94.06  98.95   5.97  98.95   5.97
  8 1 2 6
   3      11.77        84.74  83.98  94.11  99.14   5.85  99.14   5.85
  7 1 2 6
   3      12.00        86.39  85.75  94.25  99.32   5.75  99.32   5.75
  6 1 2 6
   3      12.23        88.05  87.51  94.38  99.47   5.65  99.47   5.65
  5 1 2 6
   3      12.47        89.78  89.27  94.43  99.60   5.55  99.60   5.55
  4 1 2 6
   3      12.70        91.43  91.03  94.54  99.71   5.45  99.71   5.45
  3 1 2 6
   3      12.93        93.09  92.79  94.66  99.79   5.36  99.79   5.36
  2 1 2 6
   3      13.16        94.74  94.54  94.76  99.86   5.27  99.86   5.27
  1 1 2 6
   3      13.39        96.40  96.29  94.85  99.92   5.18  99.92   5.18
  9 9 9 5
   3       7.85        56.51  54.58  91.73  93.48   8.27  93.48   8.27
  8 9 9 5
   3       8.13        58.52  56.67  91.94  94.27   8.05  94.27   8.05
  7 9 9 5
   3       8.41        60.53  58.74  92.16  94.95   7.84  94.95   7.84
  6 9 9 5
   3       8.69        62.53  60.82  92.36  95.55   7.64  95.55   7.64
  5 9 9 5
   3       8.96        64.53  62.90  92.56  96.08   7.44  96.08   7.44
  4 9 9 5
   3       9.24        66.52  64.97  92.74  96.54   7.26  96.54   7.26
  3 9 9 5
   3       9.52        68.51  67.04  92.92  96.94   7.08  96.94   7.08
  2 9 9 5
   3       9.79        70.49  69.11  93.10  97.30   6.90  97.30   6.90
  1 9 9 5
   3      10.07        72.50  71.18  93.23  97.62   6.73  97.62   6.73
  9 8 9 5
   3       8.12        58.46  56.60  91.94  94.23   8.06  94.23   8.06
  8 8 9 5
   3       8.40        60.46  58.67  92.15  94.94   7.85  94.94   7.85
  7 8 9 5
   3       8.68        62.46  60.74  92.35  95.56   7.65  95.56   7.65
  6 8 9 5
   3       8.95        64.45  62.81  92.55  96.11   7.46  96.11   7.46
  5 8 9 5
   3       9.23        66.44  64.88  92.73  96.58   7.27  96.58   7.27
  4 8 9 5
   3       9.50        68.42  66.94  92.91  96.99   7.09  96.99   7.09
  3 8 9 5
   3       9.78        70.40  69.00  93.08  97.36   6.92  97.36   6.92
  2 8 9 5
   3      10.05        72.35  71.06  93.26  97.68   6.75  97.68   6.75
  1 8 9 5
   3      10.32        74.30  73.12  93.45  97.96   6.59  97.96   6.59
  9 7 9 5
   3       8.39        60.40  58.61  92.15  94.89   7.86  94.89   7.86
  8 7 9 5
   3       8.67        62.40  60.68  92.35  95.54   7.66  95.54   7.66
  7 7 9 5
   3       8.94        64.38  62.74  92.54  96.10   7.46  96.10   7.46
  6 7 9 5
   3       9.22        66.36  64.80  92.72  96.59   7.28  96.59   7.28
  5 7 9 5
   3       9.49        68.34  66.86  92.90  97.02   7.10  97.02   7.10
  4 7 9 5
   3       9.77        70.31  68.91  93.07  97.39   6.93  97.39   6.93
  3 7 9 5
   3      10.04        72.28  70.96  93.23  97.72   6.76  97.72   6.76
  2 7 9 5
   3      10.31        74.23  73.01  93.41  98.00   6.60  98.00   6.60
  1 7 9 5
   3      10.58        76.17  75.06  93.58  98.26   6.45  98.26   6.45
  9 6 9 5
   3       8.66        62.35  60.63  92.34  95.47   7.66  95.47   7.66
  8 6 9 5
   3       8.94        64.33  62.69  92.54  96.06   7.47  96.06   7.47
  7 6 9 5
   3       9.21        66.31  64.74  92.71  96.57   7.28  96.57   7.28
  6 6 9 5
   3       9.48        68.27  66.79  92.90  97.01   7.10  97.01   7.10
  5 6 9 5
   3       9.76        70.24  68.84  93.07  97.39   6.93  97.39   6.93
  4 6 9 5
   3      10.03        72.21  70.88  93.21  97.73   6.77  97.73   6.77
  3 6 9 5
   3      10.30        74.15  72.92  93.39  98.03   6.61  98.03   6.61
  2 6 9 5
   3      10.57        76.10  74.97  93.55  98.28   6.46  98.28   6.46
  1 6 9 5
   3      10.84        78.04  77.01  93.70  98.51   6.31  98.51   6.31
  9 5 9 5
   3       8.93        64.28  62.64  92.54  95.98   7.47  95.98   7.47
  8 5 9 5
   3       9.20        66.26  64.69  92.72  96.51   7.28  96.51   7.28
  7 5 9 5
   3       9.48        68.22  66.74  92.89  96.97   7.11  96.97   7.11
  6 5 9 5
   3       9.75        70.18  68.78  93.06  97.38   6.94  97.38   6.94
  5 5 9 5
   3      10.02        72.14  70.82  93.22  97.72   6.77  97.72   6.77
  4 5 9 5
   3      10.29        74.08  72.85  93.38  98.03   6.62  98.03   6.62
  3 5 9 5
   3      10.56        76.03  74.88  93.54  98.29   6.46  98.29   6.46
  2 5 9 5
   3      10.83        77.97  76.91  93.67  98.53   6.32  98.53   6.32
  1 5 9 5
   3      11.10        79.91  78.95  93.81  98.73   6.18  98.73   6.18
  9 4 9 5
   3       9.20        66.22  64.66  92.72  96.42   7.28  96.42   7.28
  8 4 9 5
   3       9.47        68.18  66.70  92.90  96.91   7.11  96.91   7.11
  7 4 9 5
   3       9.74        70.14  68.73  93.06  97.33   6.94  97.33   6.94
  6 4 9 5
   3      10.01        72.07  70.76  93.24  97.70   6.78  97.70   6.78
  5 4 9 5
   3      10.28        74.01  72.79  93.40  98.01   6.62  98.01   6.62
  4 4 9 5
   3      10.55        75.95  74.82  93.54  98.29   6.47  98.29   6.47
  3 4 9 5
   3      10.82        77.90  76.85  93.68  98.53   6.32  98.53   6.32
  2 4 9 5
   3      11.09        79.84  78.86  93.80  98.73   6.18  98.73   6.18
  1 4 9 5
   3      11.36        81.79  80.89  93.92  98.91   6.05  98.91   6.05
  9 3 9 5
   3       9.47        68.15  66.67  92.90  96.82   7.10  96.82   7.10
  8 3 9 5
   3       9.74        70.10  68.70  93.06  97.26   6.94  97.26   6.94
  7 3 9 5
   3      10.01        72.07  70.73  93.20  97.65   6.77  97.65   6.77
  6 3 9 5
   3      10.28        74.01  72.75  93.35  97.98   6.62  97.98   6.62
  5 3 9 5
   3      10.54        75.88  74.77  93.57  98.26   6.47  98.26   6.47
  4 3 9 5
   3      10.81        77.83  76.79  93.69  98.51   6.33  98.51   6.33
  3 3 9 5
   3      11.08        79.77  78.80  93.81  98.73   6.19  98.73   6.19
  2 3 9 5
   3      11.35        81.71  80.81  93.91  98.91   6.05  98.91   6.05
  1 3 9 5
   3      11.61        83.59  82.83  94.10  99.08   5.93  99.08   5.93
  9 2 9 5
   3       9.73        70.08  68.68  93.07  97.17   6.93  97.17   6.93
  8 2 9 5
   3      10.00        71.99  70.71  93.26  97.57   6.78  97.57   6.78
  7 2 9 5
   3      10.27        73.94  72.72  93.40  97.92   6.62  97.92   6.62
  6 2 9 5
   3      10.54        75.88  74.74  93.53  98.22   6.47  98.22   6.47
  5 2 9 5
   3      10.81        77.83  76.75  93.64  98.48   6.33  98.48   6.33
  4 2 9 5
   3      11.07        79.70  78.76  93.84  98.71   6.19  98.71   6.19
  3 2 9 5
   3      11.34        81.64  80.76  93.93  98.90   6.06  98.90   6.06
  2 2 9 5
   3      11.60        83.51  82.76  94.10  99.07   5.93  99.07   5.93
  1 2 9 5
   3      11.87        85.46  84.76  94.19  99.21   5.80  99.21   5.80
  9 1 9 5
   3      10.00        71.99  70.69  93.25  97.47   6.77  97.47   6.77
  8 1 9 5
   3      10.27        73.94  72.71  93.38  97.85   6.62  97.85   6.62
  7 1 9 5
   3      10.54        75.88  74.72  93.50  98.17   6.47  98.17   6.47
  6 1 9 5
   3      10.80        77.75  76.72  93.70  98.44   6.33  98.44   6.33
  5 1 9 5
   3      11.07        79.70  78.73  93.80  98.68   6.19  98.68   6.19
  4 1 9 5
   3      11.33        81.57  80.72  93.97  98.88   6.06  98.88   6.06
  3 1 9 5
   3      11.60        83.51  82.72  94.06  99.05   5.93  99.05   5.93
  2 1 9 5
   3      11.86        85.39  84.71  94.21  99.20   5.81  99.20   5.81
  1 1 9 5
   3      12.10        87.11  86.51  94.31  99.35   5.70  99.35   5.70
  9 9 8 5
   3       8.11        58.39  56.54  91.94  94.21   8.07  94.21   8.07
  8 9 8 5
   3       8.39        60.40  58.61  92.14  94.92   7.86  94.92   7.86
  7 9 8 5
   3       8.67        62.40  60.68  92.35  95.54   7.66  95.54   7.66
  6 9 8 5
   3       8.94        64.39  62.75  92.53  96.08   7.46  96.08   7.46
  5 9 8 5
   3       9.22        66.37  64.81  92.73  96.56   7.27  96.56   7.27
  4 9 8 5
   3       9.49        68.36  66.88  92.90  96.98   7.09  96.98   7.09
  3 9 8 5
   3       9.77        70.33  68.94  93.08  97.34   6.92  97.34   6.92
  2 9 8 5
   3      10.04        72.28  71.00  93.27  97.67   6.76  97.67   6.76
  1 9 8 5
   3      10.32        74.30  73.06  93.37  97.95   6.59  97.95   6.59
  9 8 8 5
   3       8.38        60.34  58.54  92.13  94.89   7.86  94.89   7.86
  8 8 8 5
   3       8.66        62.33  60.61  92.33  95.53   7.66  95.53   7.66
  7 8 8 5
   3       8.93        64.31  62.67  92.53  96.10   7.47  96.10   7.47
  6 8 8 5
   3       9.21        66.30  64.73  92.71  96.59   7.28  96.59   7.28
  5 8 8 5
   3       9.48        68.27  66.79  92.89  97.01   7.10  97.01   7.10
  4 8 8 5
   3       9.76        70.24  68.84  93.07  97.39   6.93  97.39   6.93
  3 8 8 5
   3      10.03        72.21  70.89  93.23  97.71   6.77  97.71   6.77
  2 8 8 5
   3      10.30        74.15  72.94  93.41  98.00   6.61  98.00   6.61
  1 8 8 5
   3      10.57        76.10  74.99  93.58  98.26   6.46  98.26   6.46
  9 7 8 5
   3       8.65        62.28  60.55  92.33  95.49   7.67  95.49   7.67
  8 7 8 5
   3       8.93        64.25  62.61  92.52  96.07   7.48  96.07   7.48
  7 7 8 5
   3       9.20        66.23  64.66  92.71  96.58   7.29  96.58   7.29
  6 7 8 5
   3       9.47        68.20  66.71  92.89  97.02   7.11  97.02   7.11
  5 7 8 5
   3       9.75        70.17  68.76  93.05  97.41   6.94  97.41   6.94
  4 7 8 5
   3      10.02        72.14  70.80  93.20  97.74   6.77  97.74   6.77
  3 7 8 5
   3      10.29        74.08  72.85  93.38  98.03   6.62  98.03   6.62
  2 7 8 5
   3      10.56        76.03  74.89  93.54  98.29   6.46  98.29   6.46
  1 7 8 5
   3      10.83        77.97  76.92  93.68  98.52   6.32  98.52   6.32
  9 6 8 5
   3       8.92        64.20  62.56  92.52  96.01   7.48  96.01   7.48
  8 6 8 5
   3       9.19        66.18  64.60  92.70  96.54   7.29  96.54   7.29
  7 6 8 5
   3       9.47        68.14  66.65  92.88  97.00   7.12  97.00   7.12
  6 6 8 5
   3       9.74        70.10  68.69  93.05  97.40   6.95  97.40   6.95
  5 6 8 5
   3      10.01        72.07  70.73  93.20  97.75   6.78  97.75   6.78
  4 6 8 5
   3      10.28        74.01  72.76  93.36  98.05   6.62  98.05   6.62
  3 6 8 5
   3      10.55        75.95  74.80  93.51  98.31   6.47  98.31   6.47
  2 6 8 5
   3      10.82        77.90  76.83  93.66  98.54   6.32  98.54   6.32
  1 6 8 5
   3      11.09        79.84  78.86  93.79  98.74   6.18  98.74   6.18
  9 5 8 5
   3       9.19        66.13  64.56  92.70  96.47   7.29  96.47   7.29
  8 5 8 5
   3       9.46        68.09  66.60  92.88  96.95   7.12  96.95   7.12
  7 5 8 5
   3       9.73        70.04  68.64  93.05  97.37   6.95  97.37   6.95
  6 5 8 5
   3      10.00        71.99  70.67  93.21  97.73   6.79  97.73   6.79
  5 5 8 5
   3      10.27        73.94  72.70  93.37  98.04   6.63  98.04   6.63
  4 5 8 5
   3      10.54        75.88  74.72  93.51  98.31   6.48  98.31   6.48
  3 5 8 5
   3      10.81        77.83  76.75  93.64  98.55   6.33  98.55   6.33
  2 5 8 5
   3      11.08        79.77  78.77  93.77  98.75   6.19  98.75   6.19
  1 5 8 5
   3      11.34        81.64  80.79  93.97  98.93   6.06  98.93   6.06
  9 4 8 5
   3       9.45        68.06  66.57  92.88  96.88   7.12  96.88   7.12
  8 4 8 5
   3       9.72        70.01  68.60  93.05  97.31   6.95  97.31   6.95
  7 4 8 5
   3       9.99        71.95  70.62  93.21  97.69   6.79  97.69   6.79
  6 4 8 5
   3      10.26        73.87  72.65  93.39  98.02   6.63  98.02   6.63
  5 4 8 5
   3      10.53        75.81  74.67  93.53  98.30   6.48  98.30   6.48
  4 4 8 5
   3      10.80        77.75  76.69  93.66  98.54   6.34  98.54   6.34
  3 4 8 5
   3      11.07        79.70  78.70  93.77  98.75   6.20  98.75   6.20
  2 4 8 5
   3      11.33        81.57  80.71  93.96  98.94   6.06  98.94   6.06
  1 4 8 5
   3      11.60        83.51  82.72  94.06  99.09   5.93  99.09   5.93
  9 3 8 5
   3       9.72        69.98  68.57  93.05  97.23   6.95  97.23   6.95
  8 3 8 5
   3       9.99        71.92  70.59  93.21  97.63   6.79  97.63   6.79
  7 3 8 5
   3      10.26        73.87  72.61  93.35  97.97   6.63  97.97   6.63
  6 3 8 5
   3      10.53        75.81  74.62  93.48  98.27   6.48  98.27   6.48
  5 3 8 5
   3      10.79        77.68  76.63  93.68  98.52   6.34  98.52   6.34
  4 3 8 5
   3      11.06        79.63  78.64  93.79  98.74   6.20  98.74   6.20
  3 3 8 5
   3      11.32        81.50  80.65  93.98  98.93   6.07  98.93   6.07
  2 3 8 5
   3      11.59        83.44  82.65  94.06  99.09   5.94  99.09   5.94
  1 3 8 5
   3      11.85        85.31  84.65  94.22  99.23   5.82  99.23   5.82
  9 2 8 5
   3       9.99        71.89  70.57  93.22  97.55   6.78  97.55   6.78
  8 2 8 5
   3      10.25        73.79  72.59  93.41  97.91   6.63  97.91   6.63
  7 2 8 5
   3      10.52        75.74  74.60  93.53  98.22   6.48  98.22   6.48
  6 2 8 5
   3      10.79        77.68  76.60  93.64  98.49   6.34  98.49   6.34
  5 2 8 5
   3      11.05        79.55  78.61  93.83  98.72   6.20  98.72   6.20
  4 2 8 5
   3      11.32        81.50  80.60  93.91  98.91   6.07  98.91   6.07
  3 2 8 5
   3      11.58        83.37  82.60  94.08  99.08   5.94  99.08   5.94
  2 2 8 5
   3      11.85        85.31  84.59  94.15  99.23   5.82  99.23   5.82
  1 2 8 5
   3      12.09        87.04  86.41  94.27  99.37   5.71  99.37   5.71
  9 1 8 5
   3      10.25        73.79  72.58  93.39  97.82   6.63  97.82   6.63
  8 1 8 5
   3      10.52        75.74  74.58  93.51  98.16   6.48  98.16   6.48
  7 1 8 5
   3      10.78        77.61  76.58  93.70  98.44   6.34  98.44   6.34
  6 1 8 5
   3      11.05        79.55  78.57  93.79  98.68   6.20  98.68   6.20
  5 1 8 5
   3      11.31        81.43  80.57  93.96  98.89   6.07  98.89   6.07
  4 1 8 5
   3      11.58        83.37  82.56  94.04  99.06   5.94  99.06   5.94
  3 1 8 5
   3      11.84        85.24  84.55  94.19  99.22   5.82  99.22   5.82
  2 1 8 5
   3      12.08        86.97  86.36  94.30  99.36   5.71  99.36   5.71
  1 1 8 5
   3      12.31        88.62  88.09  94.39  99.49   5.61  99.49   5.61
  9 9 7 5
   3       8.37        60.28  58.49  92.14  94.84   7.87  94.84   7.87
  8 9 7 5
   3       8.65        62.28  60.55  92.33  95.49   7.67  95.49   7.67
  7 9 7 5
   3       8.93        64.26  62.61  92.53  96.06   7.47  96.06   7.47
  6 9 7 5
   3       9.20        66.24  64.67  92.71  96.55   7.29  96.55   7.29
  5 9 7 5
   3       9.48        68.21  66.73  92.89  96.98   7.11  96.98   7.11
  4 9 7 5
   3       9.75        70.19  68.78  93.06  97.36   6.94  97.36   6.94
  3 9 7 5
   3      10.02        72.14  70.84  93.25  97.69   6.77  97.69   6.77
  2 9 7 5
   3      10.29        74.08  72.89  93.43  97.98   6.61  97.98   6.61
  1 9 7 5
   3      10.57        76.10  74.94  93.51  98.24   6.45  98.24   6.45
  9 8 7 5
   3       8.64        62.21  60.49  92.33  95.46   7.67  95.46   7.67
  8 8 7 5
   3       8.92        64.20  62.54  92.51  96.05   7.48  96.05   7.48
  7 8 7 5
   3       9.19        66.17  64.60  92.70  96.56   7.30  96.56   7.30
  6 8 7 5
   3       9.46        68.14  66.65  92.89  97.01   7.12  97.01   7.12
  5 8 7 5
   3       9.74        70.10  68.69  93.06  97.39   6.95  97.39   6.95
  4 8 7 5
   3      10.01        72.07  70.74  93.21  97.73   6.78  97.73   6.78
  3 8 7 5
   3      10.28        74.01  72.78  93.39  98.02   6.62  98.02   6.62
  2 8 7 5
   3      10.55        75.95  74.82  93.55  98.28   6.47  98.28   6.47
  1 8 7 5
   3      10.82        77.90  76.86  93.70  98.51   6.32  98.51   6.32
  9 7 7 5
   3       8.91        64.14  62.49  92.51  96.01   7.48  96.01   7.48
  8 7 7 5
   3       9.18        66.11  64.53  92.70  96.54   7.30  96.54   7.30
  7 7 7 5
   3       9.45        68.07  66.58  92.88  97.00   7.12  97.00   7.12
  6 7 7 5
   3       9.73        70.03  68.62  93.05  97.40   6.95  97.40   6.95
  5 7 7 5
   3      10.00        71.99  70.66  93.21  97.74   6.79  97.74   6.79
  4 7 7 5
   3      10.27        73.94  72.69  93.36  98.05   6.63  98.05   6.63
  3 7 7 5
   3      10.54        75.88  74.73  93.52  98.31   6.48  98.31   6.48
  2 7 7 5
   3      10.81        77.83  76.76  93.65  98.54   6.33  98.54   6.33
  1 7 7 5
   3      11.08        79.77  78.79  93.79  98.74   6.19  98.74   6.19
  9 6 7 5
   3       9.18        66.05  64.48  92.70  96.49   7.30  96.49   7.30
  8 6 7 5
   3       9.45        68.02  66.52  92.87  96.96   7.13  96.96   7.13
  7 6 7 5
   3       9.72        69.97  68.56  93.04  97.38   6.96  97.38   6.96
  6 6 7 5
   3       9.99        71.92  70.59  93.20  97.74   6.79  97.74   6.79
  5 6 7 5
   3      10.26        73.87  72.62  93.36  98.05   6.64  98.05   6.64
  4 6 7 5
   3      10.53        75.81  74.65  93.50  98.32   6.48  98.32   6.48
  3 6 7 5
   3      10.80        77.75  76.67  93.64  98.55   6.34  98.55   6.34
  2 6 7 5
   3      11.07        79.70  78.69  93.76  98.76   6.20  98.76   6.20
  1 6 7 5
   3      11.33        81.57  80.71  93.96  98.94   6.06  98.94   6.06
  9 5 7 5
   3       9.44        67.98  66.48  92.87  96.90   7.13  96.90   7.13
  8 5 7 5
   3       9.71        69.92  68.51  93.04  97.34   6.96  97.34   6.96
  7 5 7 5
   3       9.98        71.86  70.54  93.21  97.71   6.80  97.71   6.80
  6 5 7 5
   3      10.25        73.79  72.56  93.37  98.03   6.64  98.03   6.64
  5 5 7 5
   3      10.52        75.74  74.58  93.51  98.31   6.49  98.31   6.49
  4 5 7 5
   3      10.79        77.68  76.60  93.63  98.56   6.34  98.56   6.34
  3 5 7 5
   3      11.05        79.55  78.61  93.84  98.76   6.21  98.76   6.21
  2 5 7 5
   3      11.32        81.50  80.62  93.94  98.95   6.07  98.95   6.07
  1 5 7 5
   3      11.59        83.44  82.63  94.04  99.10   5.94  99.10   5.94
  9 4 7 5
   3       9.71        69.88  68.48  93.05  97.27   6.96  97.27   6.96
  8 4 7 5
   3       9.98        71.83  70.50  93.20  97.66   6.80  97.66   6.80
  7 4 7 5
   3      10.25        73.79  72.52  93.32  98.00   6.64  98.00   6.64
  6 4 7 5
   3      10.51        75.67  74.53  93.53  98.29   6.50  98.29   6.50
  5 4 7 5
   3      10.78        77.61  76.54  93.65  98.54   6.35  98.54   6.35
  4 4 7 5
   3      11.05        79.55  78.55  93.76  98.76   6.21  98.76   6.21
  3 4 7 5
   3      11.31        81.43  80.55  93.94  98.95   6.08  98.95   6.08
  2 4 7 5
   3      11.58        83.37  82.55  94.03  99.11   5.94  99.11   5.94
  1 4 7 5
   3      11.84        85.24  84.56  94.20  99.25   5.82  99.25   5.82
  9 3 7 5
   3       9.97        71.80  70.47  93.20  97.59   6.80  97.59   6.80
  8 3 7 5
   3      10.24        73.72  72.48  93.37  97.95   6.64  97.95   6.64
  7 3 7 5
   3      10.51        75.67  74.49  93.49  98.25   6.49  98.25   6.49
  6 3 7 5
   3      10.77        77.54  76.50  93.69  98.52   6.35  98.52   6.35
  5 3 7 5
   3      11.04        79.48  78.50  93.79  98.74   6.21  98.74   6.21
  4 3 7 5
   3      11.30        81.35  80.50  93.96  98.94   6.08  98.94   6.08
  3 3 7 5
   3      11.57        83.30  82.49  94.04  99.10   5.95  99.10   5.95
  2 3 7 5
   3      11.83        85.17  84.49  94.20  99.25   5.83  99.25   5.83
  1 3 7 5
   3      12.08        86.97  86.32  94.25  99.38   5.71  99.38   5.71
  9 2 7 5
   3      10.24        73.72  72.46  93.34  97.88   6.64  97.88   6.64
  8 2 7 5
   3      10.50        75.59  74.47  93.55  98.20   6.50  98.20   6.50
  7 2 7 5
   3      10.77        77.54  76.47  93.65  98.48   6.35  98.48   6.35
  6 2 7 5
   3      11.04        79.48  78.47  93.75  98.71   6.21  98.71   6.21
  5 2 7 5
   3      11.30        81.35  80.45  93.91  98.92   6.08  98.92   6.08
  4 2 7 5
   3      11.56        83.23  82.45  94.07  99.09   5.95  99.09   5.95
  3 2 7 5
   3      11.83        85.17  84.44  94.14  99.24   5.83  99.24   5.83
  2 2 7 5
   3      12.07        86.90  86.26  94.27  99.38   5.72  99.38   5.72
  1 2 7 5
   3      12.30        88.55  87.99  94.36  99.50   5.62  99.50   5.62
  9 1 7 5
   3      10.50        75.59  74.46  93.53  98.13   6.49  98.13   6.49
  8 1 7 5
   3      10.77        77.54  76.45  93.63  98.42   6.35  98.42   6.35
  7 1 7 5
   3      11.03        79.41  78.45  93.81  98.67   6.21  98.67   6.21
  6 1 7 5
   3      11.30        81.35  80.43  93.88  98.88   6.08  98.88   6.08
  5 1 7 5
   3      11.56        83.23  82.42  94.04  99.07   5.95  99.07   5.95
  4 1 7 5
   3      11.82        85.10  84.40  94.18  99.22   5.83  99.22   5.83
  3 1 7 5
   3      12.06        86.83  86.22  94.30  99.36   5.72  99.36   5.72
  2 1 7 5
   3      12.29        88.48  87.95  94.39  99.49   5.62  99.49   5.62
  1 1 7 5
   3      12.52        90.14  89.67  94.47  99.61   5.53  99.61   5.53
  9 9 6 5
   3       8.64        62.17  60.44  92.32  95.40   7.67  95.40   7.67
  8 9 6 5
   3       8.91        64.15  62.50  92.52  95.99   7.48  95.99   7.48
  7 9 6 5
   3       9.18        66.12  64.55  92.71  96.51   7.30  96.51   7.30
  6 9 6 5
   3       9.46        68.09  66.60  92.88  96.96   7.12  96.96   7.12
  5 9 6 5
   3       9.73        70.06  68.65  93.05  97.35   6.95  97.35   6.95
  4 9 6 5
   3      10.00        71.99  70.69  93.25  97.69   6.78  97.69   6.78
  3 9 6 5
   3      10.27        73.94  72.74  93.42  97.99   6.63  97.99   6.63
  2 9 6 5
   3      10.55        75.95  74.78  93.49  98.26   6.47  98.26   6.47
  1 9 6 5
   3      10.82        77.90  76.82  93.64  98.49   6.32  98.49   6.32
  9 8 6 5
   3       8.90        64.08  62.43  92.51  95.97   7.49  95.97   7.49
  8 8 6 5
   3       9.18        66.05  64.48  92.70  96.50   7.30  96.50   7.30
  7 8 6 5
   3       9.45        68.02  66.52  92.87  96.97   7.13  96.97   7.13
  6 8 6 5
   3       9.72        69.98  68.56  93.04  97.37   6.96  97.37   6.96
  5 8 6 5
   3       9.99        71.93  70.60  93.21  97.72   6.79  97.72   6.79
  4 8 6 5
   3      10.26        73.87  72.64  93.38  98.03   6.64  98.03   6.64
  3 8 6 5
   3      10.53        75.81  74.67  93.54  98.29   6.48  98.29   6.48
  2 8 6 5
   3      10.80        77.75  76.70  93.68  98.52   6.34  98.52   6.34
  1 8 6 5
   3      11.07        79.70  78.73  93.81  98.73   6.19  98.73   6.19
  9 7 6 5
   3       9.17        66.00  64.42  92.69  96.47   7.31  96.47   7.31
  8 7 6 5
   3       9.44        67.96  66.46  92.87  96.95   7.13  96.95   7.13
  7 7 6 5
   3       9.71        69.91  68.50  93.04  97.36   6.96  97.36   6.96
  6 7 6 5
   3       9.98        71.86  70.53  93.20  97.72   6.80  97.72   6.80
  5 7 6 5
   3      10.25        73.79  72.56  93.37  98.04   6.64  98.04   6.64
  4 7 6 5
   3      10.52        75.74  74.58  93.51  98.31   6.49  98.31   6.49
  3 7 6 5
   3      10.79        77.68  76.61  93.65  98.55   6.34  98.55   6.34
  2 7 6 5
   3      11.06        79.63  78.63  93.77  98.75   6.20  98.75   6.20
  1 7 6 5
   3      11.32        81.50  80.65  93.98  98.93   6.07  98.93   6.07
  9 6 6 5
   3       9.43        67.91  66.41  92.86  96.90   7.13  96.90   7.13
  8 6 6 5
   3       9.70        69.86  68.44  93.04  97.33   6.97  97.33   6.97
  7 6 6 5
   3       9.97        71.80  70.47  93.20  97.71   6.80  97.71   6.80
  6 6 6 5
   3      10.24        73.72  72.49  93.38  98.03   6.65  98.03   6.65
  5 6 6 5
   3      10.51        75.67  74.51  93.51  98.31   6.50  98.31   6.50
  4 6 6 5
   3      10.78        77.61  76.53  93.64  98.56   6.35  98.56   6.35
  3 6 6 5
   3      11.05        79.55  78.54  93.76  98.76   6.21  98.76   6.21
  2 6 6 5
   3      11.31        81.43  80.55  93.94  98.95   6.08  98.95   6.08
  1 6 6 5
   3      11.58        83.37  82.56  94.04  99.10   5.94  99.10   5.94
  9 5 6 5
   3       9.70        69.81  68.40  93.04  97.28   6.97  97.28   6.97
  8 5 6 5
   3       9.97        71.76  70.42  93.19  97.67   6.81  97.67   6.81
  7 5 6 5
   3      10.24        73.72  72.44  93.31  98.01   6.65  98.01   6.65
  6 5 6 5
   3      10.50        75.59  74.45  93.53  98.30   6.50  98.30   6.50
  5 5 6 5
   3      10.77        77.54  76.46  93.64  98.55   6.35  98.55   6.35
  4 5 6 5
   3      11.04        79.48  78.47  93.75  98.77   6.21  98.77   6.21
  3 5 6 5
   3      11.30        81.35  80.48  93.94  98.95   6.08  98.95   6.08
  2 5 6 5
   3      11.57        83.30  82.48  94.03  99.11   5.95  99.11   5.95
  1 5 6 5
   3      11.83        85.17  84.48  94.19  99.25   5.83  99.25   5.83
  9 4 6 5
   3       9.96        71.72  70.39  93.19  97.61   6.81  97.61   6.81
  8 4 6 5
   3      10.23        73.65  72.40  93.35  97.97   6.65  97.97   6.65
  7 4 6 5
   3      10.50        75.59  74.41  93.47  98.27   6.50  98.27   6.50
  6 4 6 5
   3      10.76        77.47  76.41  93.67  98.53   6.36  98.53   6.36
  5 4 6 5
   3      11.03        79.41  78.42  93.77  98.75   6.22  98.75   6.22
  4 4 6 5
   3      11.29        81.28  80.41  93.94  98.95   6.09  98.95   6.09
  3 4 6 5
   3      11.56        83.23  82.41  94.03  99.11   5.95  99.11   5.95
  2 4 6 5
   3      11.82        85.10  84.40  94.19  99.25   5.83  99.25   5.83
  1 4 6 5
   3      12.07        86.90  86.24  94.24  99.39   5.72  99.39   5.72
  9 3 6 5
   3      10.23        73.65  72.37  93.31  97.91   6.65  97.91   6.65
  8 3 6 5
   3      10.49        75.52  74.38  93.52  98.23   6.50  98.23   6.50
  7 3 6 5
   3      10.76        77.47  76.38  93.62  98.50   6.36  98.50   6.36
  6 3 6 5
   3      11.02        79.34  78.37  93.80  98.73   6.22  98.73   6.22
  5 3 6 5
   3      11.29        81.28  80.36  93.89  98.93   6.09  98.93   6.09
  4 3 6 5
   3      11.55        83.15  82.35  94.04  99.10   5.96  99.10   5.96
  3 3 6 5
   3      11.81        85.03  84.34  94.19  99.25   5.84  99.25   5.84
  2 3 6 5
   3      12.06        86.83  86.18  94.25  99.38   5.72  99.38   5.72
  1 3 6 5
   3      12.29        88.48  87.92  94.35  99.51   5.62  99.51   5.62
  9 2 6 5
   3      10.49        75.52  74.36  93.49  98.16   6.50  98.16   6.50
  8 2 6 5
   3      10.75        77.39  76.35  93.68  98.45   6.36  98.45   6.36
  7 2 6 5
   3      11.02        79.34  78.34  93.77  98.70   6.22  98.70   6.22
  6 2 6 5
   3      11.28        81.21  80.33  93.93  98.91   6.09  98.91   6.09
  5 2 6 5
   3      11.55        83.15  82.31  94.00  99.09   5.96  99.09   5.96
  4 2 6 5
   3      11.81        85.03  84.29  94.14  99.24   5.84  99.24   5.84
  3 2 6 5
   3      12.05        86.75  86.13  94.28  99.38   5.73  99.38   5.73
  2 2 6 5
   3      12.28        88.41  87.86  94.37  99.50   5.63  99.50   5.63
  1 2 6 5
   3      12.51        90.06  89.58  94.45  99.61   5.53  99.61   5.53
  9 1 6 5
   3      10.75        77.39  76.34  93.67  98.39   6.36  98.39   6.36
  8 1 6 5
   3      11.02        79.34  78.32  93.75  98.65   6.22  98.65   6.22
  7 1 6 5
   3      11.28        81.21  80.31  93.91  98.87   6.09  98.87   6.09
  6 1 6 5
   3      11.54        83.08  82.29  94.06  99.06   5.96  99.06   5.96
  5 1 6 5
   3      11.80        84.95  84.26  94.19  99.22   5.84  99.22   5.84
  4 1 6 5
   3      12.05        86.75  86.10  94.25  99.36   5.73  99.36   5.73
  3 1 6 5
   3      12.27        88.34  87.82  94.41  99.49   5.63  99.49   5.63
  2 1 6 5
   3      12.50        89.99  89.54  94.48  99.61   5.53  99.61   5.53
  1 1 6 5
   3      12.73        91.65  91.25  94.55  99.70   5.44  99.70   5.44
  9 9 5 5
   3       8.90        64.05  62.39  92.51  95.89   7.49  95.89   7.49
  8 9 5 5
   3       9.17        66.02  64.44  92.69  96.43   7.30  96.43   7.30
  7 9 5 5
   3       9.44        67.98  66.49  92.87  96.90   7.13  96.90   7.13
  6 9 5 5
   3       9.72        69.94  68.53  93.04  97.32   6.96  97.32   6.96
  5 9 5 5
   3       9.99        71.89  70.57  93.21  97.67   6.79  97.67   6.79
  4 9 5 5
   3      10.26        73.87  72.60  93.34  97.99   6.63  97.99   6.63
  3 9 5 5
   3      10.53        75.81  74.64  93.49  98.26   6.48  98.26   6.48
  2 9 5 5
   3      10.80        77.75  76.66  93.63  98.49   6.33  98.49   6.33
  1 9 5 5
   3      11.07        79.70  78.70  93.77  98.70   6.19  98.70   6.19
  9 8 5 5
   3       9.16        65.95  64.38  92.69  96.41   7.31  96.41   7.31
  8 8 5 5
   3       9.43        67.91  66.42  92.87  96.90   7.13  96.90   7.13
  7 8 5 5
   3       9.70        69.87  68.45  93.03  97.32   6.96  97.32   6.96
  6 8 5 5
   3       9.98        71.81  70.48  93.20  97.69   6.80  97.69   6.80
  5 8 5 5
   3      10.25        73.79  72.51  93.31  98.01   6.64  98.01   6.64
  4 8 5 5
   3      10.51        75.67  74.54  93.55  98.28   6.49  98.28   6.49
  3 8 5 5
   3      10.78        77.61  76.57  93.68  98.52   6.35  98.52   6.35
  2 8 5 5
   3      11.05        79.55  78.58  93.80  98.73   6.21  98.73   6.21
  1 8 5 5
   3      11.32        81.50  80.61  93.92  98.91   6.07  98.91   6.07
  9 7 5 5
   3       9.43        67.85  66.36  92.87  96.87   7.14  96.87   7.14
  8 7 5 5
   3       9.70        69.81  68.39  93.03  97.30   6.97  97.30   6.97
  7 7 5 5
   3       9.97        71.75  70.42  93.19  97.68   6.81  97.68   6.81
  6 7 5 5
   3      10.24        73.72  72.44  93.31  98.01   6.65  98.01   6.65
  5 7 5 5
   3      10.50        75.59  74.46  93.53  98.29   6.50  98.29   6.50
  4 7 5 5
   3      10.77        77.54  76.47  93.66  98.54   6.35  98.54   6.35
  3 7 5 5
   3      11.04        79.48  78.49  93.78  98.75   6.21  98.75   6.21
  2 7 5 5
   3      11.31        81.43  80.50  93.88  98.94   6.08  98.94   6.08
  1 7 5 5
   3      11.57        83.30  82.51  94.06  99.09   5.95  99.09   5.95
  9 6 5 5
   3       9.69        69.76  68.34  93.03  97.26   6.97  97.26   6.97
  8 6 5 5
   3       9.96        71.70  70.36  93.19  97.66   6.81  97.66   6.81
  7 6 5 5
   3      10.23        73.65  72.38  93.32  98.00   6.65  98.00   6.65
  6 6 5 5
   3      10.49        75.52  74.39  93.54  98.29   6.51  98.29   6.51
  5 6 5 5
   3      10.76        77.47  76.41  93.66  98.54   6.36  98.54   6.36
  4 6 5 5
   3      11.03        79.41  78.41  93.76  98.76   6.22  98.76   6.22
  3 6 5 5
   3      11.29        81.28  80.42  93.95  98.95   6.09  98.95   6.09
  2 6 5 5
   3      11.56        83.23  82.42  94.04  99.11   5.95  99.11   5.95
  1 6 5 5
   3      11.82        85.10  84.42  94.20  99.25   5.83  99.25   5.83
  9 5 5 5
   3       9.95        71.66  70.32  93.19  97.61   6.81  97.61   6.81
  8 5 5 5
   3      10.22        73.58  72.33  93.35  97.96   6.66  97.96   6.66
  7 5 5 5
   3      10.49        75.52  74.34  93.47  98.27   6.51  98.27   6.51
  6 5 5 5
   3      10.75        77.39  76.35  93.67  98.53   6.37  98.53   6.37
  5 5 5 5
   3      11.02        79.34  78.35  93.77  98.75   6.22  98.75   6.22
  4 5 5 5
   3      11.28        81.21  80.34  93.95  98.95   6.09  98.95   6.09
  3 5 5 5
   3      11.55        83.15  82.34  94.03  99.11   5.96  99.11   5.96
  2 5 5 5
   3      11.81        85.03  84.34  94.19  99.25   5.84  99.25   5.84
  1 5 5 5
   3      12.06        86.83  86.19  94.26  99.39   5.72  99.39   5.72
  9 4 5 5
   3      10.22        73.58  72.29  93.30  97.91   6.65  97.91   6.65
  8 4 5 5
   3      10.48        75.45  74.30  93.51  98.23   6.51  98.23   6.51
  7 4 5 5
   3      10.75        77.39  76.30  93.62  98.50   6.36  98.50   6.36
  6 4 5 5
   3      11.01        79.27  78.29  93.80  98.74   6.23  98.74   6.23
  5 4 5 5
   3      11.28        81.21  80.29  93.88  98.94   6.09  98.94   6.09
  4 4 5 5
   3      11.54        83.08  82.27  94.04  99.11   5.96  99.11   5.96
  3 4 5 5
   3      11.80        84.95  84.26  94.19  99.25   5.84  99.25   5.84
  2 4 5 5
   3      12.05        86.75  86.12  94.27  99.39   5.73  99.39   5.73
  1 4 5 5
   3      12.28        88.41  87.85  94.36  99.51   5.63  99.51   5.63
  9 3 5 5
   3      10.48        75.45  74.27  93.48  98.18   6.51  98.18   6.51
  8 3 5 5
   3      10.74        77.32  76.27  93.67  98.47   6.37  98.47   6.37
  7 3 5 5
   3      11.01        79.27  78.26  93.75  98.71   6.23  98.71   6.23
  6 3 5 5
   3      11.27        81.14  80.24  93.91  98.92   6.10  98.92   6.10
  5 3 5 5
   3      11.53        83.01  82.23  94.07  99.09   5.97  99.09   5.97
  4 3 5 5
   3      11.80        84.95  84.21  94.13  99.25   5.84  99.25   5.84
  3 3 5 5
   3      12.04        86.68  86.07  94.29  99.38   5.73  99.38   5.73
  2 3 5 5
   3      12.27        88.34  87.79  94.37  99.51   5.63  99.51   5.63
  1 3 5 5
   3      12.50        89.99  89.51  94.45  99.62   5.53  99.62   5.53
  9 2 5 5
   3      10.74        77.32  76.25  93.64  98.41   6.36  98.41   6.36
  8 2 5 5
   3      11.00        79.19  78.23  93.81  98.67   6.23  98.67   6.23
  7 2 5 5
   3      11.27        81.14  80.22  93.89  98.89   6.09  98.89   6.09
  6 2 5 5
   3      11.53        83.01  82.19  94.02  99.07   5.97  99.07   5.97
  5 2 5 5
   3      11.79        84.88  84.17  94.16  99.23   5.85  99.23   5.85
  4 2 5 5
   3      12.04        86.68  86.02  94.24  99.37   5.73  99.37   5.73
  3 2 5 5
   3      12.26        88.26  87.74  94.40  99.50   5.64  99.50   5.64
  2 2 5 5
   3      12.49        89.92  89.45  94.47  99.61   5.54  99.61   5.54
  1 2 5 5
   3      12.72        91.58  91.17  94.54  99.71   5.44  99.71   5.44
  9 1 5 5
   3      11.00        79.19  78.22  93.79  98.61   6.23  98.61   6.23
  8 1 5 5
   3      11.26        81.07  80.20  93.94  98.85   6.10  98.85   6.10
  7 1 5 5
   3      11.53        83.01  82.18  94.01  99.04   5.97  99.04   5.97
  6 1 5 5
   3      11.79        84.88  84.14  94.13  99.21   5.84  99.21   5.84
  5 1 5 5
   3      12.03        86.61  86.00  94.29  99.36   5.74  99.36   5.74
  4 1 5 5
   3      12.26        88.26  87.70  94.36  99.49   5.64  99.49   5.64
  3 1 5 5
   3      12.49        89.92  89.42  94.43  99.61   5.54  99.61   5.54
  2 1 5 5
   3      12.71        91.50  91.12  94.56  99.70   5.45  99.70   5.45
  1 1 5 5
   3      12.94        93.16  92.83  94.62  99.79   5.36  99.79   5.36
  9 9 4 5
   3       9.16        65.92  64.35  92.70  96.32   7.31  96.32   7.31
  8 9 4 5
   3       9.43        67.88  66.39  92.87  96.82   7.13  96.82   7.13
  7 9 4 5
   3       9.70        69.83  68.42  93.04  97.25   6.96  97.25   6.96
  6 9 4 5
   3       9.97        71.79  70.45  93.20  97.63   6.80  97.63   6.80
  5 9 4 5
   3      10.24        73.72  72.48  93.37  97.95   6.64  97.95   6.64
  4 9 4 5
   3      10.51        75.67  74.51  93.51  98.24   6.49  98.24   6.49
  3 9 4 5
   3      10.78        77.61  76.54  93.65  98.48   6.34  98.48   6.34
  2 9 4 5
   3      11.05        79.55  78.56  93.77  98.70   6.20  98.70   6.20
  1 9 4 5
   3      11.31        81.43  80.58  93.97  98.89   6.07  98.89   6.07
  9 8 4 5
   3       9.42        67.82  66.32  92.87  96.80   7.14  96.80   7.14
  8 8 4 5
   3       9.69        69.77  68.35  93.03  97.25   6.97  97.25   6.97
  7 8 4 5
   3       9.96        71.71  70.38  93.19  97.63   6.81  97.63   6.81
  6 8 4 5
   3      10.23        73.65  72.40  93.35  97.97   6.65  97.97   6.65
  5 8 4 5
   3      10.50        75.59  74.42  93.49  98.26   6.50  98.26   6.50
  4 8 4 5
   3      10.77        77.54  76.44  93.61  98.51   6.35  98.51   6.35
  3 8 4 5
   3      11.03        79.41  78.45  93.82  98.72   6.22  98.72   6.22
  2 8 4 5
   3      11.30        81.35  80.47  93.93  98.91   6.08  98.91   6.08
  1 8 4 5
   3      11.57        83.30  82.48  94.03  99.08   5.95  99.08   5.95
  9 7 4 5
   3       9.68        69.71  68.30  93.03  97.22   6.97  97.22   6.97
  8 7 4 5
   3       9.95        71.66  70.32  93.19  97.62   6.81  97.62   6.81
  7 7 4 5
   3      10.22        73.58  72.34  93.36  97.96   6.66  97.96   6.66
  6 7 4 5
   3      10.49        75.52  74.35  93.49  98.26   6.51  98.26   6.51
  5 7 4 5
   3      10.76        77.47  76.36  93.61  98.52   6.36  98.52   6.36
  4 7 4 5
   3      11.02        79.34  78.37  93.80  98.74   6.22  98.74   6.22
  3 7 4 5
   3      11.29        81.28  80.37  93.90  98.93   6.09  98.93   6.09
  2 7 4 5
   3      11.55        83.15  82.37  94.07  99.09   5.96  99.09   5.96
  1 7 4 5
   3      11.82        85.10  84.37  94.15  99.23   5.83  99.23   5.83
  9 6 4 5
   3       9.95        71.61  70.27  93.19  97.58   6.81  97.58   6.81
  8 6 4 5
   3      10.21        73.51  72.28  93.38  97.94   6.66  97.94   6.66
  7 6 4 5
   3      10.48        75.45  74.29  93.50  98.25   6.51  98.25   6.51
  6 6 4 5
   3      10.75        77.39  76.29  93.61  98.51   6.36  98.51   6.36
  5 6 4 5
   3      11.01        79.27  78.29  93.80  98.74   6.23  98.74   6.23
  4 6 4 5
   3      11.28        81.21  80.30  93.89  98.93   6.09  98.93   6.09
  3 6 4 5
   3      11.54        83.08  82.29  94.06  99.10   5.96  99.10   5.96
  2 6 4 5
   3      11.81        85.03  84.28  94.13  99.25   5.84  99.25   5.84
  1 6 4 5
   3      12.05        86.75  86.14  94.29  99.38   5.73  99.38   5.73
  9 5 4 5
   3      10.21        73.51  72.24  93.32  97.90   6.66  97.90   6.66
  8 5 4 5
   3      10.47        75.38  74.24  93.53  98.22   6.52  98.22   6.52
  7 5 4 5
   3      10.74        77.32  76.24  93.63  98.49   6.37  98.49   6.37
  6 5 4 5
   3      11.01        79.27  78.23  93.72  98.73   6.23  98.73   6.23
  5 5 4 5
   3      11.27        81.14  80.23  93.90  98.93   6.10  98.93   6.10
  4 5 4 5
   3      11.53        83.01  82.22  94.06  99.10   5.97  99.10   5.97
  3 5 4 5
   3      11.80        84.95  84.21  94.13  99.25   5.84  99.25   5.84
  2 5 4 5
   3      12.04        86.68  86.07  94.29  99.38   5.73  99.38   5.73
  1 5 4 5
   3      12.27        88.34  87.79  94.38  99.51   5.63  99.51   5.63
  9 4 4 5
   3      10.47        75.38  74.21  93.48  98.17   6.51  98.17   6.51
  8 4 4 5
   3      10.73        77.25  76.20  93.67  98.46   6.37  98.46   6.37
  7 4 4 5
   3      11.00        79.19  78.19  93.75  98.71   6.23  98.71   6.23
  6 4 4 5
   3      11.26        81.07  80.18  93.93  98.92   6.10  98.92   6.10
  5 4 4 5
   3      11.53        83.01  82.16  93.99  99.09   5.97  99.09   5.97
  4 4 4 5
   3      11.79        84.88  84.14  94.13  99.24   5.85  99.24   5.85
  3 4 4 5
   3      12.03        86.61  86.00  94.30  99.38   5.74  99.38   5.74
  2 4 4 5
   3      12.26        88.26  87.73  94.38  99.51   5.64  99.51   5.64
  1 4 4 5
   3      12.49        89.92  89.45  94.46  99.62   5.54  99.62   5.54
  9 3 4 5
   3      10.73        77.25  76.17  93.63  98.41   6.37  98.41   6.37
  8 3 4 5
   3      10.99        79.12  78.16  93.80  98.67   6.24  98.67   6.24
  7 3 4 5
   3      11.26        81.07  80.14  93.88  98.89   6.10  98.89   6.10
  6 3 4 5
   3      11.52        82.94  82.12  94.02  99.08   5.97  99.08   5.97
  5 3 4 5
   3      11.78        84.81  84.09  94.16  99.23   5.85  99.23   5.85
  4 3 4 5
   3      12.03        86.61  85.96  94.25  99.38   5.74  99.38   5.74
  3 3 4 5
   3      12.26        88.26  87.67  94.32  99.50   5.64  99.50   5.64
  2 3 4 5
   3      12.48        89.85  89.39  94.47  99.62   5.54  99.62   5.54
  1 3 4 5
   3      12.71        91.50  91.10  94.54  99.71   5.45  99.71   5.45
  9 2 4 5
   3      10.99        79.12  78.13  93.78  98.62   6.23  98.62   6.23
  8 2 4 5
   3      11.25        80.99  80.11  93.93  98.86   6.10  98.86   6.10
  7 2 4 5
   3      11.52        82.94  82.09  93.99  99.05   5.97  99.05   5.97
  6 2 4 5
   3      11.78        84.81  84.06  94.12  99.22   5.85  99.22   5.85
  5 2 4 5
   3      12.02        86.54  85.92  94.28  99.36   5.74  99.36   5.74
  4 2 4 5
   3      12.25        88.19  87.63  94.36  99.50   5.64  99.50   5.64
  3 2 4 5
   3      12.48        89.85  89.34  94.42  99.61   5.54  99.61   5.54
  2 2 4 5
   3      12.70        91.43  91.05  94.56  99.71   5.45  99.71   5.45
  1 2 4 5
   3      12.93        93.09  92.75  94.62  99.79   5.36  99.79   5.36
  9 1 4 5
   3      11.25        80.99  80.11  93.92  98.81   6.10  98.81   6.10
  8 1 4 5
   3      11.51        82.87  82.07  94.05  99.02   5.97  99.02   5.97
  7 1 4 5
   3      11.77        84.74  84.03  94.17  99.19   5.85  99.19   5.85
  6 1 4 5
   3      12.02        86.54  85.90  94.26  99.34   5.74  99.34   5.74
  5 1 4 5
   3      12.25        88.19  87.60  94.33  99.48   5.64  99.48   5.64
  4 1 4 5
   3      12.47        89.78  89.31  94.47  99.60   5.55  99.60   5.55
  3 1 4 5
   3      12.70        91.43  91.01  94.52  99.70   5.45  99.70   5.45
  2 1 4 5
   3      12.92        93.02  92.71  94.64  99.78   5.36  99.78   5.36
  1 1 4 5
   3      13.15        94.67  94.40  94.69  99.85   5.27  99.85   5.27
  9 9 3 5
   3       9.42        67.80  66.30  92.87  96.70   7.13  96.70   7.13
  8 9 3 5
   3       9.69        69.75  68.33  93.03  97.16   6.97  97.16   6.97
  7 9 3 5
   3       9.96        71.69  70.36  93.20  97.56   6.80  97.56   6.80
  6 9 3 5
   3      10.23        73.65  72.38  93.33  97.90   6.65  97.90   6.65
  5 9 3 5
   3      10.50        75.59  74.40  93.46  98.20   6.50  98.20   6.50
  4 9 3 5
   3      10.76        77.47  76.42  93.68  98.46   6.35  98.46   6.35
  3 9 3 5
   3      11.03        79.41  78.44  93.80  98.68   6.21  98.68   6.21
  2 9 3 5
   3      11.30        81.35  80.45  93.90  98.88   6.08  98.88   6.08
  1 9 3 5
   3      11.56        83.23  82.46  94.08  99.05   5.95  99.05   5.95
  9 8 3 5
   3       9.68        69.68  68.27  93.03  97.14   6.97  97.14   6.97
  8 8 3 5
   3       9.95        71.63  70.29  93.19  97.55   6.81  97.55   6.81
  7 8 3 5
   3      10.22        73.58  72.31  93.32  97.91   6.65  97.91   6.65
  6 8 3 5
   3      10.49        75.52  74.32  93.45  98.21   6.50  98.21   6.50
  5 8 3 5
   3      10.75        77.39  76.33  93.66  98.48   6.36  98.48   6.36
  4 8 3 5
   3      11.02        79.34  78.34  93.77  98.70   6.22  98.70   6.22
  3 8 3 5
   3      11.28        81.21  80.35  93.95  98.90   6.09  98.90   6.09
  2 8 3 5
   3      11.55        83.15  82.35  94.04  99.07   5.96  99.07   5.96
  1 8 3 5
   3      11.81        85.03  84.35  94.21  99.21   5.83  99.21   5.83
  9 7 3 5
   3       9.94        71.57  70.23  93.19  97.53   6.81  97.53   6.81
  8 7 3 5
   3      10.21        73.51  72.25  93.33  97.89   6.66  97.89   6.66
  7 7 3 5
   3      10.48        75.45  74.25  93.46  98.21   6.51  98.21   6.51
  6 7 3 5
   3      10.74        77.32  76.26  93.66  98.48   6.37  98.48   6.37
  5 7 3 5
   3      11.01        79.27  78.26  93.76  98.71   6.23  98.71   6.23
  4 7 3 5
   3      11.27        81.14  80.26  93.93  98.91   6.10  98.91   6.10
  3 7 3 5
   3      11.54        83.08  82.25  94.01  99.08   5.96  99.08   5.96
  2 7 3 5
   3      11.80        84.95  84.25  94.17  99.23   5.84  99.23   5.84
  1 7 3 5
   3      12.05        86.75  86.11  94.26  99.36   5.73  99.36   5.73
  9 6 3 5
   3      10.20        73.43  72.20  93.36  97.86   6.66  97.86   6.66
  8 6 3 5
   3      10.47        75.38  74.20  93.48  98.19   6.51  98.19   6.51
  7 6 3 5
   3      10.73        77.25  76.20  93.67  98.47   6.37  98.47   6.37
  6 6 3 5
   3      11.00        79.19  78.20  93.76  98.71   6.23  98.71   6.23
  5 6 3 5
   3      11.26        81.07  80.19  93.93  98.91   6.10  98.91   6.10
  4 6 3 5
   3      11.53        83.01  82.18  94.01  99.09   5.97  99.09   5.97
  3 6 3 5
   3      11.79        84.88  84.16  94.16  99.23   5.85  99.23   5.85
  2 6 3 5
   3      12.04        86.68  86.03  94.24  99.37   5.73  99.37   5.73
  1 6 3 5
   3      12.27        88.34  87.76  94.34  99.50   5.63  99.50   5.63
  9 5 3 5
   3      10.46        75.31  74.16  93.51  98.15   6.52  98.15   6.52
  8 5 3 5
   3      10.73        77.25  76.15  93.61  98.44   6.37  98.44   6.37
  7 5 3 5
   3      10.99        79.12  78.14  93.79  98.69   6.24  98.69   6.24
  6 5 3 5
   3      11.26        81.07  80.13  93.86  98.90   6.10  98.90   6.10
  5 5 3 5
   3      11.52        82.94  82.12  94.02  99.08   5.97  99.08   5.97
  4 5 3 5
   3      11.78        84.81  84.09  94.16  99.23   5.85  99.23   5.85
  3 5 3 5
   3      12.03        86.61  85.96  94.25  99.37   5.74  99.37   5.74
  2 5 3 5
   3      12.26        88.26  87.68  94.33  99.50   5.64  99.50   5.64
  1 5 3 5
   3      12.48        89.85  89.40  94.49  99.61   5.54  99.61   5.54
  9 4 3 5
   3      10.72        77.18  76.12  93.66  98.40   6.37  98.40   6.37
  8 4 3 5
   3      10.99        79.12  78.10  93.74  98.66   6.23  98.66   6.23
  7 4 3 5
   3      11.25        80.99  80.08  93.89  98.88   6.10  98.88   6.10
  6 4 3 5
   3      11.51        82.87  82.06  94.04  99.07   5.98  99.07   5.98
  5 4 3 5
   3      11.77        84.74  84.03  94.17  99.23   5.85  99.23   5.85
  4 4 3 5
   3      12.02        86.54  85.91  94.27  99.37   5.74  99.37   5.74
  3 4 3 5
   3      12.25        88.19  87.62  94.34  99.50   5.64  99.50   5.64
  2 4 3 5
   3      12.48        89.85  89.34  94.42  99.61   5.54  99.61   5.54
  1 4 3 5
   3      12.70        91.43  91.05  94.57  99.71   5.45  99.71   5.45
  9 3 3 5
   3      10.98        79.05  78.07  93.79  98.62   6.24  98.62   6.24
  8 3 3 5
   3      11.25        80.99  80.05  93.86  98.85   6.10  98.85   6.10
  7 3 3 5
   3      11.51        82.87  82.02  94.00  99.05   5.98  99.05   5.98
  6 3 3 5
   3      11.77        84.74  84.00  94.13  99.21   5.85  99.21   5.85
  5 3 3 5
   3      12.02        86.54  85.86  94.22  99.36   5.74  99.36   5.74
  4 3 3 5
   3      12.24        88.12  87.57  94.37  99.49   5.65  99.49   5.65
  3 3 3 5
   3      12.47        89.78  89.29  94.44  99.61   5.55  99.61   5.55
  2 3 3 5
   3      12.69        91.36  90.99  94.58  99.71   5.46  99.71   5.46
  1 3 3 5
   3      12.92        93.02  92.70  94.64  99.79   5.36  99.79   5.36
  9 2 3 5
   3      11.24        80.92  80.03  93.91  98.81   6.11  98.81   6.11
  8 2 3 5
   3      11.50        82.79  82.00  94.05  99.02   5.98  99.02   5.98
  7 2 3 5
   3      11.76        84.67  83.97  94.18  99.19   5.86  99.19   5.86
  6 2 3 5
   3      12.01        86.47  85.83  94.26  99.34   5.74  99.34   5.74
  5 2 3 5
   3      12.24        88.12  87.54  94.34  99.48   5.64  99.48   5.64
  4 2 3 5
   3      12.46        89.70  89.24  94.47  99.60   5.55  99.60   5.55
  3 2 3 5
   3      12.69        91.36  90.95  94.53  99.70   5.46  99.70   5.46
  2 2 3 5
   3      12.91        92.94  92.65  94.66  99.79   5.37  99.79   5.37
  1 2 3 5
   3      13.14        94.60  94.34  94.70  99.85   5.28  99.85   5.28
  9 1 3 5
   3      11.50        82.79  81.99  94.03  98.98   5.98  98.98   5.98
  8 1 3 5
   3      11.76        84.67  83.94  94.15  99.16   5.86  99.16   5.86
  7 1 3 5
   3      12.01        86.47  85.82  94.25  99.32   5.74  99.32   5.74
  6 1 3 5
   3      12.23        88.05  87.52  94.39  99.47   5.65  99.47   5.65
  5 1 3 5
   3      12.46        89.70  89.22  94.45  99.59   5.55  99.59   5.55
  4 1 3 5
   3      12.68        91.29  90.91  94.57  99.69   5.46  99.69   5.46
  3 1 3 5
   3      12.91        92.94  92.61  94.62  99.78   5.37  99.78   5.37
  2 1 3 5
   3      13.13        94.53  94.30  94.73  99.85   5.28  99.85   5.28
  1 1 3 5
   3      13.35        96.11  95.98  94.83  99.91   5.20  99.91   5.20
  9 9 2 5
   3       9.68        69.67  68.26  93.04  97.04   6.96  97.04   6.96
  8 9 2 5
   3       9.95        71.61  70.28  93.19  97.46   6.80  97.46   6.80
  7 9 2 5
   3      10.22        73.58  72.30  93.31  97.83   6.65  97.83   6.65
  6 9 2 5
   3      10.48        75.45  74.31  93.53  98.14   6.50  98.14   6.50
  5 9 2 5
   3      10.75        77.39  76.32  93.65  98.42   6.36  98.42   6.36
  4 9 2 5
   3      11.02        79.34  78.33  93.76  98.65   6.22  98.65   6.22
  3 9 2 5
   3      11.28        81.21  80.33  93.94  98.85   6.09  98.85   6.09
  2 9 2 5
   3      11.55        83.15  82.34  94.03  99.03   5.95  99.03   5.95
  1 9 2 5
   3      11.81        85.03  84.34  94.19  99.18   5.83  99.18   5.83
  9 8 2 5
   3       9.94        71.55  70.21  93.19  97.44   6.81  97.44   6.81
  8 8 2 5
   3      10.21        73.51  72.23  93.31  97.82   6.65  97.82   6.65
  7 8 2 5
   3      10.47        75.38  74.24  93.52  98.15   6.51  98.15   6.51
  6 8 2 5
   3      10.74        77.32  76.24  93.63  98.42   6.36  98.42   6.36
  5 8 2 5
   3      11.01        79.27  78.24  93.73  98.67   6.22  98.67   6.22
  4 8 2 5
   3      11.27        81.14  80.24  93.91  98.87   6.09  98.87   6.09
  3 8 2 5
   3      11.53        83.01  82.24  94.08  99.05   5.97  99.05   5.97
  2 8 2 5
   3      11.80        84.95  84.23  94.15  99.20   5.84  99.20   5.84
  1 8 2 5
   3      12.05        86.75  86.10  94.24  99.34   5.73  99.34   5.73
  9 7 2 5
   3      10.20        73.43  72.17  93.33  97.80   6.66  97.80   6.66
  8 7 2 5
   3      10.47        75.38  74.17  93.44  98.13   6.51  98.13   6.51
  7 7 2 5
   3      10.73        77.25  76.17  93.63  98.42   6.37  98.42   6.37
  6 7 2 5
   3      11.00        79.19  78.17  93.74  98.67   6.23  98.67   6.23
  5 7 2 5
   3      11.26        81.07  80.16  93.90  98.88   6.10  98.88   6.10
  4 7 2 5
   3      11.52        82.94  82.15  94.06  99.06   5.97  99.06   5.97
  3 7 2 5
   3      11.79        84.88  84.14  94.13  99.21   5.84  99.21   5.84
  2 7 2 5
   3      12.03        86.61  86.00  94.30  99.35   5.74  99.35   5.74
  1 7 2 5
   3      12.26        88.26  87.73  94.39  99.48   5.64  99.48   5.64
  9 6 2 5
   3      10.46        75.31  74.12  93.47  98.10   6.51  98.10   6.51
  8 6 2 5
   3      10.72        77.18  76.12  93.66  98.40   6.37  98.40   6.37
  7 6 2 5
   3      10.99        79.12  78.11  93.75  98.66   6.23  98.66   6.23
  6 6 2 5
   3      11.25        80.99  80.10  93.91  98.87   6.10  98.87   6.10
  5 6 2 5
   3      11.51        82.87  82.08  94.06  99.06   5.98  99.06   5.98
  4 6 2 5
   3      11.78        84.81  84.06  94.12  99.22   5.85  99.22   5.85
  3 6 2 5
   3      12.02        86.54  85.93  94.29  99.36   5.74  99.36   5.74
  2 6 2 5
   3      12.25        88.19  87.66  94.38  99.49   5.64  99.49   5.64
  1 6 2 5
   3      12.48        89.85  89.38  94.46  99.60   5.54  99.60   5.54
  9 5 2 5
   3      10.72        77.18  76.07  93.60  98.37   6.37  98.37   6.37
  8 5 2 5
   3      10.98        79.05  78.06  93.77  98.63   6.24  98.63   6.24
  7 5 2 5
   3      11.24        80.92  80.05  93.93  98.86   6.11  98.86   6.11
  6 5 2 5
   3      11.51        82.87  82.02  94.00  99.05   5.98  99.05   5.98
  5 5 2 5
   3      11.77        84.74  84.00  94.13  99.21   5.85  99.21   5.85
  4 5 2 5
   3      12.02        86.54  85.87  94.23  99.36   5.74  99.36   5.74
  3 5 2 5
   3      12.24        88.12  87.59  94.39  99.49   5.65  99.49   5.65
  2 5 2 5
   3      12.47        89.78  89.30  94.46  99.60   5.55  99.60   5.55
  1 5 2 5
   3      12.70        91.43  91.02  94.53  99.70   5.45  99.70   5.45
  9 4 2 5
   3      10.98        79.05  78.03  93.73  98.60   6.24  98.60   6.24
  8 4 2 5
   3      11.24        80.92  80.00  93.88  98.83   6.11  98.83   6.11
  7 4 2 5
   3      11.50        82.79  81.98  94.03  99.03   5.98  99.03   5.98
  6 4 2 5
   3      11.76        84.67  83.94  94.15  99.20   5.86  99.20   5.86
  5 4 2 5
   3      12.01        86.47  85.82  94.25  99.35   5.75  99.35   5.75
  4 4 2 5
   3      12.24        88.12  87.54  94.33  99.49   5.64  99.49   5.64
  3 4 2 5
   3      12.46        89.70  89.24  94.47  99.60   5.55  99.60   5.55
  2 4 2 5
   3      12.69        91.36  90.95  94.53  99.70   5.46  99.70   5.46
  1 4 2 5
   3      12.91        92.94  92.65  94.66  99.78   5.37  99.78   5.37
  9 3 2 5
   3      11.23        80.85  79.98  93.94  98.80   6.11  98.80   6.11
  8 3 2 5
   3      11.50        82.79  81.94  93.98  99.01   5.98  99.01   5.98
  7 3 2 5
   3      11.76        84.67  83.90  94.11  99.18   5.86  99.18   5.86
  6 3 2 5
   3      12.00        86.39  85.78  94.29  99.34   5.75  99.34   5.75
  5 3 2 5
   3      12.23        88.05  87.49  94.36  99.48   5.65  99.48   5.65
  4 3 2 5
   3      12.46        89.70  89.20  94.42  99.60   5.55  99.60   5.55
  3 3 2 5
   3      12.68        91.29  90.89  94.55  99.70   5.46  99.70   5.46
  2 3 2 5
   3      12.91        92.94  92.59  94.60  99.78   5.37  99.78   5.37
  1 3 2 5
   3      13.13        94.53  94.29  94.72  99.85   5.28  99.85   5.28
  9 2 2 5
   3      11.49        82.72  81.93  94.05  98.97   5.98  98.97   5.98
  8 2 2 5
   3      11.75        84.59  83.88  94.16  99.16   5.86  99.16   5.86
  7 2 2 5
   3      12.00        86.39  85.76  94.27  99.32   5.75  99.32   5.75
  6 2 2 5
   3      12.23        88.05  87.46  94.33  99.47   5.65  99.47   5.65
  5 2 2 5
   3      12.45        89.63  89.16  94.46  99.59   5.56  99.59   5.56
  4 2 2 5
   3      12.68        91.29  90.86  94.51  99.69   5.46  99.69   5.46
  3 2 2 5
   3      12.90        92.87  92.55  94.63  99.78   5.37  99.78   5.37
  2 2 2 5
   3      13.12        94.46  94.24  94.74  99.85   5.29  99.85   5.29
  1 2 2 5
   3      13.35        96.11  95.93  94.78  99.91   5.20  99.91   5.20
  9 1 2 5
   3      11.75        84.59  83.87  94.14  99.12   5.86  99.12   5.86
  8 1 2 5
   3      12.00        86.39  85.75  94.25  99.29   5.75  99.29   5.75
  7 1 2 5
   3      12.22        87.98  87.45  94.39  99.45   5.65  99.45   5.65
  6 1 2 5
   3      12.45        89.63  89.14  94.43  99.58   5.55  99.58   5.55
  5 1 2 5
   3      12.67        91.22  90.83  94.55  99.68   5.46  99.68   5.46
  4 1 2 5
   3      12.90        92.87  92.52  94.60  99.77   5.37  99.77   5.37
  3 1 2 5
   3      13.12        94.46  94.20  94.70  99.85   5.29  99.85   5.29
  2 1 2 5
   3      13.34        96.04  95.88  94.81  99.90   5.20  99.90   5.20
  1 1 2 5
   3      13.56        97.62  97.57  94.90  99.95   5.12  99.95   5.12
  9 9 9 4
   3       8.11        58.37  56.51  91.94  94.06   8.06  94.06   8.06
  8 9 9 4
   3       8.39        60.37  58.58  92.15  94.79   7.85  94.79   7.85
  7 9 9 4
   3       8.66        62.37  60.66  92.35  95.43   7.65  95.43   7.65
  6 9 9 4
   3       8.94        64.36  62.72  92.54  95.99   7.46  95.99   7.46
  5 9 9 4
   3       9.22        66.35  64.79  92.72  96.48   7.27  96.48   7.27
  4 9 9 4
   3       9.49        68.33  66.85  92.91  96.91   7.09  96.91   7.09
  3 9 9 4
   3       9.77        70.30  68.91  93.08  97.28   6.92  97.28   6.92
  2 9 9 4
   3      10.04        72.28  70.97  93.24  97.62   6.75  97.62   6.75
  1 9 9 4
   3      10.31        74.23  73.03  93.43  97.91   6.60  97.91   6.60
  9 8 9 4
   3       8.38        60.31  58.52  92.14  94.76   7.86  94.76   7.86
  8 8 9 4
   3       8.65        62.30  60.58  92.34  95.42   7.66  95.42   7.66
  7 8 9 4
   3       8.93        64.29  62.65  92.53  96.00   7.47  96.00   7.47
  6 8 9 4
   3       9.20        66.27  64.70  92.71  96.50   7.28  96.50   7.28
  5 8 9 4
   3       9.48        68.24  66.76  92.90  96.94   7.10  96.94   7.10
  4 8 9 4
   3       9.75        70.22  68.81  93.06  97.33   6.93  97.33   6.93
  3 8 9 4
   3      10.03        72.21  70.87  93.19  97.66   6.76  97.66   6.76
  2 8 9 4
   3      10.30        74.15  72.92  93.37  97.96   6.61  97.96   6.61
  1 8 9 4
   3      10.57        76.10  74.96  93.55  98.22   6.45  98.22   6.45
  9 7 9 4
   3       8.65        62.25  60.53  92.34  95.38   7.66  95.38   7.66
  8 7 9 4
   3       8.92        64.23  62.58  92.53  95.97   7.47  95.97   7.47
  7 7 9 4
   3       9.19        66.20  64.63  92.72  96.50   7.29  96.50   7.29
  6 7 9 4
   3       9.47        68.17  66.68  92.89  96.95   7.11  96.95   7.11
  5 7 9 4
   3       9.74        70.14  68.73  93.06  97.34   6.94  97.34   6.94
  4 7 9 4
   3      10.01        72.07  70.78  93.26  97.69   6.78  97.69   6.78
  3 7 9 4
   3      10.29        74.08  72.82  93.34  97.99   6.61  97.99   6.61
  2 7 9 4
   3      10.56        76.03  74.86  93.50  98.26   6.46  98.26   6.46
  1 7 9 4
   3      10.83        77.97  76.90  93.66  98.49   6.32  98.49   6.32
  9 6 9 4
   3       8.91        64.18  62.53  92.53  95.91   7.47  95.91   7.47
  8 6 9 4
   3       9.19        66.15  64.58  92.71  96.46   7.29  96.46   7.29
  7 6 9 4
   3       9.46        68.11  66.62  92.88  96.93   7.12  96.93   7.12
  6 6 9 4
   3       9.73        70.07  68.66  93.05  97.34   6.95  97.34   6.95
  5 6 9 4
   3      10.00        71.99  70.70  93.26  97.69   6.78  97.69   6.78
  4 6 9 4
   3      10.27        73.94  72.74  93.42  98.01   6.63  98.01   6.63
  3 6 9 4
   3      10.54        75.88  74.77  93.57  98.28   6.48  98.28   6.48
  2 6 9 4
   3      10.81        77.83  76.80  93.71  98.51   6.33  98.51   6.33
  1 6 9 4
   3      11.08        79.77  78.83  93.84  98.72   6.19  98.72   6.19
  9 5 9 4
   3       9.18        66.11  64.54  92.71  96.39   7.29  96.39   7.29
  8 5 9 4
   3       9.45        68.06  66.58  92.88  96.88   7.12  96.88   7.12
  7 5 9 4
   3       9.73        70.02  68.61  93.05  97.31   6.95  97.31   6.95
  6 5 9 4
   3      10.00        71.97  70.64  93.21  97.68   6.79  97.68   6.79
  5 5 9 4
   3      10.27        73.94  72.67  93.33  98.00   6.63  98.00   6.63
  4 5 9 4
   3      10.54        75.88  74.70  93.48  98.28   6.48  98.28   6.48
  3 5 9 4
   3      10.80        77.75  76.72  93.70  98.52   6.34  98.52   6.34
  2 5 9 4
   3      11.07        79.70  78.74  93.82  98.73   6.19  98.73   6.19
  1 5 9 4
   3      11.34        81.64  80.76  93.93  98.92   6.06  98.92   6.06
  9 4 9 4
   3       9.45        68.03  66.54  92.88  96.80   7.11  96.80   7.11
  8 4 9 4
   3       9.72        69.98  68.57  93.05  97.25   6.95  97.25   6.95
  7 4 9 4
   3       9.99        71.92  70.60  93.21  97.64   6.79  97.64   6.79
  6 4 9 4
   3      10.26        73.87  72.62  93.36  97.97   6.63  97.97   6.63
  5 4 9 4
   3      10.53        75.81  74.64  93.50  98.26   6.48  98.26   6.48
  4 4 9 4
   3      10.80        77.75  76.66  93.62  98.52   6.34  98.52   6.34
  3 4 9 4
   3      11.06        79.63  78.67  93.82  98.73   6.20  98.73   6.20
  2 4 9 4
   3      11.33        81.57  80.68  93.93  98.92   6.06  98.92   6.06
  1 4 9 4
   3      11.60        83.51  82.69  94.03  99.09   5.93  99.09   5.93
  9 3 9 4
   3       9.72        69.95  68.54  93.05  97.17   6.95  97.17   6.95
  8 3 9 4
   3       9.98        71.89  70.57  93.22  97.58   6.79  97.58   6.79
  7 3 9 4
   3      10.25        73.79  72.58  93.40  97.93   6.64  97.93   6.64
  6 3 9 4
   3      10.52        75.74  74.60  93.53  98.23   6.49  98.23   6.49
  5 3 9 4
   3      10.79        77.68  76.61  93.65  98.50   6.34  98.50   6.34
  4 3 9 4
   3      11.06        79.63  78.61  93.75  98.72   6.20  98.72   6.20
  3 3 9 4
   3      11.32        81.50  80.62  93.94  98.92   6.07  98.92   6.07
  2 3 9 4
   3      11.59        83.44  82.62  94.03  99.09   5.94  99.09   5.94
  1 3 9 4
   3      11.85        85.31  84.62  94.19  99.23   5.82  99.23   5.82
  9 2 9 4
   3       9.98        71.86  70.55  93.22  97.49   6.78  97.49   6.78
  8 2 9 4
   3      10.25        73.79  72.56  93.37  97.86   6.63  97.86   6.63
  7 2 9 4
   3      10.52        75.74  74.57  93.50  98.19   6.48  98.19   6.48
  6 2 9 4
   3      10.78        77.61  76.57  93.69  98.46   6.34  98.46   6.34
  5 2 9 4
   3      11.05        79.55  78.57  93.79  98.70   6.20  98.70   6.20
  4 2 9 4
   3      11.31        81.43  80.58  93.97  98.90   6.07  98.90   6.07
  3 2 9 4
   3      11.58        83.37  82.57  94.05  99.08   5.94  99.08   5.94
  2 2 9 4
   3      11.84        85.24  84.56  94.21  99.23   5.82  99.23   5.82
  1 2 9 4
   3      12.11        87.19  86.55  94.27  99.36   5.70  99.36   5.70
  9 1 9 4
   3      10.25        73.79  72.55  93.36  97.78   6.63  97.78   6.63
  8 1 9 4
   3      10.52        75.74  74.55  93.48  98.12   6.48  98.12   6.48
  7 1 9 4
   3      10.78        77.61  76.56  93.67  98.41   6.34  98.41   6.34
  6 1 9 4
   3      11.05        79.55  78.55  93.76  98.66   6.20  98.66   6.20
  5 1 9 4
   3      11.31        81.43  80.55  93.93  98.87   6.07  98.87   6.07
  4 1 9 4
   3      11.57        83.30  82.53  94.09  99.06   5.95  99.06   5.95
  3 1 9 4
   3      11.84        85.24  84.52  94.16  99.21   5.82  99.21   5.82
  2 1 9 4
   3      12.10        87.11  86.50  94.29  99.35   5.70  99.35   5.70
  1 1 9 4
   3      12.33        88.77  88.25  94.40  99.47   5.60  99.47   5.60
  9 9 8 4
   3       8.37        60.24  58.45  92.14  94.73   7.86  94.73   7.86
  8 9 8 4
   3       8.65        62.24  60.52  92.34  95.40   7.66  95.40   7.66
  7 9 8 4
   3       8.92        64.23  62.58  92.53  95.98   7.47  95.98   7.47
  6 9 8 4
   3       9.20        66.21  64.64  92.71  96.48   7.29  96.48   7.29
  5 9 8 4
   3       9.47        68.18  66.70  92.90  96.93   7.11  96.93   7.11
  4 9 8 4
   3       9.74        70.15  68.75  93.06  97.31   6.94  97.31   6.94
  3 9 8 4
   3      10.02        72.14  70.80  93.20  97.65   6.77  97.65   6.77
  2 9 8 4
   3      10.29        74.08  72.85  93.38  97.95   6.61  97.95   6.61
  1 9 8 4
   3      10.56        76.03  74.90  93.55  98.21   6.46  98.21   6.46
  9 8 8 4
   3       8.64        62.17  60.45  92.33  95.37   7.67  95.37   7.67
  8 8 8 4
   3       8.91        64.16  62.51  92.52  95.97   7.48  95.97   7.48
  7 8 8 4
   3       9.19        66.13  64.56  92.70  96.49   7.30  96.49   7.30
  6 8 8 4
   3       9.46        68.11  66.61  92.88  96.95   7.12  96.95   7.12
  5 8 8 4
   3       9.73        70.06  68.66  93.06  97.34   6.95  97.34   6.95
  4 8 8 4
   3      10.00        71.99  70.71  93.26  97.69   6.78  97.69   6.78
  3 8 8 4
   3      10.28        74.01  72.75  93.34  97.99   6.62  97.99   6.62
  2 8 8 4
   3      10.55        75.95  74.79  93.50  98.26   6.47  98.26   6.47
  1 8 8 4
   3      10.82        77.90  76.82  93.65  98.49   6.32  98.49   6.32
  9 7 8 4
   3       8.90        64.10  62.45  92.51  95.93   7.48  95.93   7.48
  8 7 8 4
   3       9.18        66.07  64.50  92.70  96.47   7.30  96.47   7.30
  7 7 8 4
   3       9.45        68.03  66.54  92.88  96.94   7.12  96.94   7.12
  6 7 8 4
   3       9.72        69.99  68.58  93.05  97.35   6.95  97.35   6.95
  5 7 8 4
   3       9.99        71.95  70.62  93.21  97.70   6.79  97.70   6.79
  4 7 8 4
   3      10.26        73.87  72.66  93.41  98.01   6.63  98.01   6.63
  3 7 8 4
   3      10.53        75.81  74.69  93.56  98.29   6.48  98.29   6.48
  2 7 8 4
   3      10.80        77.75  76.72  93.70  98.52   6.34  98.52   6.34
  1 7 8 4
   3      11.07        79.70  78.75  93.83  98.73   6.19  98.73   6.19
  9 6 8 4
   3       9.17        66.02  64.45  92.70  96.42   7.30  96.42   7.30
  8 6 8 4
   3       9.44        67.98  66.49  92.87  96.91   7.13  96.91   7.13
  7 6 8 4
   3       9.71        69.94  68.52  93.04  97.33   6.96  97.33   6.96
  6 6 8 4
   3       9.98        71.89  70.56  93.20  97.70   6.80  97.70   6.80
  5 6 8 4
   3      10.25        73.79  72.58  93.40  98.02   6.64  98.02   6.64
  4 6 8 4
   3      10.52        75.74  74.61  93.55  98.30   6.49  98.30   6.49
  3 6 8 4
   3      10.79        77.68  76.63  93.68  98.54   6.34  98.54   6.34
  2 6 8 4
   3      11.06        79.63  78.66  93.81  98.75   6.20  98.75   6.20
  1 6 8 4
   3      11.33        81.57  80.67  93.92  98.93   6.06  98.93   6.06
  9 5 8 4
   3       9.44        67.94  66.45  92.87  96.85   7.13  96.85   7.13
  8 5 8 4
   3       9.71        69.89  68.48  93.04  97.29   6.96  97.29   6.96
  7 5 8 4
   3       9.98        71.84  70.50  93.20  97.67   6.80  97.67   6.80
  6 5 8 4
   3      10.25        73.79  72.53  93.33  98.00   6.64  98.00   6.64
  5 5 8 4
   3      10.52        75.74  74.55  93.46  98.29   6.49  98.29   6.49
  4 5 8 4
   3      10.78        77.61  76.57  93.68  98.54   6.35  98.54   6.35
  3 5 8 4
   3      11.05        79.55  78.57  93.79  98.75   6.21  98.75   6.21
  2 5 8 4
   3      11.32        81.50  80.59  93.90  98.94   6.07  98.94   6.07
  1 5 8 4
   3      11.58        83.37  82.60  94.08  99.10   5.94  99.10   5.94
  9 4 8 4
   3       9.70        69.86  68.44  93.04  97.22   6.96  97.22   6.96
  8 4 8 4
   3       9.97        71.79  70.46  93.20  97.62   6.80  97.62   6.80
  7 4 8 4
   3      10.24        73.72  72.48  93.36  97.97   6.64  97.97   6.64
  6 4 8 4
   3      10.51        75.67  74.49  93.49  98.27   6.49  98.27   6.49
  5 4 8 4
   3      10.78        77.61  76.50  93.61  98.52   6.35  98.52   6.35
  4 4 8 4
   3      11.04        79.48  78.51  93.80  98.75   6.21  98.75   6.21
  3 4 8 4
   3      11.31        81.43  80.52  93.90  98.94   6.08  98.94   6.08
  2 4 8 4
   3      11.57        83.30  82.52  94.07  99.10   5.95  99.10   5.95
  1 4 8 4
   3      11.84        85.24  84.52  94.16  99.25   5.82  99.25   5.82
  9 3 8 4
   3       9.97        71.76  70.44  93.20  97.55   6.80  97.55   6.80
  8 3 8 4
   3      10.24        73.72  72.45  93.32  97.92   6.64  97.92   6.64
  7 3 8 4
   3      10.50        75.59  74.46  93.53  98.23   6.50  98.23   6.50
  6 3 8 4
   3      10.77        77.54  76.46  93.64  98.50   6.35  98.50   6.35
  5 3 8 4
   3      11.04        79.48  78.46  93.74  98.73   6.21  98.73   6.21
  4 3 8 4
   3      11.30        81.35  80.46  93.92  98.93   6.08  98.93   6.08
  3 3 8 4
   3      11.56        83.23  82.46  94.08  99.10   5.95  99.10   5.95
  2 3 8 4
   3      11.83        85.17  84.45  94.16  99.25   5.83  99.25   5.83
  1 3 8 4
   3      12.09        87.04  86.44  94.31  99.37   5.71  99.37   5.71
  9 2 8 4
   3      10.23        73.65  72.43  93.39  97.84   6.64  97.84   6.64
  8 2 8 4
   3      10.50        75.59  74.43  93.50  98.17   6.49  98.17   6.49
  7 2 8 4
   3      10.77        77.54  76.44  93.61  98.46   6.35  98.46   6.35
  6 2 8 4
   3      11.03        79.41  78.43  93.79  98.70   6.21  98.70   6.21
  5 2 8 4
   3      11.29        81.28  80.42  93.96  98.91   6.08  98.91   6.08
  4 2 8 4
   3      11.56        83.23  82.41  94.03  99.09   5.95  99.09   5.95
  3 2 8 4
   3      11.82        85.10  84.40  94.18  99.24   5.83  99.24   5.83
  2 2 8 4
   3      12.08        86.97  86.38  94.32  99.37   5.71  99.37   5.71
  1 2 8 4
   3      12.32        88.70  88.14  94.37  99.49   5.61  99.49   5.61
  9 1 8 4
   3      10.50        75.59  74.42  93.49  98.10   6.49  98.10   6.49
  8 1 8 4
   3      10.76        77.47  76.42  93.68  98.40   6.35  98.40   6.35
  7 1 8 4
   3      11.03        79.41  78.41  93.76  98.66   6.21  98.66   6.21
  6 1 8 4
   3      11.29        81.28  80.39  93.92  98.88   6.08  98.88   6.08
  5 1 8 4
   3      11.55        83.15  82.38  94.08  99.06   5.96  99.06   5.96
  4 1 8 4
   3      11.82        85.10  84.36  94.14  99.22   5.83  99.22   5.83
  3 1 8 4
   3      12.08        86.97  86.34  94.27  99.36   5.71  99.36   5.71
  2 1 8 4
   3      12.31        88.62  88.10  94.40  99.48   5.61  99.48   5.61
  1 1 8 4
   3      12.53        90.21  89.76  94.49  99.59   5.52  99.59   5.52
  9 9 7 4
   3       8.63        62.12  60.40  92.32  95.32   7.67  95.32   7.67
  8 9 7 4
   3       8.90        64.10  62.45  92.52  95.93   7.48  95.93   7.48
  7 9 7 4
   3       9.18        66.08  64.51  92.71  96.46   7.30  96.46   7.30
  6 9 7 4
   3       9.45        68.05  66.56  92.88  96.92   7.12  96.92   7.12
  5 9 7 4
   3       9.73        70.01  68.61  93.05  97.32   6.95  97.32   6.95
  4 9 7 4
   3      10.00        71.97  70.65  93.21  97.67   6.78  97.67   6.78
  3 9 7 4
   3      10.27        73.94  72.69  93.36  97.97   6.63  97.97   6.63
  2 9 7 4
   3      10.54        75.88  74.73  93.52  98.24   6.47  98.24   6.47
  1 9 7 4
   3      10.81        77.83  76.77  93.67  98.48   6.33  98.48   6.33
  9 8 7 4
   3       8.90        64.04  62.39  92.51  95.91   7.49  95.91   7.49
  8 8 7 4
   3       9.17        66.01  64.44  92.69  96.45   7.31  96.45   7.31
  7 8 7 4
   3       9.44        67.98  66.48  92.87  96.92   7.13  96.92   7.13
  6 8 7 4
   3       9.71        69.94  68.52  93.04  97.33   6.96  97.33   6.96
  5 8 7 4
   3       9.98        71.89  70.56  93.21  97.69   6.79  97.69   6.79
  4 8 7 4
   3      10.26        73.87  72.60  93.33  98.00   6.63  98.00   6.63
  3 8 7 4
   3      10.53        75.81  74.63  93.48  98.28   6.48  98.28   6.48
  2 8 7 4
   3      10.80        77.75  76.66  93.62  98.51   6.33  98.51   6.33
  1 8 7 4
   3      11.06        79.63  78.69  93.84  98.72   6.20  98.72   6.20
  9 7 7 4
   3       9.16        65.95  64.38  92.69  96.41   7.31  96.41   7.31
  8 7 7 4
   3       9.43        67.92  66.42  92.86  96.90   7.13  96.90   7.13
  7 7 7 4
   3       9.70        69.87  68.45  93.03  97.33   6.96  97.33   6.96
  6 7 7 4
   3       9.98        71.82  70.49  93.19  97.70   6.80  97.70   6.80
  5 7 7 4
   3      10.25        73.79  72.51  93.31  98.02   6.64  98.02   6.64
  4 7 7 4
   3      10.51        75.67  74.54  93.55  98.29   6.50  98.29   6.50
  3 7 7 4
   3      10.78        77.61  76.57  93.68  98.54   6.35  98.54   6.35
  2 7 7 4
   3      11.05        79.55  78.58  93.80  98.75   6.21  98.75   6.21
  1 7 7 4
   3      11.32        81.50  80.61  93.92  98.93   6.07  98.93   6.07
  9 6 7 4
   3       9.43        67.87  66.37  92.86  96.86   7.14  96.86   7.14
  8 6 7 4
   3       9.70        69.81  68.40  93.04  97.30   6.97  97.30   6.97
  7 6 7 4
   3       9.97        71.76  70.42  93.20  97.68   6.81  97.68   6.81
  6 6 7 4
   3      10.24        73.72  72.45  93.32  98.01   6.65  98.01   6.65
  5 6 7 4
   3      10.50        75.59  74.47  93.54  98.30   6.50  98.30   6.50
  4 6 7 4
   3      10.77        77.54  76.48  93.67  98.54   6.35  98.54   6.35
  3 6 7 4
   3      11.04        79.48  78.50  93.79  98.76   6.21  98.76   6.21
  2 6 7 4
   3      11.31        81.43  80.51  93.89  98.94   6.08  98.94   6.08
  1 6 7 4
   3      11.57        83.30  82.52  94.07  99.11   5.95  99.11   5.95
  9 5 7 4
   3       9.69        69.77  68.36  93.04  97.24   6.97  97.24   6.97
  8 5 7 4
   3       9.96        71.71  70.38  93.19  97.64   6.81  97.64   6.81
  7 5 7 4
   3      10.23        73.65  72.39  93.34  97.99   6.65  97.99   6.65
  6 5 7 4
   3      10.50        75.59  74.41  93.47  98.28   6.50  98.28   6.50
  5 5 7 4
   3      10.76        77.47  76.42  93.68  98.54   6.36  98.54   6.36
  4 5 7 4
   3      11.03        79.41  78.42  93.78  98.76   6.22  98.76   6.22
  3 5 7 4
   3      11.30        81.35  80.43  93.88  98.95   6.08  98.95   6.08
  2 5 7 4
   3      11.56        83.23  82.43  94.06  99.11   5.95  99.11   5.95
  1 5 7 4
   3      11.83        85.17  84.44  94.14  99.26   5.83  99.26   5.83
  9 4 7 4
   3       9.96        71.68  70.34  93.19  97.58   6.81  97.58   6.81
  8 4 7 4
   3      10.22        73.58  72.35  93.38  97.94   6.66  97.94   6.66
  7 4 7 4
   3      10.49        75.52  74.36  93.50  98.25   6.50  98.25   6.50
  6 4 7 4
   3      10.76        77.47  76.37  93.62  98.52   6.36  98.52   6.36
  5 4 7 4
   3      11.02        79.34  78.37  93.80  98.75   6.22  98.75   6.22
  4 4 7 4
   3      11.29        81.28  80.37  93.90  98.94   6.09  98.94   6.09
  3 4 7 4
   3      11.55        83.15  82.37  94.06  99.11   5.96  99.11   5.96
  2 4 7 4
   3      11.82        85.10  84.36  94.14  99.26   5.83  99.26   5.83
  1 4 7 4
   3      12.08        86.97  86.35  94.28  99.38   5.71  99.38   5.71
  9 3 7 4
   3      10.22        73.58  72.33  93.35  97.88   6.65  97.88   6.65
  8 3 7 4
   3      10.49        75.52  74.33  93.46  98.21   6.50  98.21   6.50
  7 3 7 4
   3      10.75        77.39  76.33  93.66  98.49   6.36  98.49   6.36
  6 3 7 4
   3      11.02        79.34  78.32  93.75  98.73   6.22  98.73   6.22
  5 3 7 4
   3      11.28        81.21  80.32  93.92  98.93   6.09  98.93   6.09
  4 3 7 4
   3      11.54        83.08  82.30  94.07  99.10   5.96  99.10   5.96
  3 3 7 4
   3      11.81        85.03  84.29  94.14  99.25   5.84  99.25   5.84
  2 3 7 4
   3      12.07        86.90  86.28  94.28  99.38   5.72  99.38   5.72
  1 3 7 4
   3      12.31        88.62  88.06  94.35  99.50   5.61  99.50   5.61
  9 2 7 4
   3      10.48        75.45  74.31  93.53  98.14   6.50  98.14   6.50
  8 2 7 4
   3      10.75        77.39  76.31  93.63  98.44   6.36  98.44   6.36
  7 2 7 4
   3      11.01        79.27  78.30  93.81  98.69   6.23  98.69   6.23
  6 2 7 4
   3      11.28        81.21  80.29  93.88  98.90   6.09  98.90   6.09
  5 2 7 4
   3      11.54        83.08  82.27  94.03  99.09   5.96  99.09   5.96
  4 2 7 4
   3      11.80        84.95  84.25  94.17  99.24   5.84  99.24   5.84
  3 2 7 4
   3      12.06        86.83  86.22  94.30  99.37   5.72  99.37   5.72
  2 2 7 4
   3      12.30        88.55  88.01  94.37  99.49   5.62  99.49   5.62
  1 2 7 4
   3      12.52        90.14  89.67  94.46  99.60   5.53  99.60   5.53
  9 1 7 4
   3      10.75        77.39  76.29  93.61  98.38   6.36  98.38   6.36
  8 1 7 4
   3      11.01        79.27  78.28  93.78  98.64   6.22  98.64   6.22
  7 1 7 4
   3      11.27        81.14  80.27  93.94  98.87   6.09  98.87   6.09
  6 1 7 4
   3      11.54        83.08  82.24  94.00  99.06   5.96  99.06   5.96
  5 1 7 4
   3      11.80        84.95  84.22  94.14  99.22   5.84  99.22   5.84
  4 1 7 4
   3      12.06        86.83  86.19  94.26  99.36   5.72  99.36   5.72
  3 1 7 4
   3      12.29        88.48  87.97  94.41  99.48   5.62  99.48   5.62
  2 1 7 4
   3      12.51        90.06  89.62  94.49  99.60   5.53  99.60   5.53
  1 1 7 4
   3      12.73        91.65  91.27  94.57  99.69   5.44  99.69   5.44
  9 9 6 4
   3       8.89        64.00  62.34  92.51  95.84   7.49  95.84   7.49
  8 9 6 4
   3       9.16        65.97  64.39  92.69  96.40   7.31  96.40   7.31
  7 9 6 4
   3       9.44        67.93  66.43  92.86  96.88   7.13  96.88   7.13
  6 9 6 4
   3       9.71        69.89  68.48  93.04  97.29   6.96  97.29   6.96
  5 9 6 4
   3       9.98        71.84  70.51  93.20  97.66   6.80  97.66   6.80
  4 9 6 4
   3      10.25        73.79  72.55  93.36  97.97   6.64  97.97   6.64
  3 9 6 4
   3      10.52        75.74  74.58  93.51  98.25   6.49  98.25   6.49
  2 9 6 4
   3      10.79        77.68  76.61  93.65  98.49   6.34  98.49   6.34
  1 9 6 4
   3      11.06        79.63  78.64  93.79  98.70   6.20  98.70   6.20
  9 8 6 4
   3       9.15        65.90  64.33  92.69  96.38   7.31  96.38   7.31
  8 8 6 4
   3       9.43        67.86  66.36  92.87  96.87   7.14  96.87   7.14
  7 8 6 4
   3       9.70        69.82  68.40  93.03  97.30   6.97  97.30   6.97
  6 8 6 4
   3       9.97        71.76  70.43  93.20  97.67   6.81  97.67   6.81
  5 8 6 4
   3      10.24        73.72  72.46  93.34  97.99   6.65  97.99   6.65
  4 8 6 4
   3      10.51        75.67  74.49  93.48  98.28   6.49  98.28   6.49
  3 8 6 4
   3      10.78        77.61  76.51  93.62  98.52   6.35  98.52   6.35
  2 8 6 4
   3      11.04        79.48  78.53  93.82  98.73   6.21  98.73   6.21
  1 8 6 4
   3      11.31        81.43  80.55  93.94  98.92   6.07  98.92   6.07
  9 7 6 4
   3       9.42        67.80  66.31  92.86  96.84   7.14  96.84   7.14
  8 7 6 4
   3       9.69        69.76  68.34  93.03  97.28   6.97  97.28   6.97
  7 7 6 4
   3       9.96        71.70  70.36  93.19  97.67   6.81  97.67   6.81
  6 7 6 4
   3      10.23        73.65  72.39  93.33  98.00   6.65  98.00   6.65
  5 7 6 4
   3      10.50        75.59  74.41  93.47  98.29   6.50  98.29   6.50
  4 7 6 4
   3      10.76        77.47  76.42  93.68  98.54   6.36  98.54   6.36
  3 7 6 4
   3      11.03        79.41  78.44  93.80  98.75   6.22  98.75   6.22
  2 7 6 4
   3      11.30        81.35  80.45  93.90  98.94   6.08  98.94   6.08
  1 7 6 4
   3      11.56        83.23  82.46  94.08  99.10   5.95  99.10   5.95
  9 6 6 4
   3       9.68        69.70  68.29  93.03  97.24   6.98  97.24   6.98
  8 6 6 4
   3       9.95        71.65  70.31  93.18  97.64   6.81  97.64   6.81
  7 6 6 4
   3      10.22        73.58  72.33  93.34  97.98   6.66  97.98   6.66
  6 6 6 4
   3      10.49        75.52  74.34  93.47  98.28   6.51  98.28   6.51
  5 6 6 4
   3      10.75        77.39  76.35  93.68  98.54   6.37  98.54   6.37
  4 6 6 4
   3      11.02        79.34  78.35  93.78  98.76   6.22  98.76   6.22
  3 6 6 4
   3      11.29        81.28  80.36  93.89  98.95   6.09  98.95   6.09
  2 6 6 4
   3      11.55        83.15  82.37  94.06  99.11   5.96  99.11   5.96
  1 6 6 4
   3      11.82        85.10  84.37  94.15  99.26   5.83  99.26   5.83
  9 5 6 4
   3       9.95        71.61  70.27  93.18  97.59   6.81  97.59   6.81
  8 5 6 4
   3      10.21        73.51  72.28  93.37  97.95   6.66  97.95   6.66
  7 5 6 4
   3      10.48        75.45  74.29  93.50  98.26   6.51  98.26   6.51
  6 5 6 4
   3      10.75        77.39  76.29  93.61  98.53   6.37  98.53   6.37
  5 5 6 4
   3      11.01        79.27  78.29  93.80  98.75   6.23  98.75   6.23
  4 5 6 4
   3      11.28        81.21  80.29  93.88  98.95   6.09  98.95   6.09
  3 5 6 4
   3      11.54        83.08  82.29  94.06  99.12   5.97  99.12   5.97
  2 5 6 4
   3      11.81        85.03  84.28  94.12  99.26   5.84  99.26   5.84
  1 5 6 4
   3      12.07        86.90  86.27  94.28  99.39   5.72  99.39   5.72
  9 4 6 4
   3      10.21        73.51  72.24  93.33  97.90   6.66  97.90   6.66
  8 4 6 4
   3      10.48        75.45  74.25  93.45  98.22   6.51  98.22   6.51
  7 4 6 4
   3      10.74        77.32  76.25  93.64  98.50   6.37  98.50   6.37
  6 4 6 4
   3      11.01        79.27  78.24  93.73  98.74   6.23  98.74   6.23
  5 4 6 4
   3      11.27        81.14  80.24  93.90  98.94   6.10  98.94   6.10
  4 4 6 4
   3      11.53        83.01  82.22  94.06  99.11   5.97  99.11   5.97
  3 4 6 4
   3      11.80        84.95  84.21  94.13  99.26   5.84  99.26   5.84
  2 4 6 4
   3      12.06        86.83  86.19  94.27  99.39   5.72  99.39   5.72
  1 4 6 4
   3      12.30        88.55  87.99  94.36  99.50   5.62  99.50   5.62
  9 3 6 4
   3      10.47        75.38  74.22  93.50  98.17   6.51  98.17   6.51
  8 3 6 4
   3      10.74        77.32  76.22  93.60  98.46   6.37  98.46   6.37
  7 3 6 4
   3      11.00        79.19  78.20  93.77  98.71   6.23  98.71   6.23
  6 3 6 4
   3      11.26        81.07  80.19  93.93  98.92   6.10  98.92   6.10
  5 3 6 4
   3      11.53        83.01  82.18  94.01  99.10   5.97  99.10   5.97
  4 3 6 4
   3      11.79        84.88  84.15  94.15  99.25   5.85  99.25   5.85
  3 3 6 4
   3      12.05        86.75  86.13  94.28  99.38   5.73  99.38   5.73
  2 3 6 4
   3      12.29        88.48  87.93  94.37  99.50   5.62  99.50   5.62
  1 3 6 4
   3      12.51        90.06  89.59  94.46  99.61   5.53  99.61   5.53
  9 2 6 4
   3      10.73        77.25  76.19  93.66  98.41   6.37  98.41   6.37
  8 2 6 4
   3      11.00        79.19  78.18  93.75  98.67   6.23  98.67   6.23
  7 2 6 4
   3      11.26        81.07  80.16  93.90  98.89   6.10  98.89   6.10
  6 2 6 4
   3      11.52        82.94  82.14  94.05  99.08   5.97  99.08   5.97
  5 2 6 4
   3      11.78        84.81  84.12  94.19  99.24   5.85  99.24   5.85
  4 2 6 4
   3      12.04        86.68  86.09  94.31  99.37   5.73  99.37   5.73
  3 2 6 4
   3      12.28        88.41  87.88  94.40  99.50   5.63  99.50   5.63
  2 2 6 4
   3      12.50        89.99  89.54  94.48  99.60   5.53  99.60   5.53
  1 2 6 4
   3      12.72        91.58  91.19  94.56  99.70   5.44  99.70   5.44
  9 1 6 4
   3      11.00        79.19  78.17  93.73  98.61   6.23  98.61   6.23
  8 1 6 4
   3      11.26        81.07  80.14  93.88  98.85   6.10  98.85   6.10
  7 1 6 4
   3      11.52        82.94  82.12  94.03  99.05   5.97  99.05   5.97
  6 1 6 4
   3      11.78        84.81  84.09  94.15  99.22   5.85  99.22   5.85
  5 1 6 4
   3      12.04        86.68  86.05  94.27  99.36   5.73  99.36   5.73
  4 1 6 4
   3      12.28        88.41  87.85  94.36  99.48   5.63  99.48   5.63
  3 1 6 4
   3      12.50        89.99  89.50  94.44  99.60   5.53  99.60   5.53
  2 1 6 4
   3      12.71        91.50  91.14  94.59  99.69   5.45  99.69   5.45
  1 1 6 4
   3      12.93        93.09  92.78  94.65  99.78   5.36  99.78   5.36
  9 9 5 4
   3       9.15        65.86  64.29  92.69  96.30   7.31  96.30   7.31
  8 9 5 4
   3       9.42        67.83  66.33  92.86  96.81   7.14  96.81   7.14
  7 9 5 4
   3       9.69        69.78  68.36  93.03  97.24   6.97  97.24   6.97
  6 9 5 4
   3       9.96        71.73  70.39  93.19  97.62   6.81  97.62   6.81
  5 9 5 4
   3      10.23        73.65  72.42  93.38  97.95   6.65  97.95   6.65
  4 9 5 4
   3      10.50        75.59  74.45  93.52  98.24   6.50  98.24   6.50
  3 9 5 4
   3      10.77        77.54  76.47  93.66  98.49   6.35  98.49   6.35
  2 9 5 4
   3      11.04        79.48  78.50  93.79  98.71   6.21  98.71   6.21
  1 9 5 4
   3      11.31        81.43  80.52  93.90  98.90   6.07  98.90   6.07
  9 8 5 4
   3       9.41        67.76  66.26  92.86  96.79   7.14  96.79   7.14
  8 8 5 4
   3       9.68        69.71  68.29  93.03  97.24   6.97  97.24   6.97
  7 8 5 4
   3       9.95        71.66  70.32  93.19  97.63   6.81  97.63   6.81
  6 8 5 4
   3      10.22        73.58  72.34  93.36  97.97   6.66  97.97   6.66
  5 8 5 4
   3      10.49        75.52  74.36  93.50  98.26   6.51  98.26   6.51
  4 8 5 4
   3      10.76        77.47  76.38  93.62  98.51   6.36  98.51   6.36
  3 8 5 4
   3      11.03        79.41  78.39  93.74  98.73   6.22  98.73   6.22
  2 8 5 4
   3      11.29        81.28  80.40  93.93  98.92   6.09  98.92   6.09
  1 8 5 4
   3      11.56        83.23  82.41  94.03  99.09   5.95  99.09   5.95
  9 7 5 4
   3       9.68        69.65  68.23  93.02  97.21   6.98  97.21   6.98
  8 7 5 4
   3       9.94        71.60  70.26  93.18  97.61   6.82  97.61   6.82
  7 7 5 4
   3      10.21        73.51  72.27  93.37  97.96   6.66  97.96   6.66
  6 7 5 4
   3      10.48        75.45  74.29  93.50  98.26   6.51  98.26   6.51
  5 7 5 4
   3      10.75        77.39  76.30  93.62  98.52   6.36  98.52   6.36
  4 7 5 4
   3      11.01        79.27  78.31  93.81  98.74   6.23  98.74   6.23
  3 7 5 4
   3      11.28        81.21  80.31  93.91  98.94   6.09  98.94   6.09
  2 7 5 4
   3      11.55        83.15  82.31  94.00  99.10   5.96  99.10   5.96
  1 7 5 4
   3      11.81        85.03  84.31  94.17  99.25   5.84  99.25   5.84
  9 6 5 4
   3       9.94        71.55  70.21  93.18  97.58   6.82  97.58   6.82
  8 6 5 4
   3      10.21        73.51  72.22  93.30  97.94   6.66  97.94   6.66
  7 6 5 4
   3      10.47        75.38  74.23  93.51  98.25   6.52  98.25   6.52
  6 6 5 4
   3      10.74        77.32  76.23  93.62  98.52   6.37  98.52   6.37
  5 6 5 4
   3      11.00        79.19  78.23  93.81  98.74   6.23  98.74   6.23
  4 6 5 4
   3      11.27        81.14  80.24  93.90  98.94   6.10  98.94   6.10
  3 6 5 4
   3      11.53        83.01  82.23  94.07  99.11   5.97  99.11   5.97
  2 6 5 4
   3      11.80        84.95  84.22  94.14  99.26   5.84  99.26   5.84
  1 6 5 4
   3      12.06        86.83  86.21  94.29  99.38   5.72  99.38   5.72
  9 5 5 4
   3      10.20        73.43  72.18  93.33  97.89   6.67  97.89   6.67
  8 5 5 4
   3      10.47        75.38  74.18  93.45  98.22   6.52  98.22   6.52
  7 5 5 4
   3      10.73        77.25  76.18  93.64  98.50   6.38  98.50   6.38
  6 5 5 4
   3      11.00        79.19  78.17  93.74  98.73   6.23  98.73   6.23
  5 5 5 4
   3      11.26        81.07  80.17  93.91  98.94   6.10  98.94   6.10
  4 5 5 4
   3      11.52        82.94  82.15  94.06  99.11   5.98  99.11   5.98
  3 5 5 4
   3      11.79        84.88  84.14  94.13  99.26   5.85  99.26   5.85
  2 5 5 4
   3      12.05        86.75  86.13  94.27  99.39   5.73  99.39   5.73
  1 5 5 4
   3      12.29        88.48  87.93  94.37  99.50   5.62  99.50   5.62
  9 4 5 4
   3      10.46        75.31  74.14  93.50  98.17   6.52  98.17   6.52
  8 4 5 4
   3      10.73        77.25  76.14  93.60  98.47   6.37  98.47   6.37
  7 4 5 4
   3      10.99        79.12  78.13  93.77  98.71   6.24  98.71   6.24
  6 4 5 4
   3      11.25        80.99  80.11  93.93  98.92   6.11  98.92   6.11
  5 4 5 4
   3      11.52        82.94  82.10  94.00  99.10   5.97  99.10   5.97
  4 4 5 4
   3      11.78        84.81  84.08  94.14  99.26   5.85  99.26   5.85
  3 4 5 4
   3      12.04        86.68  86.06  94.28  99.39   5.73  99.39   5.73
  2 4 5 4
   3      12.28        88.41  87.87  94.38  99.50   5.63  99.50   5.63
  1 4 5 4
   3      12.50        89.99  89.52  94.46  99.61   5.53  99.61   5.53
  9 3 5 4
   3      10.72        77.18  76.11  93.65  98.42   6.38  98.42   6.38
  8 3 5 4
   3      10.99        79.12  78.10  93.73  98.68   6.24  98.68   6.24
  7 3 5 4
   3      11.25        80.99  80.08  93.88  98.90   6.11  98.90   6.11
  6 3 5 4
   3      11.51        82.87  82.05  94.03  99.09   5.98  99.09   5.98
  5 3 5 4
   3      11.77        84.74  84.03  94.17  99.25   5.86  99.25   5.86
  4 3 5 4
   3      12.03        86.61  86.00  94.29  99.38   5.74  99.38   5.74
  3 3 5 4
   3      12.27        88.34  87.82  94.40  99.50   5.63  99.50   5.63
  2 3 5 4
   3      12.49        89.92  89.47  94.48  99.61   5.54  99.61   5.54
  1 3 5 4
   3      12.71        91.50  91.11  94.56  99.70   5.45  99.70   5.45
  9 2 5 4
   3      10.98        79.05  78.07  93.79  98.63   6.24  98.63   6.24
  8 2 5 4
   3      11.25        80.99  80.05  93.86  98.87   6.10  98.87   6.10
  7 2 5 4
   3      11.51        82.87  82.02  94.00  99.06   5.98  99.06   5.98
  6 2 5 4
   3      11.77        84.74  84.00  94.13  99.23   5.86  99.23   5.86
  5 2 5 4
   3      12.03        86.61  85.96  94.25  99.37   5.74  99.37   5.74
  4 2 5 4
   3      12.27        88.34  87.78  94.36  99.49   5.63  99.49   5.63
  3 2 5 4
   3      12.49        89.92  89.42  94.44  99.60   5.54  99.60   5.54
  2 2 5 4
   3      12.70        91.43  91.07  94.58  99.70   5.45  99.70   5.45
  1 2 5 4
   3      12.92        93.02  92.71  94.64  99.78   5.36  99.78   5.36
  9 1 5 4
   3      11.24        80.92  80.05  93.93  98.82   6.11  98.82   6.11
  8 1 5 4
   3      11.50        82.79  82.01  94.06  99.03   5.98  99.03   5.98
  7 1 5 4
   3      11.77        84.74  83.97  94.10  99.20   5.85  99.20   5.85
  6 1 5 4
   3      12.02        86.54  85.94  94.30  99.35   5.74  99.35   5.74
  5 1 5 4
   3      12.27        88.34  87.75  94.33  99.48   5.63  99.48   5.63
  4 1 5 4
   3      12.48        89.85  89.39  94.48  99.59   5.54  99.59   5.54
  3 1 5 4
   3      12.70        91.43  91.03  94.54  99.69   5.45  99.69   5.45
  2 1 5 4
   3      12.92        93.02  92.66  94.60  99.77   5.36  99.77   5.36
  1 1 5 4
   3      13.13        94.53  94.30  94.73  99.84   5.28  99.84   5.28
  9 9 4 4
   3       9.41        67.73  66.23  92.86  96.70   7.14  96.70   7.14
  8 9 4 4
   3       9.68        69.68  68.26  93.03  97.17   6.97  97.17   6.97
  7 9 4 4
   3       9.95        71.63  70.29  93.19  97.57   6.81  97.57   6.81
  6 9 4 4
   3      10.22        73.58  72.31  93.33  97.91   6.65  97.91   6.65
  5 9 4 4
   3      10.49        75.52  74.33  93.47  98.21   6.50  98.21   6.50
  4 9 4 4
   3      10.75        77.39  76.35  93.68  98.47   6.36  98.47   6.36
  3 9 4 4
   3      11.02        79.34  78.36  93.79  98.70   6.22  98.70   6.22
  2 9 4 4
   3      11.29        81.28  80.38  93.91  98.89   6.08  98.89   6.08
  1 9 4 4
   3      11.55        83.15  82.39  94.09  99.06   5.96  99.06   5.96
  9 8 4 4
   3       9.67        69.62  68.20  93.02  97.15   6.98  97.15   6.98
  8 8 4 4
   3       9.94        71.56  70.22  93.18  97.56   6.82  97.56   6.82
  7 8 4 4
   3      10.21        73.51  72.24  93.32  97.92   6.66  97.92   6.66
  6 8 4 4
   3      10.48        75.45  74.25  93.45  98.22   6.51  98.22   6.51
  5 8 4 4
   3      10.74        77.32  76.26  93.66  98.49   6.37  98.49   6.37
  4 8 4 4
   3      11.01        79.27  78.27  93.77  98.72   6.23  98.72   6.23
  3 8 4 4
   3      11.28        81.21  80.27  93.87  98.91   6.09  98.91   6.09
  2 8 4 4
   3      11.54        83.08  82.27  94.04  99.08   5.96  99.08   5.96
  1 8 4 4
   3      11.81        85.03  84.28  94.12  99.23   5.84  99.23   5.84
  9 7 4 4
   3       9.93        71.50  70.16  93.18  97.53   6.82  97.53   6.82
  8 7 4 4
   3      10.20        73.43  72.18  93.33  97.90   6.67  97.90   6.67
  7 7 4 4
   3      10.47        75.38  74.18  93.46  98.22   6.52  98.22   6.52
  6 7 4 4
   3      10.73        77.25  76.19  93.65  98.49   6.37  98.49   6.37
  5 7 4 4
   3      11.00        79.19  78.19  93.75  98.72   6.23  98.72   6.23
  4 7 4 4
   3      11.26        81.07  80.19  93.93  98.92   6.10  98.92   6.10
  3 7 4 4
   3      11.53        83.01  82.18  94.02  99.10   5.97  99.10   5.97
  2 7 4 4
   3      11.79        84.88  84.18  94.17  99.25   5.85  99.25   5.85
  1 7 4 4
   3      12.06        86.83  86.16  94.24  99.37   5.72  99.37   5.72
  9 6 4 4
   3      10.19        73.36  72.13  93.36  97.87   6.67  97.87   6.67
  8 6 4 4
   3      10.46        75.31  74.13  93.48  98.20   6.52  98.20   6.52
  7 6 4 4
   3      10.73        77.25  76.13  93.58  98.48   6.37  98.48   6.37
  6 6 4 4
   3      10.99        79.12  78.13  93.77  98.72   6.24  98.72   6.24
  5 6 4 4
   3      11.25        80.99  80.11  93.93  98.92   6.11  98.92   6.11
  4 6 4 4
   3      11.52        82.94  82.11  94.01  99.10   5.97  99.10   5.97
  3 6 4 4
   3      11.78        84.81  84.09  94.16  99.25   5.85  99.25   5.85
  2 6 4 4
   3      12.04        86.68  86.07  94.29  99.38   5.73  99.38   5.73
  1 6 4 4
   3      12.28        88.41  87.88  94.40  99.50   5.63  99.50   5.63
  9 5 4 4
   3      10.45        75.23  74.09  93.51  98.16   6.52  98.16   6.52
  8 5 4 4
   3      10.72        77.18  76.08  93.61  98.45   6.38  98.45   6.38
  7 5 4 4
   3      10.98        79.05  78.07  93.79  98.70   6.24  98.70   6.24
  6 5 4 4
   3      11.25        80.99  80.06  93.87  98.92   6.11  98.92   6.11
  5 5 4 4
   3      11.51        82.87  82.04  94.01  99.10   5.98  99.10   5.98
  4 5 4 4
   3      11.77        84.74  84.02  94.15  99.25   5.86  99.25   5.86
  3 5 4 4
   3      12.03        86.61  86.00  94.29  99.38   5.74  99.38   5.74
  2 5 4 4
   3      12.27        88.34  87.82  94.40  99.50   5.63  99.50   5.63
  1 5 4 4
   3      12.49        89.92  89.48  94.49  99.61   5.54  99.61   5.54
  9 4 4 4
   3      10.71        77.11  76.04  93.65  98.41   6.38  98.41   6.38
  8 4 4 4
   3      10.98        79.05  78.03  93.73  98.68   6.24  98.68   6.24
  7 4 4 4
   3      11.24        80.92  80.02  93.90  98.90   6.11  98.90   6.11
  6 4 4 4
   3      11.50        82.79  81.99  94.04  99.09   5.98  99.09   5.98
  5 4 4 4
   3      11.76        84.67  83.97  94.18  99.24   5.86  99.24   5.86
  4 4 4 4
   3      12.02        86.54  85.94  94.30  99.38   5.74  99.38   5.74
  3 4 4 4
   3      12.27        88.34  87.76  94.34  99.50   5.63  99.50   5.63
  2 4 4 4
   3      12.48        89.85  89.41  94.50  99.61   5.54  99.61   5.54
  1 4 4 4
   3      12.70        91.43  91.06  94.57  99.70   5.45  99.70   5.45
  9 3 4 4
   3      10.97        78.98  78.01  93.79  98.63   6.24  98.63   6.24
  8 3 4 4
   3      11.24        80.92  79.98  93.85  98.87   6.11  98.87   6.11
  7 3 4 4
   3      11.50        82.79  81.96  94.00  99.06   5.98  99.06   5.98
  6 3 4 4
   3      11.76        84.67  83.92  94.12  99.23   5.86  99.23   5.86
  5 3 4 4
   3      12.02        86.54  85.88  94.24  99.37   5.74  99.37   5.74
  4 3 4 4
   3      12.26        88.26  87.71  94.36  99.49   5.64  99.49   5.64
  3 3 4 4
   3      12.48        89.85  89.36  94.44  99.60   5.54  99.60   5.54
  2 3 4 4
   3      12.70        91.43  91.00  94.51  99.70   5.45  99.70   5.45
  1 3 4 4
   3      12.91        92.94  92.65  94.66  99.78   5.37  99.78   5.37
  9 2 4 4
   3      11.23        80.85  79.96  93.92  98.83   6.11  98.83   6.11
  8 2 4 4
   3      11.49        82.72  81.93  94.05  99.03   5.99  99.03   5.99
  7 2 4 4
   3      11.75        84.59  83.89  94.17  99.21   5.86  99.21   5.86
  6 2 4 4
   3      12.01        86.47  85.85  94.29  99.35   5.75  99.35   5.75
  5 2 4 4
   3      12.26        88.26  87.68  94.33  99.48   5.64  99.48   5.64
  4 2 4 4
   3      12.47        89.78  89.32  94.47  99.60   5.55  99.60   5.55
  3 2 4 4
   3      12.69        91.36  90.96  94.54  99.69   5.46  99.69   5.46
  2 2 4 4
   3      12.91        92.94  92.59  94.60  99.78   5.37  99.78   5.37
  1 2 4 4
   3      13.12        94.46  94.23  94.73  99.84   5.29  99.84   5.29
  9 1 4 4
   3      11.49        82.72  81.92  94.04  98.99   5.98  98.99   5.98
  8 1 4 4
   3      11.75        84.59  83.87  94.15  99.18   5.86  99.18   5.86
  7 1 4 4
   3      12.01        86.47  85.83  94.26  99.33   5.74  99.33   5.74
  6 1 4 4
   3      12.25        88.19  87.66  94.38  99.47   5.64  99.47   5.64
  5 1 4 4
   3      12.47        89.78  89.29  94.45  99.59   5.55  99.59   5.55
  4 1 4 4
   3      12.69        91.36  90.92  94.51  99.69   5.46  99.69   5.46
  3 1 4 4
   3      12.90        92.87  92.55  94.64  99.77   5.37  99.77   5.37
  2 1 4 4
   3      13.12        94.46  94.18  94.69  99.84   5.29  99.84   5.29
  1 1 4 4
   3      13.33        95.97  95.81  94.80  99.90   5.20  99.90   5.20
  9 9 3 4
   3       9.67        69.60  68.18  93.02  97.06   6.97  97.06   6.97
  8 9 3 4
   3       9.94        71.53  70.20  93.19  97.48   6.81  97.48   6.81
  7 9 3 4
   3      10.21        73.51  72.22  93.29  97.85   6.66  97.85   6.66
  6 9 3 4
   3      10.47        75.38  74.23  93.52  98.17   6.51  98.17   6.51
  5 9 3 4
   3      10.74        77.32  76.24  93.63  98.44   6.37  98.44   6.37
  4 9 3 4
   3      11.01        79.27  78.25  93.74  98.67   6.22  98.67   6.22
  3 9 3 4
   3      11.27        81.14  80.26  93.93  98.88   6.09  98.88   6.09
  2 9 3 4
   3      11.54        83.08  82.26  94.02  99.05   5.96  99.05   5.96
  1 9 3 4
   3      11.80        84.95  84.25  94.18  99.21   5.84  99.21   5.84
  9 8 3 4
   3       9.93        71.48  70.14  93.18  97.47   6.82  97.47   6.82
  8 8 3 4
   3      10.20        73.43  72.15  93.30  97.84   6.66  97.84   6.66
  7 8 3 4
   3      10.46        75.31  74.16  93.51  98.17   6.52  98.17   6.52
  6 8 3 4
   3      10.73        77.25  76.16  93.63  98.45   6.37  98.45   6.37
  5 8 3 4
   3      11.00        79.19  78.17  93.73  98.69   6.23  98.69   6.23
  4 8 3 4
   3      11.26        81.07  80.16  93.90  98.89   6.10  98.89   6.10
  3 8 3 4
   3      11.52        82.94  82.15  94.06  99.07   5.97  99.07   5.97
  2 8 3 4
   3      11.79        84.88  84.15  94.14  99.22   5.84  99.22   5.84
  1 8 3 4
   3      12.05        86.75  86.14  94.29  99.35   5.73  99.35   5.73
  9 7 3 4
   3      10.19        73.36  72.09  93.32  97.82   6.67  97.82   6.67
  8 7 3 4
   3      10.45        75.23  74.09  93.52  98.16   6.52  98.16   6.52
  7 7 3 4
   3      10.72        77.18  76.10  93.63  98.44   6.38  98.44   6.38
  6 7 3 4
   3      10.99        79.12  78.09  93.72  98.69   6.24  98.69   6.24
  5 7 3 4
   3      11.25        80.99  80.08  93.89  98.90   6.11  98.90   6.11
  4 7 3 4
   3      11.51        82.87  82.07  94.05  99.08   5.98  99.08   5.98
  3 7 3 4
   3      11.78        84.81  84.06  94.12  99.23   5.85  99.23   5.85
  2 7 3 4
   3      12.04        86.68  86.04  94.26  99.37   5.73  99.37   5.73
  1 7 3 4
   3      12.28        88.41  87.86  94.37  99.48   5.63  99.48   5.63
  9 6 3 4
   3      10.45        75.23  74.04  93.46  98.13   6.52  98.13   6.52
  8 6 3 4
   3      10.71        77.11  76.04  93.65  98.42   6.38  98.42   6.38
  7 6 3 4
   3      10.98        79.05  78.03  93.73  98.68   6.24  98.68   6.24
  6 6 3 4
   3      11.24        80.92  80.02  93.90  98.90   6.11  98.90   6.11
  5 6 3 4
   3      11.50        82.79  82.00  94.05  99.08   5.98  99.08   5.98
  4 6 3 4
   3      11.77        84.74  83.98  94.11  99.24   5.86  99.24   5.86
  3 6 3 4
   3      12.03        86.61  85.95  94.24  99.37   5.74  99.37   5.74
  2 6 3 4
   3      12.27        88.34  87.78  94.36  99.49   5.63  99.49   5.63
  1 6 3 4
   3      12.49        89.92  89.44  94.45  99.60   5.54  99.60   5.54
  9 5 3 4
   3      10.71        77.11  76.00  93.59  98.39   6.38  98.39   6.38
  8 5 3 4
   3      10.97        78.98  77.98  93.76  98.66   6.25  98.66   6.25
  7 5 3 4
   3      11.23        80.85  79.96  93.92  98.88   6.12  98.88   6.12
  6 5 3 4
   3      11.50        82.79  81.94  93.98  99.07   5.98  99.07   5.98
  5 5 3 4
   3      11.76        84.67  83.91  94.12  99.23   5.86  99.23   5.86
  4 5 3 4
   3      12.02        86.54  85.88  94.24  99.37   5.74  99.37   5.74
  3 5 3 4
   3      12.26        88.26  87.72  94.37  99.49   5.64  99.49   5.64
  2 5 3 4
   3      12.48        89.85  89.37  94.46  99.60   5.54  99.60   5.54
  1 5 3 4
   3      12.70        91.43  91.02  94.53  99.70   5.45  99.70   5.45
  9 4 3 4
   3      10.97        78.98  77.95  93.72  98.62   6.24  98.62   6.24
  8 4 3 4
   3      11.23        80.85  79.92  93.87  98.86   6.11  98.86   6.11
  7 4 3 4
   3      11.49        82.72  81.90  94.01  99.06   5.99  99.06   5.99
  6 4 3 4
   3      11.75        84.59  83.87  94.14  99.22   5.86  99.22   5.86
  5 4 3 4
   3      12.01        86.47  85.83  94.26  99.37   5.75  99.37   5.75
  4 4 3 4
   3      12.25        88.19  87.66  94.39  99.49   5.64  99.49   5.64
  3 4 3 4
   3      12.47        89.78  89.31  94.47  99.60   5.55  99.60   5.55
  2 4 3 4
   3      12.69        91.36  90.96  94.54  99.70   5.46  99.70   5.46
  1 4 3 4
   3      12.91        92.94  92.59  94.60  99.78   5.37  99.78   5.37
  9 3 3 4
   3      11.22        80.78  79.89  93.92  98.82   6.12  98.82   6.12
  8 3 3 4
   3      11.49        82.72  81.87  93.98  99.03   5.99  99.03   5.99
  7 3 3 4
   3      11.75        84.59  83.83  94.10  99.21   5.86  99.21   5.86
  6 3 3 4
   3      12.01        86.47  85.78  94.21  99.35   5.75  99.35   5.75
  5 3 3 4
   3      12.25        88.19  87.63  94.35  99.48   5.64  99.48   5.64
  4 3 3 4
   3      12.47        89.78  89.26  94.42  99.60   5.55  99.60   5.55
  3 3 3 4
   3      12.68        91.29  90.90  94.56  99.69   5.46  99.69   5.46
  2 3 3 4
   3      12.90        92.87  92.54  94.62  99.78   5.37  99.78   5.37
  1 3 3 4
   3      13.11        94.38  94.17  94.74  99.84   5.29  99.84   5.29
  9 2 3 4
   3      11.48        82.65  81.84  94.03  99.00   5.99  99.00   5.99
  8 2 3 4
   3      11.74        84.52  83.80  94.15  99.18   5.87  99.18   5.87
  7 2 3 4
   3      12.00        86.39  85.75  94.26  99.33   5.75  99.33   5.75
  6 2 3 4
   3      12.24        88.12  87.60  94.40  99.47   5.64  99.47   5.64
  5 2 3 4
   3      12.46        89.70  89.23  94.46  99.59   5.55  99.59   5.55
  4 2 3 4
   3      12.68        91.29  90.86  94.52  99.69   5.46  99.69   5.46
  3 2 3 4
   3      12.89        92.80  92.49  94.65  99.77   5.38  99.77   5.38
  2 2 3 4
   3      13.11        94.38  94.12  94.70  99.84   5.29  99.84   5.29
  1 2 3 4
   3      13.32        95.90  95.75  94.81  99.90   5.21  99.90   5.21
  9 1 3 4
   3      11.74        84.52  83.79  94.14  99.15   5.87  99.15   5.87
  8 1 3 4
   3      12.00        86.39  85.74  94.24  99.31   5.75  99.31   5.75
  7 1 3 4
   3      12.24        88.12  87.57  94.37  99.45   5.64  99.45   5.64
  6 1 3 4
   3      12.46        89.70  89.21  94.44  99.58   5.55  99.58   5.55
  5 1 3 4
   3      12.67        91.22  90.84  94.57  99.68   5.46  99.68   5.46
  4 1 3 4
   3      12.89        92.80  92.46  94.62  99.77   5.38  99.77   5.38
  3 1 3 4
   3      13.10        94.31  94.09  94.73  99.84   5.29  99.84   5.29
  2 1 3 4
   3      13.32        95.90  95.71  94.77  99.90   5.21  99.90   5.21
  1 1 3 4
   3      13.53        97.41  97.32  94.88  99.94   5.13  99.94   5.13
  9 9 2 4
   3       9.93        71.46  70.12  93.18  97.37   6.81  97.37   6.81
  8 9 2 4
   3      10.19        73.36  72.14  93.37  97.76   6.66  97.76   6.66
  7 9 2 4
   3      10.46        75.31  74.14  93.50  98.10   6.51  98.10   6.51
  6 9 2 4
   3      10.73        77.25  76.15  93.61  98.39   6.37  98.39   6.37
  5 9 2 4
   3      10.99        79.12  78.15  93.79  98.64   6.23  98.64   6.23
  4 9 2 4
   3      11.26        81.07  80.15  93.89  98.85   6.10  98.85   6.10
  3 9 2 4
   3      11.52        82.94  82.15  94.05  99.03   5.97  99.03   5.97
  2 9 2 4
   3      11.79        84.88  84.14  94.13  99.19   5.84  99.19   5.84
  1 9 2 4
   3      12.05        86.75  86.13  94.27  99.33   5.72  99.33   5.72
  9 8 2 4
   3      10.19        73.36  72.07  93.29  97.75   6.66  97.75   6.66
  8 8 2 4
   3      10.45        75.23  74.08  93.50  98.09   6.52  98.09   6.52
  7 8 2 4
   3      10.72        77.18  76.07  93.60  98.39   6.37  98.39   6.37
  6 8 2 4
   3      10.98        79.05  78.07  93.79  98.64   6.24  98.64   6.24
  5 8 2 4
   3      11.25        80.99  80.06  93.87  98.86   6.10  98.86   6.10
  4 8 2 4
   3      11.51        82.87  82.05  94.03  99.05   5.98  99.05   5.98
  3 8 2 4
   3      11.77        84.74  84.04  94.18  99.21   5.85  99.21   5.85
  2 8 2 4
   3      12.04        86.68  86.02  94.24  99.34   5.73  99.34   5.73
  1 8 2 4
   3      12.28        88.41  87.85  94.36  99.47   5.63  99.47   5.63
  9 7 2 4
   3      10.44        75.16  74.02  93.52  98.07   6.52  98.07   6.52
  8 7 2 4
   3      10.71        77.11  76.01  93.61  98.38   6.38  98.38   6.38
  7 7 2 4
   3      10.97        78.98  78.01  93.79  98.64   6.24  98.64   6.24
  6 7 2 4
   3      11.24        80.92  79.99  93.87  98.86   6.11  98.86   6.11
  5 7 2 4
   3      11.50        82.79  81.97  94.02  99.05   5.98  99.05   5.98
  4 7 2 4
   3      11.76        84.67  83.95  94.16  99.22   5.86  99.22   5.86
  3 7 2 4
   3      12.02        86.54  85.93  94.29  99.35   5.74  99.35   5.74
  2 7 2 4
   3      12.27        88.34  87.76  94.34  99.48   5.63  99.48   5.63
  1 7 2 4
   3      12.49        89.92  89.42  94.43  99.59   5.54  99.59   5.54
  9 6 2 4
   3      10.70        77.03  75.97  93.64  98.35   6.38  98.35   6.38
  8 6 2 4
   3      10.97        78.98  77.95  93.73  98.62   6.24  98.62   6.24
  7 6 2 4
   3      11.23        80.85  79.93  93.88  98.85   6.11  98.85   6.11
  6 6 2 4
   3      11.49        82.72  81.91  94.03  99.05   5.99  99.05   5.99
  5 6 2 4
   3      11.75        84.59  83.88  94.16  99.22   5.86  99.22   5.86
  4 6 2 4
   3      12.01        86.47  85.85  94.29  99.35   5.75  99.35   5.75
  3 6 2 4
   3      12.26        88.26  87.69  94.34  99.48   5.64  99.48   5.64
  2 6 2 4
   3      12.48        89.85  89.34  94.42  99.59   5.54  99.59   5.54
  1 6 2 4
   3      12.69        91.36  90.99  94.58  99.69   5.46  99.69   5.46
  9 5 2 4
   3      10.96        78.91  77.91  93.76  98.59   6.25  98.59   6.25
  8 5 2 4
   3      11.22        80.78  79.89  93.91  98.83   6.12  98.83   6.12
  7 5 2 4
   3      11.48        82.65  81.86  94.05  99.04   5.99  99.04   5.99
  6 5 2 4
   3      11.75        84.59  83.82  94.09  99.21   5.86  99.21   5.86
  5 5 2 4
   3      12.01        86.47  85.78  94.21  99.35   5.75  99.35   5.75
  4 5 2 4
   3      12.25        88.19  87.63  94.36  99.48   5.64  99.48   5.64
  3 5 2 4
   3      12.47        89.78  89.28  94.43  99.59   5.55  99.59   5.55
  2 5 2 4
   3      12.68        91.29  90.92  94.57  99.69   5.46  99.69   5.46
  1 5 2 4
   3      12.90        92.87  92.56  94.64  99.77   5.37  99.77   5.37
  9 4 2 4
   3      11.22        80.78  79.85  93.87  98.80   6.12  98.80   6.12
  8 4 2 4
   3      11.48        82.65  81.81  94.00  99.02   5.99  99.02   5.99
  7 4 2 4
   3      11.74        84.52  83.78  94.12  99.19   5.87  99.19   5.87
  6 4 2 4
   3      12.00        86.39  85.74  94.24  99.34   5.75  99.34   5.75
  5 4 2 4
   3      12.24        88.12  87.58  94.38  99.47   5.64  99.47   5.64
  4 4 2 4
   3      12.46        89.70  89.23  94.45  99.59   5.55  99.59   5.55
  3 4 2 4
   3      12.68        91.29  90.86  94.52  99.69   5.46  99.69   5.46
  2 4 2 4
   3      12.89        92.80  92.50  94.65  99.77   5.38  99.77   5.38
  1 4 2 4
   3      13.11        94.38  94.13  94.71  99.84   5.29  99.84   5.29
  9 3 2 4
   3      11.48        82.65  81.79  93.97  98.98   5.99  98.98   5.99
  8 3 2 4
   3      11.73        84.45  83.75  94.17  99.17   5.87  99.17   5.87
  7 3 2 4
   3      11.99        86.32  85.70  94.28  99.33   5.75  99.33   5.75
  6 3 2 4
   3      12.24        88.12  87.55  94.35  99.46   5.64  99.46   5.64
  5 3 2 4
   3      12.46        89.70  89.18  94.41  99.58   5.55  99.58   5.55
  4 3 2 4
   3      12.67        91.22  90.82  94.55  99.68   5.46  99.68   5.46
  3 3 2 4
   3      12.89        92.80  92.45  94.60  99.77   5.38  99.77   5.38
  2 3 2 4
   3      13.10        94.31  94.08  94.73  99.84   5.29  99.84   5.29
  1 3 2 4
   3      13.32        95.90  95.70  94.77  99.90   5.21  99.90   5.21
  9 2 2 4
   3      11.73        84.45  83.72  94.14  99.14   5.87  99.14   5.87
  8 2 2 4
   3      11.99        86.32  85.68  94.25  99.31   5.75  99.31   5.75
  7 2 2 4
   3      12.24        88.12  87.52  94.31  99.45   5.64  99.45   5.64
  6 2 2 4
   3      12.45        89.63  89.16  94.46  99.57   5.55  99.57   5.55
  5 2 2 4
   3      12.67        91.22  90.78  94.51  99.68   5.46  99.68   5.46
  4 2 2 4
   3      12.88        92.73  92.41  94.64  99.76   5.38  99.76   5.38
  3 2 2 4
   3      13.10        94.31  94.03  94.68  99.84   5.29  99.84   5.29
  2 2 2 4
   3      13.31        95.82  95.65  94.79  99.89   5.21  99.89   5.21
  1 2 2 4
   3      13.52        97.34  97.27  94.90  99.94   5.13  99.94   5.13
  9 1 2 4
   3      11.99        86.32  85.66  94.24  99.28   5.75  99.28   5.75
  8 1 2 4
   3      12.23        88.05  87.51  94.37  99.43   5.65  99.43   5.65
  7 1 2 4
   3      12.45        89.63  89.14  94.43  99.56   5.55  99.56   5.55
  6 1 2 4
   3      12.66        91.14  90.76  94.56  99.67   5.47  99.67   5.47
  5 1 2 4
   3      12.88        92.73  92.38  94.60  99.76   5.38  99.76   5.38
  4 1 2 4
   3      13.09        94.24  94.00  94.72  99.83   5.30  99.83   5.30
  3 1 2 4
   3      13.31        95.82  95.62  94.76  99.89   5.21  99.89   5.21
  2 1 2 4
   3      13.52        97.34  97.23  94.85  99.94   5.13  99.94   5.13
  1 1 2 4
   3      13.73        98.85  98.84  94.95  99.98   5.06  99.98   5.06
  9 9 9 3
   3       8.36        60.22  58.44  92.15  94.57   7.85  94.57   7.85
  8 9 9 3
   3       8.64        62.22  60.51  92.35  95.25   7.65  95.25   7.65
  7 9 9 3
   3       8.92        64.20  62.57  92.54  95.85   7.46  95.85   7.46
  6 9 9 3
   3       9.19        66.18  64.62  92.72  96.37   7.28  96.37   7.28
  5 9 9 3
   3       9.47        68.16  66.68  92.89  96.83   7.10  96.83   7.10
  4 9 9 3
   3       9.74        70.13  68.73  93.07  97.23   6.93  97.23   6.93
  3 9 9 3
   3      10.01        72.07  70.79  93.27  97.58   6.77  97.58   6.77
  2 9 9 3
   3      10.29        74.08  72.84  93.36  97.89   6.61  97.89   6.61
  1 9 9 3
   3      10.56        76.03  74.88  93.53  98.17   6.46  98.17   6.46
  9 8 9 3
   3       8.63        62.15  60.44  92.34  95.22   7.66  95.22   7.66
  8 8 9 3
   3       8.91        64.14  62.50  92.53  95.84   7.47  95.84   7.47
  7 8 9 3
   3       9.18        66.11  64.55  92.71  96.38   7.29  96.38   7.29
  6 8 9 3
   3       9.46        68.08  66.60  92.89  96.85   7.11  96.85   7.11
  5 8 9 3
   3       9.73        70.05  68.64  93.05  97.26   6.94  97.26   6.94
  4 8 9 3
   3      10.00        71.99  70.69  93.24  97.62   6.78  97.62   6.78
  3 8 9 3
   3      10.27        73.94  72.73  93.41  97.93   6.62  97.93   6.62
  2 8 9 3
   3      10.54        75.88  74.77  93.57  98.21   6.47  98.21   6.47
  1 8 9 3
   3      10.81        77.83  76.81  93.72  98.45   6.33  98.45   6.33
  9 7 9 3
   3       8.90        64.08  62.44  92.52  95.80   7.47  95.80   7.47
  8 7 9 3
   3       9.18        66.05  64.48  92.70  96.36   7.29  96.36   7.29
  7 7 9 3
   3       9.45        68.02  66.53  92.88  96.85   7.12  96.85   7.12
  6 7 9 3
   3       9.72        69.98  68.57  93.05  97.27   6.95  97.27   6.95
  5 7 9 3
   3       9.99        71.93  70.61  93.21  97.64   6.79  97.64   6.79
  4 7 9 3
   3      10.26        73.87  72.64  93.39  97.96   6.63  97.96   6.63
  3 7 9 3
   3      10.53        75.81  74.67  93.54  98.24   6.48  98.24   6.48
  2 7 9 3
   3      10.80        77.75  76.70  93.68  98.48   6.33  98.48   6.33
  1 7 9 3
   3      11.07        79.70  78.73  93.81  98.70   6.19  98.70   6.19
  9 6 9 3
   3       9.17        66.00  64.43  92.70  96.30   7.30  96.30   7.30
  8 6 9 3
   3       9.44        67.96  66.47  92.88  96.81   7.12  96.81   7.12
  7 6 9 3
   3       9.71        69.92  68.51  93.04  97.25   6.95  97.25   6.95
  6 6 9 3
   3       9.98        71.86  70.54  93.21  97.63   6.79  97.63   6.79
  5 6 9 3
   3      10.25        73.79  72.57  93.38  97.96   6.64  97.96   6.64
  4 6 9 3
   3      10.52        75.74  74.59  93.53  98.25   6.49  98.25   6.49
  3 6 9 3
   3      10.79        77.68  76.62  93.66  98.50   6.34  98.50   6.34
  2 6 9 3
   3      11.06        79.63  78.64  93.78  98.72   6.20  98.72   6.20
  1 6 9 3
   3      11.33        81.57  80.66  93.90  98.91   6.06  98.91   6.06
  9 5 9 3
   3       9.43        67.92  66.43  92.88  96.75   7.12  96.75   7.12
  8 5 9 3
   3       9.70        69.87  68.46  93.04  97.21   6.96  97.21   6.96
  7 5 9 3
   3       9.98        71.81  70.49  93.20  97.60   6.80  97.60   6.80
  6 5 9 3
   3      10.24        73.72  72.51  93.40  97.94   6.64  97.94   6.64
  5 5 9 3
   3      10.51        75.67  74.53  93.53  98.24   6.49  98.24   6.49
  4 5 9 3
   3      10.78        77.61  76.54  93.65  98.50   6.35  98.50   6.35
  3 5 9 3
   3      11.05        79.55  78.56  93.77  98.72   6.20  98.72   6.20
  2 5 9 3
   3      11.31        81.43  80.57  93.96  98.92   6.07  98.92   6.07
  1 5 9 3
   3      11.58        83.37  82.58  94.06  99.09   5.94  99.09   5.94
  9 4 9 3
   3       9.70        69.83  68.43  93.04  97.13   6.95  97.13   6.95
  8 4 9 3
   3       9.97        71.77  70.45  93.21  97.55   6.80  97.55   6.80
  7 4 9 3
   3      10.24        73.72  72.46  93.34  97.91   6.64  97.91   6.64
  6 4 9 3
   3      10.51        75.67  74.48  93.47  98.22   6.49  98.22   6.49
  5 4 9 3
   3      10.77        77.54  76.49  93.68  98.49   6.35  98.49   6.35
  4 4 9 3
   3      11.04        79.48  78.50  93.79  98.72   6.21  98.72   6.21
  3 4 9 3
   3      11.30        81.35  80.50  93.96  98.92   6.08  98.92   6.08
  2 4 9 3
   3      11.57        83.30  82.50  94.05  99.09   5.95  99.09   5.95
  1 4 9 3
   3      11.83        85.17  84.50  94.22  99.24   5.83  99.24   5.83
  9 3 9 3
   3       9.97        71.74  70.42  93.21  97.48   6.79  97.48   6.79
  8 3 9 3
   3      10.23        73.65  72.43  93.39  97.85   6.64  97.85   6.64
  7 3 9 3
   3      10.50        75.59  74.44  93.51  98.18   6.49  98.18   6.49
  6 3 9 3
   3      10.77        77.54  76.44  93.62  98.46   6.35  98.46   6.35
  5 3 9 3
   3      11.03        79.41  78.45  93.81  98.70   6.21  98.70   6.21
  4 3 9 3
   3      11.30        81.35  80.45  93.90  98.91   6.08  98.91   6.08
  3 3 9 3
   3      11.56        83.23  82.44  94.07  99.09   5.95  99.09   5.95
  2 3 9 3
   3      11.83        85.17  84.44  94.14  99.24   5.83  99.24   5.83
  1 3 9 3
   3      12.09        87.04  86.42  94.28  99.37   5.71  99.37   5.71
  9 2 9 3
   3      10.23        73.65  72.41  93.37  97.78   6.64  97.78   6.64
  8 2 9 3
   3      10.50        75.59  74.42  93.48  98.12   6.49  98.12   6.49
  7 2 9 3
   3      10.76        77.47  76.41  93.67  98.42   6.35  98.42   6.35
  6 2 9 3
   3      11.03        79.41  78.42  93.77  98.67   6.21  98.67   6.21
  5 2 9 3
   3      11.29        81.28  80.40  93.93  98.89   6.08  98.89   6.08
  4 2 9 3
   3      11.56        83.23  82.40  94.01  99.07   5.95  99.07   5.95
  3 2 9 3
   3      11.82        85.10  84.38  94.16  99.23   5.83  99.23   5.83
  2 2 9 3
   3      12.08        86.97  86.36  94.30  99.37   5.71  99.37   5.71
  1 2 9 3
   3      12.34        88.84  88.34  94.42  99.48   5.60  99.48   5.60
  9 1 9 3
   3      10.50        75.59  74.41  93.47  98.05   6.49  98.05   6.49
  8 1 9 3
   3      10.76        77.47  76.40  93.65  98.36   6.35  98.36   6.35
  7 1 9 3
   3      11.02        79.34  78.39  93.83  98.63   6.22  98.63   6.22
  6 1 9 3
   3      11.29        81.28  80.38  93.91  98.85   6.08  98.85   6.08
  5 1 9 3
   3      11.55        83.15  82.36  94.05  99.05   5.96  99.05   5.96
  4 1 9 3
   3      11.81        85.03  84.34  94.20  99.21   5.83  99.21   5.83
  3 1 9 3
   3      12.08        86.97  86.32  94.25  99.35   5.71  99.35   5.71
  2 1 9 3
   3      12.34        88.84  88.29  94.37  99.48   5.60  99.48   5.60
  1 1 9 3
   3      12.56        90.42  89.98  94.49  99.58   5.51  99.58   5.51
  9 9 8 3
   3       8.63        62.10  60.38  92.33  95.20   7.67  95.20   7.67
  8 9 8 3
   3       8.90        64.07  62.43  92.52  95.82   7.48  95.82   7.48
  7 9 8 3
   3       9.18        66.05  64.48  92.70  96.36   7.29  96.36   7.29
  6 9 8 3
   3       9.45        68.02  66.53  92.89  96.83   7.12  96.83   7.12
  5 9 8 3
   3       9.72        69.99  68.58  93.05  97.25   6.95  97.25   6.95
  4 9 8 3
   3       9.99        71.94  70.63  93.22  97.61   6.78  97.61   6.78
  3 9 8 3
   3      10.26        73.87  72.67  93.42  97.92   6.63  97.92   6.63
  2 9 8 3
   3      10.54        75.88  74.71  93.49  98.20   6.47  98.20   6.47
  1 9 8 3
   3      10.81        77.83  76.75  93.64  98.44   6.32  98.44   6.32
  9 8 8 3
   3       8.89        64.01  62.37  92.52  95.80   7.48  95.80   7.48
  8 8 8 3
   3       9.16        65.98  64.41  92.70  96.36   7.30  96.36   7.30
  7 8 8 3
   3       9.44        67.95  66.46  92.88  96.84   7.13  96.84   7.13
  6 8 8 3
   3       9.71        69.91  68.50  93.05  97.26   6.96  97.26   6.96
  5 8 8 3
   3       9.98        71.86  70.54  93.20  97.63   6.79  97.63   6.79
  4 8 8 3
   3      10.25        73.79  72.57  93.39  97.95   6.64  97.95   6.64
  3 8 8 3
   3      10.52        75.74  74.60  93.54  98.24   6.49  98.24   6.49
  2 8 8 3
   3      10.79        77.68  76.63  93.68  98.48   6.34  98.48   6.34
  1 8 8 3
   3      11.06        79.63  78.67  93.82  98.70   6.20  98.70   6.20
  9 7 8 3
   3       9.16        65.93  64.36  92.70  96.32   7.31  96.32   7.31
  8 7 8 3
   3       9.43        67.89  66.39  92.87  96.82   7.13  96.82   7.13
  7 7 8 3
   3       9.70        69.84  68.43  93.04  97.26   6.96  97.26   6.96
  6 7 8 3
   3       9.97        71.79  70.46  93.20  97.64   6.80  97.64   6.80
  5 7 8 3
   3      10.24        73.72  72.49  93.37  97.97   6.64  97.97   6.64
  4 7 8 3
   3      10.51        75.67  74.52  93.52  98.25   6.49  98.25   6.49
  3 7 8 3
   3      10.78        77.61  76.54  93.65  98.50   6.35  98.50   6.35
  2 7 8 3
   3      11.05        79.55  78.56  93.77  98.72   6.20  98.72   6.20
  1 7 8 3
   3      11.32        81.50  80.58  93.89  98.91   6.07  98.91   6.07
  9 6 8 3
   3       9.42        67.84  66.34  92.87  96.77   7.13  96.77   7.13
  8 6 8 3
   3       9.69        69.79  68.37  93.03  97.23   6.97  97.23   6.97
  7 6 8 3
   3       9.96        71.74  70.40  93.19  97.62   6.80  97.62   6.80
  6 6 8 3
   3      10.23        73.65  72.42  93.38  97.96   6.65  97.96   6.65
  5 6 8 3
   3      10.50        75.59  74.44  93.51  98.26   6.50  98.26   6.50
  4 6 8 3
   3      10.77        77.54  76.46  93.64  98.51   6.35  98.51   6.35
  3 6 8 3
   3      11.04        79.48  78.48  93.76  98.73   6.21  98.73   6.21
  2 6 8 3
   3      11.30        81.35  80.49  93.95  98.93   6.08  98.93   6.08
  1 6 8 3
   3      11.57        83.30  82.49  94.04  99.10   5.95  99.10   5.95
  9 5 8 3
   3       9.69        69.75  68.33  93.03  97.17   6.97  97.17   6.97
  8 5 8 3
   3       9.96        71.68  70.35  93.20  97.58   6.81  97.58   6.81
  7 5 8 3
   3      10.23        73.65  72.37  93.31  97.94   6.65  97.94   6.65
  6 5 8 3
   3      10.49        75.52  74.38  93.53  98.24   6.50  98.24   6.50
  5 5 8 3
   3      10.76        77.47  76.39  93.64  98.51   6.36  98.51   6.36
  4 5 8 3
   3      11.03        79.41  78.40  93.75  98.74   6.22  98.74   6.22
  3 5 8 3
   3      11.29        81.28  80.40  93.93  98.93   6.09  98.93   6.09
  2 5 8 3
   3      11.56        83.23  82.41  94.03  99.10   5.95  99.10   5.95
  1 5 8 3
   3      11.82        85.10  84.40  94.19  99.25   5.83  99.25   5.83
  9 4 8 3
   3       9.95        71.65  70.32  93.20  97.52   6.81  97.52   6.81
  8 4 8 3
   3      10.22        73.58  72.33  93.35  97.89   6.65  97.89   6.65
  7 4 8 3
   3      10.49        75.52  74.34  93.47  98.21   6.50  98.21   6.50
  6 4 8 3
   3      10.75        77.39  76.35  93.67  98.49   6.36  98.49   6.36
  5 4 8 3
   3      11.02        79.34  78.35  93.77  98.72   6.22  98.72   6.22
  4 4 8 3
   3      11.28        81.21  80.34  93.95  98.93   6.09  98.93   6.09
  3 4 8 3
   3      11.55        83.15  82.34  94.03  99.10   5.96  99.10   5.96
  2 4 8 3
   3      11.81        85.03  84.33  94.18  99.25   5.84  99.25   5.84
  1 4 8 3
   3      12.08        86.97  86.32  94.25  99.38   5.71  99.38   5.71
  9 3 8 3
   3      10.22        73.58  72.30  93.31  97.83   6.65  97.83   6.65
  8 3 8 3
   3      10.48        75.45  74.31  93.52  98.17   6.51  98.17   6.51
  7 3 8 3
   3      10.75        77.39  76.31  93.63  98.45   6.36  98.45   6.36
  6 3 8 3
   3      11.01        79.27  78.30  93.81  98.70   6.23  98.70   6.23
  5 3 8 3
   3      11.28        81.21  80.30  93.89  98.91   6.09  98.91   6.09
  4 3 8 3
   3      11.54        83.08  82.28  94.05  99.09   5.96  99.09   5.96
  3 3 8 3
   3      11.80        84.95  84.27  94.19  99.25   5.84  99.25   5.84
  2 3 8 3
   3      12.07        86.90  86.25  94.25  99.38   5.72  99.38   5.72
  1 3 8 3
   3      12.33        88.77  88.23  94.39  99.49   5.60  99.49   5.60
  9 2 8 3
   3      10.48        75.45  74.29  93.50  98.10   6.50  98.10   6.50
  8 2 8 3
   3      10.74        77.32  76.29  93.69  98.40   6.36  98.40   6.36
  7 2 8 3
   3      11.01        79.27  78.27  93.77  98.67   6.22  98.67   6.22
  6 2 8 3
   3      11.27        81.14  80.26  93.93  98.89   6.09  98.89   6.09
  5 2 8 3
   3      11.54        83.08  82.24  94.00  99.08   5.96  99.08   5.96
  4 2 8 3
   3      11.80        84.95  84.22  94.14  99.24   5.84  99.24   5.84
  3 2 8 3
   3      12.06        86.83  86.19  94.27  99.37   5.72  99.37   5.72
  2 2 8 3
   3      12.32        88.70  88.17  94.40  99.49   5.61  99.49   5.61
  1 2 8 3
   3      12.55        90.35  89.89  94.47  99.60   5.51  99.60   5.51
  9 1 8 3
   3      10.74        77.32  76.27  93.67  98.34   6.36  98.34   6.36
  8 1 8 3
   3      11.01        79.27  78.26  93.75  98.62   6.22  98.62   6.22
  7 1 8 3
   3      11.27        81.14  80.24  93.90  98.85   6.09  98.85   6.09
  6 1 8 3
   3      11.53        83.01  82.21  94.05  99.05   5.97  99.05   5.97
  5 1 8 3
   3      11.79        84.88  84.19  94.19  99.22   5.84  99.22   5.84
  4 1 8 3
   3      12.05        86.75  86.16  94.31  99.36   5.73  99.36   5.73
  3 1 8 3
   3      12.31        88.62  88.13  94.43  99.48   5.61  99.48   5.61
  2 1 8 3
   3      12.54        90.28  89.84  94.50  99.59   5.52  99.59   5.52
  1 1 8 3
   3      12.75        91.79  91.43  94.58  99.68   5.43  99.68   5.43
  9 9 7 3
   3       8.88        63.96  62.31  92.51  95.75   7.49  95.75   7.49
  8 9 7 3
   3       9.16        65.93  64.36  92.69  96.32   7.30  96.32   7.30
  7 9 7 3
   3       9.43        67.90  66.40  92.87  96.81   7.13  96.81   7.13
  6 9 7 3
   3       9.70        69.86  68.44  93.04  97.24   6.96  97.24   6.96
  5 9 7 3
   3       9.97        71.81  70.48  93.21  97.61   6.80  97.61   6.80
  4 9 7 3
   3      10.25        73.79  72.52  93.32  97.93   6.64  97.93   6.64
  3 9 7 3
   3      10.52        75.74  74.55  93.47  98.22   6.48  98.22   6.48
  2 9 7 3
   3      10.78        77.61  76.58  93.70  98.47   6.34  98.47   6.34
  1 9 7 3
   3      11.05        79.55  78.61  93.83  98.68   6.20  98.68   6.20
  9 8 7 3
   3       9.15        65.87  64.29  92.69  96.30   7.31  96.30   7.31
  8 8 7 3
   3       9.42        67.83  66.33  92.87  96.80   7.14  96.80   7.14
  7 8 7 3
   3       9.69        69.78  68.37  93.03  97.24   6.97  97.24   6.97
  6 8 7 3
   3       9.96        71.74  70.40  93.19  97.62   6.80  97.62   6.80
  5 8 7 3
   3      10.23        73.65  72.43  93.38  97.96   6.65  97.96   6.65
  4 8 7 3
   3      10.50        75.59  74.45  93.53  98.24   6.50  98.24   6.50
  3 8 7 3
   3      10.77        77.54  76.47  93.66  98.50   6.35  98.50   6.35
  2 8 7 3
   3      11.04        79.48  78.50  93.79  98.71   6.21  98.71   6.21
  1 8 7 3
   3      11.31        81.43  80.52  93.90  98.91   6.07  98.91   6.07
  9 7 7 3
   3       9.41        67.78  66.27  92.86  96.77   7.14  96.77   7.14
  8 7 7 3
   3       9.69        69.73  68.30  93.02  97.23   6.97  97.23   6.97
  7 7 7 3
   3       9.95        71.67  70.33  93.18  97.62   6.81  97.62   6.81
  6 7 7 3
   3      10.22        73.58  72.35  93.38  97.96   6.66  97.96   6.66
  5 7 7 3
   3      10.49        75.52  74.37  93.51  98.25   6.51  98.25   6.51
  4 7 7 3
   3      10.76        77.47  76.39  93.64  98.51   6.36  98.51   6.36
  3 7 7 3
   3      11.03        79.41  78.40  93.75  98.73   6.22  98.73   6.22
  2 7 7 3
   3      11.29        81.28  80.42  93.95  98.93   6.09  98.93   6.09
  1 7 7 3
   3      11.56        83.23  82.43  94.05  99.09   5.95  99.09   5.95
  9 6 7 3
   3       9.68        69.68  68.25  93.02  97.18   6.97  97.18   6.97
  8 6 7 3
   3       9.95        71.61  70.28  93.19  97.59   6.81  97.59   6.81
  7 6 7 3
   3      10.22        73.58  72.29  93.30  97.95   6.66  97.95   6.66
  6 6 7 3
   3      10.48        75.45  74.31  93.52  98.25   6.51  98.25   6.51
  5 6 7 3
   3      10.75        77.39  76.32  93.64  98.51   6.36  98.51   6.36
  4 6 7 3
   3      11.02        79.34  78.32  93.75  98.74   6.22  98.74   6.22
  3 6 7 3
   3      11.28        81.21  80.33  93.93  98.94   6.09  98.94   6.09
  2 6 7 3
   3      11.55        83.15  82.33  94.02  99.11   5.96  99.11   5.96
  1 6 7 3
   3      11.81        85.03  84.33  94.18  99.25   5.84  99.25   5.84
  9 5 7 3
   3       9.94        71.57  70.23  93.19  97.54   6.81  97.54   6.81
  8 5 7 3
   3      10.21        73.51  72.24  93.33  97.91   6.66  97.91   6.66
  7 5 7 3
   3      10.48        75.45  74.25  93.45  98.23   6.51  98.23   6.51
  6 5 7 3
   3      10.74        77.32  76.25  93.65  98.50   6.37  98.50   6.37
  5 5 7 3
   3      11.01        79.27  78.26  93.75  98.74   6.23  98.74   6.23
  4 5 7 3
   3      11.27        81.14  80.26  93.93  98.94   6.10  98.94   6.10
  3 5 7 3
   3      11.54        83.08  82.25  94.01  99.11   5.96  99.11   5.96
  2 5 7 3
   3      11.80        84.95  84.25  94.17  99.26   5.84  99.26   5.84
  1 5 7 3
   3      12.06        86.83  86.23  94.31  99.39   5.72  99.39   5.72
  9 4 7 3
   3      10.20        73.43  72.21  93.38  97.86   6.66  97.86   6.66
  8 4 7 3
   3      10.47        75.38  74.21  93.49  98.19   6.51  98.19   6.51
  7 4 7 3
   3      10.74        77.32  76.21  93.59  98.48   6.37  98.48   6.37
  6 4 7 3
   3      11.00        79.19  78.21  93.78  98.72   6.23  98.72   6.23
  5 4 7 3
   3      11.27        81.14  80.20  93.86  98.93   6.10  98.93   6.10
  4 4 7 3
   3      11.53        83.01  82.19  94.02  99.11   5.97  99.11   5.97
  3 4 7 3
   3      11.79        84.88  84.18  94.17  99.26   5.85  99.26   5.85
  2 4 7 3
   3      12.05        86.75  86.16  94.31  99.39   5.73  99.39   5.73
  1 4 7 3
   3      12.32        88.70  88.13  94.36  99.50   5.61  99.50   5.61
  9 3 7 3
   3      10.47        75.38  74.19  93.46  98.14   6.51  98.14   6.51
  8 3 7 3
   3      10.73        77.25  76.18  93.64  98.43   6.37  98.43   6.37
  7 3 7 3
   3      11.00        79.19  78.17  93.74  98.69   6.23  98.69   6.23
  6 3 7 3
   3      11.26        81.07  80.16  93.90  98.91   6.10  98.91   6.10
  5 3 7 3
   3      11.52        82.94  82.14  94.05  99.09   5.97  99.09   5.97
  4 3 7 3
   3      11.78        84.81  84.12  94.19  99.25   5.85  99.25   5.85
  3 3 7 3
   3      12.05        86.75  86.10  94.24  99.39   5.73  99.39   5.73
  2 3 7 3
   3      12.31        88.62  88.07  94.36  99.50   5.61  99.50   5.61
  1 3 7 3
   3      12.54        90.28  89.80  94.46  99.60   5.52  99.60   5.52
  9 2 7 3
   3      10.73        77.25  76.16  93.63  98.38   6.37  98.38   6.37
  8 2 7 3
   3      10.99        79.12  78.15  93.79  98.65   6.23  98.65   6.23
  7 2 7 3
   3      11.26        81.07  80.13  93.86  98.88   6.10  98.88   6.10
  6 2 7 3
   3      11.52        82.94  82.11  94.01  99.07   5.97  99.07   5.97
  5 2 7 3
   3      11.78        84.81  84.08  94.14  99.24   5.85  99.24   5.85
  4 2 7 3
   3      12.04        86.68  86.05  94.27  99.38   5.73  99.38   5.73
  3 2 7 3
   3      12.30        88.55  88.01  94.38  99.49   5.62  99.49   5.62
  2 2 7 3
   3      12.53        90.21  89.75  94.48  99.60   5.52  99.60   5.52
  1 2 7 3
   3      12.74        91.72  91.34  94.57  99.69   5.43  99.69   5.43
  9 1 7 3
   3      10.99        79.12  78.13  93.78  98.59   6.23  98.59   6.23
  8 1 7 3
   3      11.25        80.99  80.11  93.93  98.84   6.10  98.84   6.10
  7 1 7 3
   3      11.51        82.87  82.08  94.07  99.04   5.98  99.04   5.98
  6 1 7 3
   3      11.78        84.81  84.06  94.12  99.22   5.85  99.22   5.85
  5 1 7 3
   3      12.04        86.68  86.02  94.24  99.36   5.73  99.36   5.73
  4 1 7 3
   3      12.30        88.55  87.98  94.34  99.48   5.62  99.48   5.62
  3 1 7 3
   3      12.53        90.21  89.72  94.45  99.59   5.52  99.59   5.52
  2 1 7 3
   3      12.73        91.65  91.30  94.60  99.69   5.44  99.69   5.44
  1 1 7 3
   3      12.94        93.16  92.87  94.67  99.77   5.35  99.77   5.35
  9 9 6 3
   3       9.14        65.82  64.25  92.69  96.24   7.31  96.24   7.31
  8 9 6 3
   3       9.41        67.78  66.29  92.86  96.75   7.14  96.75   7.14
  7 9 6 3
   3       9.69        69.74  68.32  93.03  97.20   6.97  97.20   6.97
  6 9 6 3
   3       9.96        71.68  70.35  93.20  97.59   6.81  97.59   6.81
  5 9 6 3
   3      10.23        73.65  72.38  93.32  97.92   6.65  97.92   6.65
  4 9 6 3
   3      10.50        75.59  74.41  93.47  98.22   6.50  98.22   6.50
  3 9 6 3
   3      10.77        77.54  76.43  93.60  98.47   6.35  98.47   6.35
  2 9 6 3
   3      11.03        79.41  78.45  93.82  98.70   6.21  98.70   6.21
  1 9 6 3
   3      11.30        81.35  80.47  93.93  98.89   6.08  98.89   6.08
  9 8 6 3
   3       9.41        67.72  66.22  92.86  96.73   7.14  96.73   7.14
  8 8 6 3
   3       9.68        69.67  68.25  93.03  97.20   6.98  97.20   6.98
  7 8 6 3
   3       9.95        71.61  70.28  93.19  97.59   6.81  97.59   6.81
  6 8 6 3
   3      10.22        73.58  72.30  93.31  97.94   6.66  97.94   6.66
  5 8 6 3
   3      10.48        75.45  74.32  93.54  98.24   6.51  98.24   6.51
  4 8 6 3
   3      10.75        77.39  76.34  93.67  98.50   6.36  98.50   6.36
  3 8 6 3
   3      11.02        79.34  78.35  93.77  98.72   6.22  98.72   6.22
  2 8 6 3
   3      11.29        81.28  80.36  93.89  98.92   6.08  98.92   6.08
  1 8 6 3
   3      11.55        83.15  82.37  94.07  99.09   5.96  99.09   5.96
  9 7 6 3
   3       9.67        69.61  68.19  93.03  97.16   6.98  97.16   6.98
  8 7 6 3
   3       9.94        71.56  70.21  93.18  97.58   6.82  97.58   6.82
  7 7 6 3
   3      10.21        73.51  72.23  93.31  97.93   6.66  97.93   6.66
  6 7 6 3
   3      10.48        75.45  74.24  93.44  98.24   6.51  98.24   6.51
  5 7 6 3
   3      10.74        77.32  76.25  93.65  98.50   6.37  98.50   6.37
  4 7 6 3
   3      11.01        79.27  78.26  93.76  98.73   6.23  98.73   6.23
  3 7 6 3
   3      11.27        81.14  80.27  93.94  98.93   6.10  98.93   6.10
  2 7 6 3
   3      11.54        83.08  82.27  94.03  99.10   5.96  99.10   5.96
  1 7 6 3
   3      11.80        84.95  84.27  94.19  99.25   5.84  99.25   5.84
  9 6 6 3
   3       9.93        71.50  70.16  93.18  97.54   6.82  97.54   6.82
  8 6 6 3
   3      10.20        73.43  72.18  93.33  97.91   6.67  97.91   6.67
  7 6 6 3
   3      10.47        75.38  74.18  93.46  98.23   6.52  98.23   6.52
  6 6 6 3
   3      10.73        77.25  76.19  93.65  98.50   6.38  98.50   6.38
  5 6 6 3
   3      11.00        79.19  78.19  93.75  98.73   6.23  98.73   6.23
  4 6 6 3
   3      11.26        81.07  80.19  93.93  98.94   6.10  98.94   6.10
  3 6 6 3
   3      11.53        83.01  82.18  94.02  99.11   5.97  99.11   5.97
  2 6 6 3
   3      11.79        84.88  84.18  94.17  99.26   5.85  99.26   5.85
  1 6 6 3
   3      12.06        86.83  86.16  94.24  99.39   5.72  99.39   5.72
  9 5 6 3
   3      10.19        73.36  72.13  93.37  97.87   6.67  97.87   6.67
  8 5 6 3
   3      10.46        75.31  74.14  93.49  98.20   6.52  98.20   6.52
  7 5 6 3
   3      10.73        77.25  76.13  93.59  98.48   6.37  98.48   6.37
  6 5 6 3
   3      10.99        79.12  78.13  93.78  98.72   6.24  98.72   6.24
  5 5 6 3
   3      11.26        81.07  80.12  93.85  98.93   6.10  98.93   6.10
  4 5 6 3
   3      11.52        82.94  82.12  94.02  99.11   5.97  99.11   5.97
  3 5 6 3
   3      11.78        84.81  84.09  94.16  99.26   5.85  99.26   5.85
  2 5 6 3
   3      12.04        86.68  86.08  94.30  99.39   5.73  99.39   5.73
  1 5 6 3
   3      12.31        88.62  88.06  94.35  99.50   5.61  99.50   5.61
  9 4 6 3
   3      10.46        75.31  74.10  93.44  98.15   6.52  98.15   6.52
  8 4 6 3
   3      10.72        77.18  76.10  93.63  98.45   6.38  98.45   6.38
  7 4 6 3
   3      10.99        79.12  78.09  93.72  98.70   6.24  98.70   6.24
  6 4 6 3
   3      11.25        80.99  80.08  93.88  98.92   6.11  98.92   6.11
  5 4 6 3
   3      11.51        82.87  82.05  94.03  99.10   5.98  99.10   5.98
  4 4 6 3
   3      11.77        84.74  84.03  94.17  99.26   5.86  99.26   5.86
  3 4 6 3
   3      12.04        86.68  86.01  94.23  99.39   5.73  99.39   5.73
  2 4 6 3
   3      12.30        88.55  87.98  94.35  99.51   5.62  99.51   5.62
  1 4 6 3
   3      12.53        90.21  89.73  94.46  99.61   5.52  99.61   5.52
  9 3 6 3
   3      10.72        77.18  76.07  93.59  98.40   6.37  98.40   6.37
  8 3 6 3
   3      10.98        79.05  78.05  93.76  98.67   6.24  98.67   6.24
  7 3 6 3
   3      11.24        80.92  80.04  93.92  98.89   6.11  98.89   6.11
  6 3 6 3
   3      11.51        82.87  82.02  93.99  99.08   5.98  99.08   5.98
  5 3 6 3
   3      11.77        84.74  83.99  94.12  99.25   5.86  99.25   5.86
  4 3 6 3
   3      12.03        86.61  85.96  94.25  99.39   5.74  99.39   5.74
  3 3 6 3
   3      12.29        88.48  87.92  94.36  99.50   5.62  99.50   5.62
  2 3 6 3
   3      12.52        90.14  89.68  94.48  99.61   5.53  99.61   5.53
  1 3 6 3
   3      12.73        91.65  91.27  94.56  99.70   5.44  99.70   5.44
  9 2 6 3
   3      10.98        79.05  78.04  93.74  98.62   6.24  98.62   6.24
  8 2 6 3
   3      11.24        80.92  80.02  93.90  98.86   6.11  98.86   6.11
  7 2 6 3
   3      11.50        82.79  81.99  94.03  99.06   5.98  99.06   5.98
  6 2 6 3
   3      11.76        84.67  83.95  94.16  99.23   5.86  99.23   5.86
  5 2 6 3
   3      12.02        86.54  85.91  94.28  99.37   5.74  99.37   5.74
  4 2 6 3
   3      12.28        88.41  87.88  94.39  99.49   5.63  99.49   5.63
  3 2 6 3
   3      12.51        90.06  89.64  94.51  99.60   5.53  99.60   5.53
  2 2 6 3
   3      12.72        91.58  91.21  94.58  99.69   5.44  99.69   5.44
  1 2 6 3
   3      12.93        93.09  92.79  94.66  99.77   5.36  99.77   5.36
  9 1 6 3
   3      11.24        80.92  80.00  93.88  98.81   6.11  98.81   6.11
  8 1 6 3
   3      11.50        82.79  81.96  94.01  99.03   5.98  99.03   5.98
  7 1 6 3
   3      11.76        84.67  83.93  94.14  99.20   5.86  99.20   5.86
  6 1 6 3
   3      12.02        86.54  85.89  94.25  99.35   5.74  99.35   5.74
  5 1 6 3
   3      12.28        88.41  87.85  94.36  99.48   5.63  99.48   5.63
  4 1 6 3
   3      12.51        90.06  89.61  94.48  99.59   5.53  99.59   5.53
  3 1 6 3
   3      12.72        91.58  91.18  94.55  99.69   5.44  99.69   5.44
  2 1 6 3
   3      12.93        93.09  92.75  94.62  99.77   5.36  99.77   5.36
  1 1 6 3
   3      13.13        94.53  94.32  94.75  99.84   5.28  99.84   5.28
  9 9 5 3
   3       9.40        67.68  66.18  92.86  96.67   7.14  96.67   7.14
  8 9 5 3
   3       9.67        69.63  68.21  93.02  97.14   6.97  97.14   6.97
  7 9 5 3
   3       9.94        71.58  70.24  93.19  97.54   6.81  97.54   6.81
  6 9 5 3
   3      10.21        73.51  72.26  93.35  97.89   6.66  97.89   6.66
  5 9 5 3
   3      10.48        75.45  74.28  93.49  98.20   6.51  98.20   6.51
  4 9 5 3
   3      10.75        77.39  76.30  93.62  98.46   6.36  98.46   6.36
  3 9 5 3
   3      11.01        79.27  78.31  93.81  98.69   6.23  98.69   6.23
  2 9 5 3
   3      11.28        81.21  80.33  93.93  98.89   6.09  98.89   6.09
  1 9 5 3
   3      11.55        83.15  82.34  94.03  99.07   5.96  99.07   5.96
  9 8 5 3
   3       9.66        69.57  68.15  93.02  97.12   6.98  97.12   6.98
  8 8 5 3
   3       9.93        71.51  70.17  93.18  97.54   6.82  97.54   6.82
  7 8 5 3
   3      10.20        73.43  72.19  93.35  97.90   6.67  97.90   6.67
  6 8 5 3
   3      10.47        75.38  74.20  93.48  98.21   6.51  98.21   6.51
  5 8 5 3
   3      10.74        77.32  76.21  93.59  98.48   6.37  98.48   6.37
  4 8 5 3
   3      11.00        79.19  78.22  93.79  98.71   6.23  98.71   6.23
  3 8 5 3
   3      11.27        81.14  80.22  93.89  98.91   6.10  98.91   6.10
  2 8 5 3
   3      11.53        83.01  82.22  94.06  99.09   5.97  99.09   5.97
  1 8 5 3
   3      11.80        84.95  84.22  94.14  99.24   5.84  99.24   5.84
  9 7 5 3
   3       9.93        71.45  70.11  93.18  97.51   6.82  97.51   6.82
  8 7 5 3
   3      10.19        73.36  72.12  93.36  97.88   6.67  97.88   6.67
  7 7 5 3
   3      10.46        75.31  74.13  93.48  98.21   6.52  98.21   6.52
  6 7 5 3
   3      10.73        77.25  76.13  93.59  98.48   6.37  98.48   6.37
  5 7 5 3
   3      10.99        79.12  78.13  93.78  98.72   6.24  98.72   6.24
  4 7 5 3
   3      11.26        81.07  80.14  93.87  98.92   6.10  98.92   6.10
  3 7 5 3
   3      11.52        82.94  82.13  94.04  99.10   5.97  99.10   5.97
  2 7 5 3
   3      11.79        84.88  84.12  94.11  99.25   5.85  99.25   5.85
  1 7 5 3
   3      12.05        86.75  86.11  94.26  99.38   5.73  99.38   5.73
  9 6 5 3
   3      10.19        73.36  72.07  93.29  97.85   6.67  97.85   6.67
  8 6 5 3
   3      10.45        75.23  74.08  93.50  98.18   6.53  98.18   6.53
  7 6 5 3
   3      10.72        77.18  76.08  93.61  98.47   6.38  98.47   6.38
  6 6 5 3
   3      10.98        79.05  78.07  93.79  98.71   6.24  98.71   6.24
  5 6 5 3
   3      11.25        80.99  80.06  93.87  98.92   6.11  98.92   6.11
  4 6 5 3
   3      11.51        82.87  82.05  94.03  99.10   5.98  99.10   5.98
  3 6 5 3
   3      11.77        84.74  84.04  94.18  99.26   5.86  99.26   5.86
  2 6 5 3
   3      12.04        86.68  86.02  94.24  99.39   5.73  99.39   5.73
  1 6 5 3
   3      12.30        88.55  88.00  94.37  99.50   5.62  99.50   5.62
  9 5 5 3
   3      10.45        75.23  74.03  93.45  98.15   6.52  98.15   6.52
  8 5 5 3
   3      10.71        77.11  76.03  93.63  98.44   6.38  98.44   6.38
  7 5 5 3
   3      10.98        79.05  78.02  93.72  98.70   6.24  98.70   6.24
  6 5 5 3
   3      11.24        80.92  80.01  93.89  98.92   6.11  98.92   6.11
  5 5 5 3
   3      11.50        82.79  81.99  94.03  99.10   5.98  99.10   5.98
  4 5 5 3
   3      11.76        84.67  83.97  94.18  99.26   5.86  99.26   5.86
  3 5 5 3
   3      12.03        86.61  85.94  94.23  99.39   5.74  99.39   5.74
  2 5 5 3
   3      12.29        88.48  87.92  94.35  99.51   5.62  99.51   5.62
  1 5 5 3
   3      12.52        90.14  89.68  94.48  99.61   5.53  99.61   5.53
  9 4 5 3
   3      10.71        77.11  76.00  93.59  98.40   6.38  98.40   6.38
  8 4 5 3
   3      10.97        78.98  77.98  93.76  98.67   6.25  98.67   6.25
  7 4 5 3
   3      11.23        80.85  79.96  93.92  98.90   6.12  98.90   6.12
  6 4 5 3
   3      11.50        82.79  81.94  93.98  99.09   5.98  99.09   5.98
  5 4 5 3
   3      11.76        84.67  83.91  94.12  99.25   5.86  99.25   5.86
  4 4 5 3
   3      12.02        86.54  85.88  94.24  99.39   5.74  99.39   5.74
  3 4 5 3
   3      12.28        88.41  87.85  94.36  99.50   5.63  99.50   5.63
  2 4 5 3
   3      12.51        90.06  89.61  94.48  99.61   5.53  99.61   5.53
  1 4 5 3
   3      12.72        91.58  91.21  94.58  99.70   5.44  99.70   5.44
  9 3 5 3
   3      10.97        78.98  77.95  93.73  98.63   6.24  98.63   6.24
  8 3 5 3
   3      11.23        80.85  79.93  93.88  98.87   6.11  98.87   6.11
  7 3 5 3
   3      11.49        82.72  81.90  94.02  99.07   5.99  99.07   5.99
  6 3 5 3
   3      11.75        84.59  83.87  94.14  99.24   5.87  99.24   5.87
  5 3 5 3
   3      12.01        86.47  85.83  94.26  99.38   5.75  99.38   5.75
  4 3 5 3
   3      12.27        88.34  87.79  94.38  99.50   5.63  99.50   5.63
  3 3 5 3
   3      12.51        90.06  89.57  94.44  99.60   5.53  99.60   5.53
  2 3 5 3
   3      12.71        91.50  91.14  94.59  99.69   5.45  99.69   5.45
  1 3 5 3
   3      12.92        93.02  92.72  94.66  99.77   5.36  99.77   5.36
  9 2 5 3
   3      11.23        80.85  79.91  93.86  98.83   6.11  98.83   6.11
  8 2 5 3
   3      11.49        82.72  81.87  93.99  99.04   5.99  99.04   5.99
  7 2 5 3
   3      11.75        84.59  83.84  94.11  99.22   5.86  99.22   5.86
  6 2 5 3
   3      12.01        86.47  85.80  94.23  99.36   5.75  99.36   5.75
  5 2 5 3
   3      12.27        88.34  87.76  94.34  99.49   5.63  99.49   5.63
  4 2 5 3
   3      12.50        89.99  89.53  94.47  99.60   5.53  99.60   5.53
  3 2 5 3
   3      12.71        91.50  91.11  94.55  99.69   5.45  99.69   5.45
  2 2 5 3
   3      12.92        93.02  92.68  94.61  99.77   5.36  99.77   5.36
  1 2 5 3
   3      13.12        94.46  94.25  94.75  99.84   5.28  99.84   5.28
  9 1 5 3
   3      11.49        82.72  81.87  93.98  99.00   5.98  99.00   5.98
  8 1 5 3
   3      11.75        84.59  83.82  94.09  99.19   5.86  99.19   5.86
  7 1 5 3
   3      12.00        86.39  85.78  94.28  99.34   5.75  99.34   5.75
  6 1 5 3
   3      12.26        88.26  87.73  94.38  99.47   5.63  99.47   5.63
  5 1 5 3
   3      12.50        89.99  89.51  94.45  99.59   5.53  99.59   5.53
  4 1 5 3
   3      12.71        91.50  91.08  94.52  99.68   5.45  99.68   5.45
  3 1 5 3
   3      12.91        92.94  92.64  94.65  99.77   5.37  99.77   5.37
  2 1 5 3
   3      13.12        94.46  94.21  94.71  99.83   5.28  99.83   5.28
  1 1 5 3
   3      13.33        95.97  95.77  94.76  99.89   5.20  99.89   5.20
  9 9 4 3
   3       9.66        69.54  68.12  93.02  97.04   6.98  97.04   6.98
  8 9 4 3
   3       9.93        71.48  70.14  93.18  97.47   6.82  97.47   6.82
  7 9 4 3
   3      10.20        73.43  72.16  93.31  97.84   6.66  97.84   6.66
  6 9 4 3
   3      10.46        75.31  74.17  93.53  98.16   6.52  98.16   6.52
  5 9 4 3
   3      10.73        77.25  76.18  93.64  98.44   6.37  98.44   6.37
  4 9 4 3
   3      11.00        79.19  78.19  93.75  98.68   6.23  98.68   6.23
  3 9 4 3
   3      11.26        81.07  80.20  93.94  98.88   6.10  98.88   6.10
  2 9 4 3
   3      11.53        83.01  82.20  94.03  99.06   5.97  99.06   5.97
  1 9 4 3
   3      11.79        84.88  84.19  94.19  99.22   5.84  99.22   5.84
  9 8 4 3
   3       9.92        71.42  70.08  93.18  97.46   6.82  97.46   6.82
  8 8 4 3
   3      10.19        73.36  72.09  93.31  97.84   6.67  97.84   6.67
  7 8 4 3
   3      10.46        75.31  74.10  93.43  98.17   6.52  98.17   6.52
  6 8 4 3
   3      10.72        77.18  76.10  93.64  98.45   6.38  98.45   6.38
  5 8 4 3
   3      10.99        79.12  78.10  93.74  98.69   6.24  98.69   6.24
  4 8 4 3
   3      11.25        80.99  80.10  93.91  98.90   6.11  98.90   6.11
  3 8 4 3
   3      11.52        82.94  82.09  93.99  99.08   5.97  99.08   5.97
  2 8 4 3
   3      11.78        84.81  84.09  94.15  99.24   5.85  99.24   5.85
  1 8 4 3
   3      12.04        86.68  86.08  94.30  99.37   5.73  99.37   5.73
  9 7 4 3
   3      10.18        73.29  72.03  93.33  97.81   6.67  97.81   6.67
  8 7 4 3
   3      10.45        75.23  74.03  93.45  98.15   6.52  98.15   6.52
  7 7 4 3
   3      10.71        77.11  76.03  93.64  98.44   6.38  98.44   6.38
  6 7 4 3
   3      10.98        79.05  78.03  93.73  98.69   6.24  98.69   6.24
  5 7 4 3
   3      11.24        80.92  80.02  93.91  98.91   6.11  98.91   6.11
  4 7 4 3
   3      11.51        82.87  82.01  93.98  99.09   5.98  99.09   5.98
  3 7 4 3
   3      11.77        84.74  84.00  94.13  99.25   5.86  99.25   5.86
  2 7 4 3
   3      12.03        86.61  85.97  94.26  99.38   5.74  99.38   5.74
  1 7 4 3
   3      12.29        88.48  87.96  94.40  99.49   5.62  99.49   5.62
  9 6 4 3
   3      10.44        75.16  73.98  93.47  98.12   6.53  98.12   6.53
  8 6 4 3
   3      10.71        77.11  75.98  93.58  98.42   6.38  98.42   6.38
  7 6 4 3
   3      10.97        78.98  77.97  93.75  98.68   6.25  98.68   6.25
  6 6 4 3
   3      11.23        80.85  79.95  93.91  98.90   6.12  98.90   6.12
  5 6 4 3
   3      11.50        82.79  81.94  93.98  99.09   5.98  99.09   5.98
  4 6 4 3
   3      11.76        84.67  83.92  94.12  99.25   5.86  99.25   5.86
  3 6 4 3
   3      12.02        86.54  85.89  94.25  99.38   5.74  99.38   5.74
  2 6 4 3
   3      12.28        88.41  87.87  94.38  99.50   5.63  99.50   5.63
  1 6 4 3
   3      12.51        90.06  89.64  94.51  99.60   5.53  99.60   5.53
  9 5 4 3
   3      10.70        77.03  75.94  93.61  98.39   6.39  98.39   6.39
  8 5 4 3
   3      10.96        78.91  77.92  93.78  98.66   6.25  98.66   6.25
  7 5 4 3
   3      11.23        80.85  79.90  93.85  98.89   6.12  98.89   6.12
  6 5 4 3
   3      11.49        82.72  81.88  93.99  99.08   5.99  99.08   5.99
  5 5 4 3
   3      11.75        84.59  83.85  94.13  99.24   5.87  99.24   5.87
  4 5 4 3
   3      12.01        86.47  85.82  94.25  99.38   5.75  99.38   5.75
  3 5 4 3
   3      12.27        88.34  87.79  94.37  99.50   5.63  99.50   5.63
  2 5 4 3
   3      12.51        90.06  89.57  94.44  99.60   5.53  99.60   5.53
  1 5 4 3
   3      12.72        91.58  91.15  94.52  99.69   5.44  99.69   5.44
  9 4 4 3
   3      10.96        78.91  77.88  93.73  98.62   6.25  98.62   6.25
  8 4 4 3
   3      11.22        80.78  79.86  93.89  98.86   6.12  98.86   6.12
  7 4 4 3
   3      11.48        82.65  81.83  94.02  99.06   5.99  99.06   5.99
  6 4 4 3
   3      11.74        84.52  83.81  94.16  99.23   5.87  99.23   5.87
  5 4 4 3
   3      12.00        86.39  85.77  94.27  99.38   5.75  99.38   5.75
  4 4 4 3
   3      12.26        88.26  87.73  94.38  99.50   5.64  99.50   5.64
  3 4 4 3
   3      12.50        89.99  89.51  94.46  99.60   5.53  99.60   5.53
  2 4 4 3
   3      12.71        91.50  91.09  94.53  99.69   5.45  99.69   5.45
  1 4 4 3
   3      12.92        93.02  92.67  94.61  99.77   5.36  99.77   5.36
  9 3 4 3
   3      11.22        80.78  79.83  93.85  98.83   6.12  98.83   6.12
  8 3 4 3
   3      11.48        82.65  81.80  93.99  99.04   5.99  99.04   5.99
  7 3 4 3
   3      11.74        84.52  83.77  94.11  99.22   5.87  99.22   5.87
  6 3 4 3
   3      12.00        86.39  85.72  94.22  99.37   5.75  99.37   5.75
  5 3 4 3
   3      12.26        88.26  87.68  94.33  99.49   5.64  99.49   5.64
  4 3 4 3
   3      12.49        89.92  89.47  94.48  99.60   5.54  99.60   5.54
  3 3 4 3
   3      12.70        91.43  91.05  94.56  99.69   5.45  99.69   5.45
  2 3 4 3
   3      12.91        92.94  92.62  94.62  99.77   5.37  99.77   5.37
  1 3 4 3
   3      13.12        94.46  94.18  94.69  99.84   5.28  99.84   5.28
  9 2 4 3
   3      11.47        82.58  81.78  94.05  99.01   5.99  99.01   5.99
  8 2 4 3
   3      11.73        84.45  83.74  94.16  99.19   5.87  99.19   5.87
  7 2 4 3
   3      11.99        86.32  85.69  94.27  99.35   5.75  99.35   5.75
  6 2 4 3
   3      12.25        88.19  87.64  94.37  99.48   5.64  99.48   5.64
  5 2 4 3
   3      12.49        89.92  89.44  94.45  99.59   5.54  99.59   5.54
  4 2 4 3
   3      12.70        91.43  91.01  94.52  99.69   5.45  99.69   5.45
  3 2 4 3
   3      12.90        92.87  92.58  94.66  99.77   5.37  99.77   5.37
  2 2 4 3
   3      13.11        94.38  94.14  94.71  99.84   5.29  99.84   5.29
  1 2 4 3
   3      13.32        95.90  95.70  94.77  99.89   5.21  99.89   5.21
  9 1 4 3
   3      11.73        84.45  83.73  94.15  99.16   5.87  99.16   5.87
  8 1 4 3
   3      11.99        86.32  85.68  94.25  99.32   5.75  99.32   5.75
  7 1 4 3
   3      12.25        88.19  87.62  94.34  99.46   5.64  99.46   5.64
  6 1 4 3
   3      12.49        89.92  89.42  94.43  99.58   5.54  99.58   5.54
  5 1 4 3
   3      12.69        91.36  90.99  94.57  99.68   5.46  99.68   5.46
  4 1 4 3
   3      12.90        92.87  92.55  94.63  99.76   5.37  99.76   5.37
  3 1 4 3
   3      13.11        94.38  94.10  94.68  99.83   5.29  99.83   5.29
  2 1 4 3
   3      13.31        95.82  95.66  94.80  99.89   5.21  99.89   5.21
  1 1 4 3
   3      13.52        97.34  97.22  94.84  99.94   5.13  99.94   5.13
  9 9 3 3
   3       9.92        71.39  70.05  93.18  97.38   6.82  97.38   6.82
  8 9 3 3
   3      10.18        73.29  72.07  93.38  97.77   6.67  97.77   6.67
  7 9 3 3
   3      10.45        75.23  74.08  93.50  98.11   6.52  98.11   6.52
  6 9 3 3
   3      10.72        77.18  76.08  93.61  98.40   6.37  98.40   6.37
  5 9 3 3
   3      10.98        79.05  78.08  93.80  98.65   6.24  98.65   6.24
  4 9 3 3
   3      11.25        80.99  80.08  93.89  98.86   6.10  98.86   6.10
  3 9 3 3
   3      11.51        82.87  82.08  94.06  99.05   5.98  99.05   5.98
  2 9 3 3
   3      11.78        84.81  84.07  94.13  99.21   5.85  99.21   5.85
  1 9 3 3
   3      12.04        86.68  86.06  94.28  99.35   5.73  99.35   5.73
  9 8 3 3
   3      10.18        73.29  72.00  93.29  97.75   6.67  97.75   6.67
  8 8 3 3
   3      10.44        75.16  74.01  93.50  98.10   6.53  98.10   6.53
  7 8 3 3
   3      10.71        77.11  76.00  93.60  98.40   6.38  98.40   6.38
  6 8 3 3
   3      10.97        78.98  78.00  93.78  98.66   6.25  98.66   6.25
  5 8 3 3
   3      11.24        80.92  79.99  93.87  98.87   6.11  98.87   6.11
  4 8 3 3
   3      11.50        82.79  81.98  94.03  99.06   5.98  99.06   5.98
  3 8 3 3
   3      11.76        84.67  83.97  94.18  99.22   5.86  99.22   5.86
  2 8 3 3
   3      12.03        86.61  85.95  94.24  99.36   5.74  99.36   5.74
  1 8 3 3
   3      12.29        88.48  87.93  94.37  99.48   5.62  99.48   5.62
  9 7 3 3
   3      10.44        75.16  73.95  93.43  98.08   6.52  98.08   6.52
  8 7 3 3
   3      10.70        77.03  75.94  93.62  98.39   6.39  98.39   6.39
  7 7 3 3
   3      10.96        78.91  77.94  93.80  98.65   6.25  98.65   6.25
  6 7 3 3
   3      11.23        80.85  79.92  93.87  98.88   6.11  98.88   6.11
  5 7 3 3
   3      11.49        82.72  81.90  94.02  99.07   5.99  99.07   5.99
  4 7 3 3
   3      11.75        84.59  83.88  94.16  99.23   5.87  99.23   5.87
  3 7 3 3
   3      12.01        86.47  85.86  94.30  99.37   5.75  99.37   5.75
  2 7 3 3
   3      12.28        88.41  87.83  94.34  99.49   5.63  99.49   5.63
  1 7 3 3
   3      12.51        90.06  89.61  94.48  99.59   5.53  99.59   5.53
  9 6 3 3
   3      10.69        76.96  75.89  93.64  98.36   6.39  98.36   6.39
  8 6 3 3
   3      10.96        78.91  77.88  93.72  98.63   6.25  98.63   6.25
  7 6 3 3
   3      11.22        80.78  79.86  93.89  98.87   6.12  98.87   6.12
  6 6 3 3
   3      11.48        82.65  81.83  94.02  99.06   5.99  99.06   5.99
  5 6 3 3
   3      11.74        84.52  83.81  94.17  99.23   5.87  99.23   5.87
  4 6 3 3
   3      12.00        86.39  85.78  94.29  99.37   5.75  99.37   5.75
  3 6 3 3
   3      12.26        88.26  87.75  94.40  99.49   5.64  99.49   5.64
  2 6 3 3
   3      12.50        89.99  89.54  94.48  99.60   5.53  99.60   5.53
  1 6 3 3
   3      12.71        91.50  91.12  94.56  99.69   5.45  99.69   5.45
  9 5 3 3
   3      10.95        78.83  77.84  93.76  98.61   6.25  98.61   6.25
  8 5 3 3
   3      11.21        80.71  79.81  93.91  98.85   6.12  98.85   6.12
  7 5 3 3
   3      11.48        82.65  81.79  93.97  99.05   5.99  99.05   5.99
  6 5 3 3
   3      11.74        84.52  83.75  94.10  99.22   5.87  99.22   5.87
  5 5 3 3
   3      12.00        86.39  85.72  94.22  99.37   5.75  99.37   5.75
  4 5 3 3
   3      12.26        88.26  87.68  94.33  99.49   5.64  99.49   5.64
  3 5 3 3
   3      12.49        89.92  89.48  94.49  99.60   5.54  99.60   5.54
  2 5 3 3
   3      12.70        91.43  91.05  94.57  99.69   5.45  99.69   5.45
  1 5 3 3
   3      12.91        92.94  92.63  94.64  99.77   5.37  99.77   5.37
  9 4 3 3
   3      11.21        80.71  79.78  93.87  98.82   6.12  98.82   6.12
  8 4 3 3
   3      11.47        82.58  81.74  94.00  99.03   6.00  99.03   6.00
  7 4 3 3
   3      11.73        84.45  83.71  94.13  99.21   5.87  99.21   5.87
  6 4 3 3
   3      11.99        86.32  85.67  94.25  99.36   5.76  99.36   5.76
  5 4 3 3
   3      12.25        88.19  87.62  94.34  99.49   5.64  99.49   5.64
  4 4 3 3
   3      12.49        89.92  89.42  94.44  99.59   5.54  99.59   5.54
  3 4 3 3
   3      12.70        91.43  91.00  94.51  99.69   5.45  99.69   5.45
  2 4 3 3
   3      12.90        92.87  92.57  94.65  99.77   5.37  99.77   5.37
  1 4 3 3
   3      13.11        94.38  94.14  94.71  99.84   5.29  99.84   5.29
  9 3 3 3
   3      11.47        82.58  81.71  93.97  99.00   5.99  99.00   5.99
  8 3 3 3
   3      11.73        84.45  83.68  94.09  99.19   5.87  99.19   5.87
  7 3 3 3
   3      11.98        86.25  85.63  94.28  99.34   5.76  99.34   5.76
  6 3 3 3
   3      12.24        88.12  87.58  94.38  99.48   5.64  99.48   5.64
  5 3 3 3
   3      12.48        89.85  89.39  94.47  99.59   5.54  99.59   5.54
  4 3 3 3
   3      12.69        91.36  90.96  94.54  99.68   5.46  99.68   5.46
  3 3 3 3
   3      12.90        92.87  92.52  94.60  99.77   5.37  99.77   5.37
  2 3 3 3
   3      13.10        94.31  94.09  94.73  99.83   5.29  99.83   5.29
  1 3 3 3
   3      13.31        95.82  95.65  94.79  99.89   5.21  99.89   5.21
  9 2 3 3
   3      11.72        84.38  83.65  94.15  99.16   5.88  99.16   5.88
  8 2 3 3
   3      11.98        86.25  85.60  94.25  99.32   5.76  99.32   5.76
  7 2 3 3
   3      12.24        88.12  87.55  94.35  99.46   5.64  99.46   5.64
  6 2 3 3
   3      12.48        89.85  89.36  94.44  99.58   5.54  99.58   5.54
  5 2 3 3
   3      12.68        91.29  90.92  94.58  99.68   5.46  99.68   5.46
  4 2 3 3
   3      12.89        92.80  92.49  94.64  99.76   5.38  99.76   5.38
  3 2 3 3
   3      13.10        94.31  94.04  94.69  99.83   5.29  99.83   5.29
  2 2 3 3
   3      13.30        95.75  95.60  94.81  99.89   5.22  99.89   5.22
  1 2 3 3
   3      13.51        97.26  97.16  94.86  99.94   5.14  99.94   5.14
  9 1 3 3
   3      11.98        86.25  85.59  94.23  99.30   5.76  99.30   5.76
  8 1 3 3
   3      12.24        88.12  87.54  94.33  99.44   5.64  99.44   5.64
  7 1 3 3
   3      12.48        89.85  89.34  94.42  99.56   5.54  99.56   5.54
  6 1 3 3
   3      12.68        91.29  90.90  94.56  99.67   5.46  99.67   5.46
  5 1 3 3
   3      12.89        92.80  92.46  94.61  99.76   5.37  99.76   5.37
  4 1 3 3
   3      13.09        94.24  94.01  94.73  99.83   5.30  99.83   5.30
  3 1 3 3
   3      13.30        95.75  95.56  94.77  99.89   5.22  99.89   5.22
  2 1 3 3
   3      13.50        97.19  97.12  94.89  99.94   5.14  99.94   5.14
  1 1 3 3
   3      13.71        98.70  98.67  94.92  99.97   5.06  99.97   5.06
  9 9 2 3
   3      10.17        73.22  71.99  93.37  97.67   6.67  97.67   6.67
  8 9 2 3
   3      10.44        75.16  73.99  93.49  98.03   6.52  98.03   6.52
  7 9 2 3
   3      10.71        77.11  76.00  93.59  98.34   6.38  98.34   6.38
  6 9 2 3
   3      10.97        78.98  77.99  93.77  98.60   6.24  98.60   6.24
  5 9 2 3
   3      11.24        80.92  79.98  93.86  98.83   6.11  98.83   6.11
  4 9 2 3
   3      11.50        82.79  81.97  94.02  99.03   5.98  99.03   5.98
  3 9 2 3
   3      11.76        84.67  83.96  94.17  99.19   5.86  99.19   5.86
  2 9 2 3
   3      12.03        86.61  85.94  94.22  99.34   5.73  99.34   5.73
  1 9 2 3
   3      12.29        88.48  87.92  94.36  99.46   5.62  99.46   5.62
  9 8 2 3
   3      10.43        75.09  73.93  93.49  98.02   6.53  98.02   6.53
  8 8 2 3
   3      10.70        77.03  75.93  93.60  98.33   6.38  98.33   6.38
  7 8 2 3
   3      10.96        78.91  77.92  93.77  98.60   6.25  98.60   6.25
  6 8 2 3
   3      11.23        80.85  79.90  93.85  98.84   6.11  98.84   6.11
  5 8 2 3
   3      11.49        82.72  81.89  94.00  99.03   5.99  99.03   5.99
  4 8 2 3
   3      11.75        84.59  83.87  94.14  99.20   5.86  99.20   5.86
  3 8 2 3
   3      12.01        86.47  85.84  94.27  99.35   5.74  99.35   5.74
  2 8 2 3
   3      12.27        88.34  87.82  94.40  99.47   5.63  99.47   5.63
  1 8 2 3
   3      12.51        90.06  89.60  94.47  99.58   5.53  99.58   5.53
  9 7 2 3
   3      10.69        76.96  75.87  93.61  98.32   6.39  98.32   6.39
  8 7 2 3
   3      10.95        78.83  77.85  93.78  98.59   6.25  98.59   6.25
  7 7 2 3
   3      11.22        80.78  79.83  93.85  98.83   6.12  98.83   6.12
  6 7 2 3
   3      11.48        82.65  81.81  94.00  99.04   5.99  99.04   5.99
  5 7 2 3
   3      11.74        84.52  83.78  94.13  99.21   5.87  99.21   5.87
  4 7 2 3
   3      12.00        86.39  85.75  94.26  99.35   5.75  99.35   5.75
  3 7 2 3
   3      12.26        88.26  87.73  94.38  99.48   5.64  99.48   5.64
  2 7 2 3
   3      12.50        89.99  89.51  94.46  99.58   5.53  99.58   5.53
  1 7 2 3
   3      12.71        91.50  91.10  94.54  99.68   5.45  99.68   5.45
  9 6 2 3
   3      10.95        78.83  77.80  93.72  98.57   6.25  98.57   6.25
  8 6 2 3
   3      11.21        80.71  79.78  93.87  98.82   6.12  98.82   6.12
  7 6 2 3
   3      11.47        82.58  81.75  94.01  99.03   6.00  99.03   6.00
  6 6 2 3
   3      11.73        84.45  83.72  94.14  99.20   5.87  99.20   5.87
  5 6 2 3
   3      11.99        86.32  85.69  94.26  99.35   5.75  99.35   5.75
  4 6 2 3
   3      12.25        88.19  87.64  94.37  99.48   5.64  99.48   5.64
  3 6 2 3
   3      12.49        89.92  89.45  94.46  99.59   5.54  99.59   5.54
  2 6 2 3
   3      12.70        91.43  91.03  94.54  99.68   5.45  99.68   5.45
  1 6 2 3
   3      12.91        92.94  92.61  94.62  99.76   5.37  99.76   5.37
  9 5 2 3
   3      11.20        80.63  79.73  93.90  98.79   6.13  98.79   6.13
  8 5 2 3
   3      11.46        82.51  81.71  94.04  99.01   6.00  99.01   6.00
  7 5 2 3
   3      11.72        84.38  83.67  94.16  99.19   5.88  99.19   5.88
  6 5 2 3
   3      11.98        86.25  85.63  94.27  99.35   5.76  99.35   5.76
  5 5 2 3
   3      12.24        88.12  87.58  94.38  99.47   5.64  99.47   5.64
  4 5 2 3
   3      12.48        89.85  89.39  94.48  99.59   5.54  99.59   5.54
  3 5 2 3
   3      12.69        91.36  90.96  94.55  99.68   5.46  99.68   5.46
  2 5 2 3
   3      12.90        92.87  92.54  94.62  99.76   5.37  99.76   5.37
  1 5 2 3
   3      13.11        94.38  94.11  94.68  99.83   5.29  99.83   5.29
  9 4 2 3
   3      11.46        82.51  81.67  94.00  98.98   6.00  98.98   6.00
  8 4 2 3
   3      11.72        84.38  83.63  94.12  99.17   5.88  99.17   5.88
  7 4 2 3
   3      11.98        86.25  85.58  94.22  99.33   5.76  99.33   5.76
  6 4 2 3
   3      12.24        88.12  87.53  94.32  99.47   5.64  99.47   5.64
  5 4 2 3
   3      12.48        89.85  89.35  94.43  99.58   5.54  99.58   5.54
  4 4 2 3
   3      12.68        91.29  90.92  94.57  99.68   5.46  99.68   5.46
  3 4 2 3
   3      12.89        92.80  92.49  94.64  99.76   5.38  99.76   5.38
  2 4 2 3
   3      13.10        94.31  94.05  94.69  99.83   5.29  99.83   5.29
  1 4 2 3
   3      13.30        95.75  95.61  94.82  99.89   5.22  99.89   5.22
  9 3 2 3
   3      11.72        84.38  83.60  94.09  99.15   5.88  99.15   5.88
  8 3 2 3
   3      11.97        86.18  85.55  94.27  99.32   5.76  99.32   5.76
  7 3 2 3
   3      12.23        88.05  87.50  94.37  99.45   5.65  99.45   5.65
  6 3 2 3
   3      12.47        89.78  89.31  94.47  99.57   5.55  99.57   5.55
  5 3 2 3
   3      12.68        91.29  90.88  94.53  99.67   5.46  99.67   5.46
  4 3 2 3
   3      12.89        92.80  92.44  94.59  99.76   5.37  99.76   5.37
  3 3 2 3
   3      13.09        94.24  94.00  94.71  99.83   5.30  99.83   5.30
  2 3 2 3
   3      13.30        95.75  95.56  94.77  99.89   5.22  99.89   5.22
  1 3 2 3
   3      13.50        97.19  97.11  94.88  99.94   5.14  99.94   5.14
  9 2 2 3
   3      11.97        86.18  85.53  94.24  99.29   5.76  99.29   5.76
  8 2 2 3
   3      12.23        88.05  87.47  94.33  99.44   5.65  99.44   5.65
  7 2 2 3
   3      12.47        89.78  89.29  94.44  99.56   5.54  99.56   5.54
  6 2 2 3
   3      12.68        91.29  90.85  94.50  99.67   5.46  99.67   5.46
  5 2 2 3
   3      12.88        92.73  92.41  94.64  99.75   5.38  99.75   5.38
  4 2 2 3
   3      13.09        94.24  93.97  94.68  99.83   5.30  99.83   5.30
  3 2 2 3
   3      13.29        95.68  95.51  94.79  99.89   5.22  99.89   5.22
  2 2 2 3
   3      13.50        97.19  97.07  94.84  99.94   5.14  99.94   5.14
  1 2 2 3
   3      13.70        98.63  98.61  94.94  99.97   5.07  99.97   5.07
  9 1 2 3
   3      12.23        88.05  87.45  94.32  99.41   5.65  99.41   5.65
  8 1 2 3
   3      12.47        89.78  89.27  94.43  99.54   5.54  99.54   5.54
  7 1 2 3
   3      12.67        91.22  90.83  94.56  99.65   5.46  99.65   5.46
  6 1 2 3
   3      12.88        92.73  92.39  94.61  99.75   5.38  99.75   5.38
  5 1 2 3
   3      13.08        94.17  93.93  94.72  99.82   5.30  99.82   5.30
  4 1 2 3
   3      13.29        95.68  95.48  94.76  99.88   5.22  99.88   5.22
  3 1 2 3
   3      13.49        97.12  97.03  94.87  99.93   5.14  99.93   5.14
  2 1 2 3
   3      13.70        98.63  98.57  94.90  99.97   5.07  99.97   5.07
  1 1 2 3
   3      13.88        99.93 100.00  95.03 100.00   5.00 100.00   5.00
  9 9 9 2
   3       8.62        62.08  60.37  92.35  95.01   7.65  95.01   7.65
  8 9 9 2
   3       8.90        64.07  62.43  92.53  95.66   7.47  95.66   7.47
  7 9 9 2
   3       9.17        66.04  64.48  92.72  96.22   7.28  96.22   7.28
  6 9 9 2
   3       9.45        68.01  66.53  92.89  96.71   7.11  96.71   7.11
  5 9 9 2
   3       9.72        69.98  68.58  93.06  97.14   6.94  97.14   6.94
  4 9 9 2
   3       9.99        71.94  70.62  93.22  97.51   6.78  97.51   6.78
  3 9 9 2
   3      10.26        73.87  72.66  93.41  97.84   6.62  97.84   6.62
  2 9 9 2
   3      10.53        75.81  74.70  93.57  98.13   6.47  98.13   6.47
  1 9 9 2
   3      10.81        77.83  76.74  93.64  98.39   6.32  98.39   6.32
  9 8 9 2
   3       8.89        64.00  62.36  92.53  95.63   7.47  95.63   7.47
  8 8 9 2
   3       9.16        65.98  64.41  92.71  96.21   7.29  96.21   7.29
  7 8 9 2
   3       9.44        67.94  66.45  92.88  96.72   7.12  96.72   7.12
  6 8 9 2
   3       9.71        69.90  68.49  93.05  97.16   6.95  97.16   6.95
  5 8 9 2
   3       9.98        71.85  70.53  93.22  97.54   6.79  97.54   6.79
  4 8 9 2
   3      10.25        73.79  72.56  93.38  97.88   6.63  97.88   6.63
  3 8 9 2
   3      10.52        75.74  74.60  93.53  98.17   6.48  98.17   6.48
  2 8 9 2
   3      10.79        77.68  76.63  93.67  98.43   6.34  98.43   6.34
  1 8 9 2
   3      11.06        79.63  78.66  93.81  98.66   6.19  98.66   6.19
  9 7 9 2
   3       9.16        65.92  64.35  92.70  96.17   7.29  96.17   7.29
  8 7 9 2
   3       9.43        67.88  66.39  92.88  96.70   7.12  96.70   7.12
  7 7 9 2
   3       9.70        69.83  68.42  93.04  97.15   6.96  97.15   6.96
  6 7 9 2
   3       9.97        71.78  70.45  93.21  97.55   6.80  97.55   6.80
  5 7 9 2
   3      10.24        73.72  72.48  93.36  97.89   6.64  97.89   6.64
  4 7 9 2
   3      10.51        75.67  74.51  93.51  98.19   6.49  98.19   6.49
  3 7 9 2
   3      10.78        77.61  76.53  93.64  98.45   6.34  98.45   6.34
  2 7 9 2
   3      11.05        79.55  78.55  93.76  98.68   6.20  98.68   6.20
  1 7 9 2
   3      11.31        81.43  80.57  93.96  98.88   6.07  98.88   6.07
  9 6 9 2
   3       9.42        67.83  66.34  92.88  96.65   7.12  96.65   7.12
  8 6 9 2
   3       9.69        69.78  68.37  93.04  97.12   6.96  97.12   6.96
  7 6 9 2
   3       9.96        71.72  70.39  93.20  97.53   6.80  97.53   6.80
  6 6 9 2
   3      10.23        73.65  72.42  93.37  97.88   6.65  97.88   6.65
  5 6 9 2
   3      10.50        75.59  74.44  93.50  98.19   6.49  98.19   6.49
  4 6 9 2
   3      10.77        77.54  76.45  93.63  98.46   6.35  98.46   6.35
  3 6 9 2
   3      11.03        79.41  78.47  93.83  98.69   6.21  98.69   6.21
  2 6 9 2
   3      11.30        81.35  80.48  93.94  98.90   6.08  98.90   6.08
  1 6 9 2
   3      11.57        83.30  82.49  94.04  99.07   5.95  99.07   5.95
  9 5 9 2
   3       9.69        69.73  68.33  93.04  97.06   6.96  97.06   6.96
  8 5 9 2
   3       9.96        71.68  70.35  93.20  97.49   6.80  97.49   6.80
  7 5 9 2
   3      10.22        73.58  72.36  93.39  97.86   6.65  97.86   6.65
  6 5 9 2
   3      10.49        75.52  74.38  93.52  98.18   6.50  98.18   6.50
  5 5 9 2
   3      10.76        77.47  76.38  93.63  98.46   6.35  98.46   6.35
  4 5 9 2
   3      11.03        79.41  78.39  93.74  98.69   6.21  98.69   6.21
  3 5 9 2
   3      11.29        81.28  80.39  93.92  98.90   6.08  98.90   6.08
  2 5 9 2
   3      11.56        83.23  82.40  94.01  99.08   5.95  99.08   5.95
  1 5 9 2
   3      11.82        85.10  84.40  94.18  99.24   5.83  99.24   5.83
  9 4 9 2
   3       9.95        71.64  70.31  93.20  97.43   6.80  97.43   6.80
  8 4 9 2
   3      10.22        73.58  72.32  93.34  97.81   6.65  97.81   6.65
  7 4 9 2
   3      10.49        75.52  74.33  93.46  98.15   6.50  98.15   6.50
  6 4 9 2
   3      10.75        77.39  76.34  93.67  98.43   6.36  98.43   6.36
  5 4 9 2
   3      11.02        79.34  78.34  93.77  98.68   6.22  98.68   6.22
  4 4 9 2
   3      11.28        81.21  80.33  93.94  98.90   6.09  98.90   6.09
  3 4 9 2
   3      11.55        83.15  82.33  94.02  99.08   5.96  99.08   5.96
  2 4 9 2
   3      11.81        85.03  84.32  94.17  99.24   5.84  99.24   5.84
  1 4 9 2
   3      12.07        86.90  86.31  94.32  99.38   5.72  99.38   5.72
  9 3 9 2
   3      10.21        73.51  72.30  93.40  97.75   6.65  97.75   6.65
  8 3 9 2
   3      10.48        75.45  74.30  93.51  98.10   6.50  98.10   6.50
  7 3 9 2
   3      10.75        77.39  76.30  93.62  98.40   6.36  98.40   6.36
  6 3 9 2
   3      11.01        79.27  78.29  93.80  98.66   6.22  98.66   6.22
  5 3 9 2
   3      11.28        81.21  80.29  93.88  98.88   6.09  98.88   6.09
  4 3 9 2
   3      11.54        83.08  82.27  94.04  99.07   5.96  99.07   5.96
  3 3 9 2
   3      11.80        84.95  84.26  94.19  99.23   5.84  99.23   5.84
  2 3 9 2
   3      12.07        86.90  86.24  94.24  99.37   5.72  99.37   5.72
  1 3 9 2
   3      12.33        88.77  88.22  94.37  99.49   5.60  99.49   5.60
  9 2 9 2
   3      10.48        75.45  74.28  93.49  98.03   6.50  98.03   6.50
  8 2 9 2
   3      10.74        77.32  76.28  93.68  98.35   6.36  98.35   6.36
  7 2 9 2
   3      11.01        79.27  78.26  93.76  98.62   6.22  98.62   6.22
  6 2 9 2
   3      11.27        81.14  80.25  93.92  98.85   6.09  98.85   6.09
  5 2 9 2
   3      11.53        83.01  82.24  94.08  99.05   5.97  99.05   5.97
  4 2 9 2
   3      11.80        84.95  84.22  94.14  99.22   5.84  99.22   5.84
  3 2 9 2
   3      12.06        86.83  86.19  94.26  99.37   5.72  99.37   5.72
  2 2 9 2
   3      12.32        88.70  88.16  94.38  99.49   5.61  99.49   5.61
  1 2 9 2
   3      12.58        90.57  90.13  94.50  99.59   5.50  99.59   5.50
  9 1 9 2
   3      10.74        77.32  76.26  93.66  98.28   6.36  98.28   6.36
  8 1 9 2
   3      11.01        79.27  78.25  93.74  98.57   6.22  98.57   6.22
  7 1 9 2
   3      11.27        81.14  80.23  93.90  98.81   6.09  98.81   6.09
  6 1 9 2
   3      11.53        83.01  82.21  94.04  99.02   5.96  99.02   5.96
  5 1 9 2
   3      11.79        84.88  84.18  94.17  99.20   5.84  99.20   5.84
  4 1 9 2
   3      12.05        86.75  86.15  94.30  99.35   5.73  99.35   5.73
  3 1 9 2
   3      12.31        88.62  88.12  94.42  99.48   5.61  99.48   5.61
  2 1 9 2
   3      12.57        90.50  90.08  94.53  99.59   5.50  99.59   5.50
  1 1 9 2
   3      12.79        92.08  91.71  94.58  99.68   5.41  99.68   5.41
  9 9 8 2
   3       8.88        63.94  62.30  92.53  95.61   7.48  95.61   7.48
  8 9 8 2
   3       9.15        65.91  64.35  92.71  96.19   7.30  96.19   7.30
  7 9 8 2
   3       9.43        67.88  66.39  92.88  96.70   7.12  96.70   7.12
  6 9 8 2
   3       9.70        69.83  68.43  93.05  97.14   6.96  97.14   6.96
  5 9 8 2
   3       9.97        71.79  70.47  93.21  97.53   6.79  97.53   6.79
  4 9 8 2
   3      10.24        73.72  72.50  93.39  97.87   6.64  97.87   6.64
  3 9 8 2
   3      10.51        75.67  74.53  93.54  98.16   6.49  98.16   6.49
  2 9 8 2
   3      10.78        77.61  76.57  93.68  98.42   6.34  98.42   6.34
  1 9 8 2
   3      11.05        79.55  78.59  93.81  98.65   6.20  98.65   6.20
  9 8 8 2
   3       9.15        65.85  64.28  92.70  96.17   7.30  96.17   7.30
  8 8 8 2
   3       9.42        67.81  66.32  92.87  96.69   7.13  96.69   7.13
  7 8 8 2
   3       9.69        69.76  68.35  93.04  97.15   6.96  97.15   6.96
  6 8 8 2
   3       9.96        71.71  70.38  93.20  97.54   6.80  97.54   6.80
  5 8 8 2
   3      10.23        73.65  72.41  93.36  97.89   6.65  97.89   6.65
  4 8 8 2
   3      10.50        75.59  74.44  93.51  98.19   6.49  98.19   6.49
  3 8 8 2
   3      10.77        77.54  76.46  93.64  98.45   6.35  98.45   6.35
  2 8 8 2
   3      11.04        79.48  78.48  93.77  98.68   6.21  98.68   6.21
  1 8 8 2
   3      11.30        81.35  80.50  93.96  98.88   6.08  98.88   6.08
  9 7 8 2
   3       9.41        67.75  66.26  92.87  96.66   7.13  96.66   7.13
  8 7 8 2
   3       9.68        69.70  68.29  93.03  97.13   6.97  97.13   6.97
  7 7 8 2
   3       9.95        71.65  70.32  93.19  97.54   6.81  97.54   6.81
  6 7 8 2
   3      10.22        73.58  72.34  93.36  97.89   6.65  97.89   6.65
  5 7 8 2
   3      10.49        75.52  74.36  93.50  98.20   6.50  98.20   6.50
  4 7 8 2
   3      10.76        77.47  76.38  93.62  98.47   6.36  98.47   6.36
  3 7 8 2
   3      11.02        79.34  78.39  93.82  98.70   6.22  98.70   6.22
  2 7 8 2
   3      11.29        81.28  80.40  93.93  98.90   6.08  98.90   6.08
  1 7 8 2
   3      11.56        83.23  82.41  94.03  99.08   5.95  99.08   5.95
  9 6 8 2
   3       9.68        69.65  68.24  93.03  97.09   6.97  97.09   6.97
  8 6 8 2
   3       9.94        71.60  70.26  93.19  97.51   6.81  97.51   6.81
  7 6 8 2
   3      10.21        73.51  72.28  93.37  97.88   6.66  97.88   6.66
  6 6 8 2
   3      10.48        75.45  74.29  93.50  98.19   6.51  98.19   6.51
  5 6 8 2
   3      10.75        77.39  76.30  93.62  98.47   6.36  98.47   6.36
  4 6 8 2
   3      11.01        79.27  78.31  93.81  98.70   6.23  98.70   6.23
  3 6 8 2
   3      11.28        81.21  80.31  93.91  98.91   6.09  98.91   6.09
  2 6 8 2
   3      11.55        83.15  82.31  94.00  99.09   5.96  99.09   5.96
  1 6 8 2
   3      11.81        85.03  84.31  94.17  99.24   5.84  99.24   5.84
  9 5 8 2
   3       9.94        71.56  70.22  93.19  97.46   6.81  97.46   6.81
  8 5 8 2
   3      10.21        73.51  72.23  93.31  97.84   6.66  97.84   6.66
  7 5 8 2
   3      10.47        75.38  74.24  93.52  98.17   6.51  98.17   6.51
  6 5 8 2
   3      10.74        77.32  76.24  93.63  98.46   6.37  98.46   6.37
  5 5 8 2
   3      11.01        79.27  78.24  93.73  98.70   6.23  98.70   6.23
  4 5 8 2
   3      11.27        81.14  80.24  93.91  98.91   6.10  98.91   6.10
  3 5 8 2
   3      11.53        83.01  82.24  94.08  99.09   5.97  99.09   5.97
  2 5 8 2
   3      11.80        84.95  84.23  94.15  99.25   5.84  99.25   5.84
  1 5 8 2
   3      12.06        86.83  86.22  94.30  99.38   5.72  99.38   5.72
  9 4 8 2
   3      10.20        73.43  72.19  93.36  97.79   6.66  97.79   6.66
  8 4 8 2
   3      10.47        75.38  74.20  93.47  98.13   6.51  98.13   6.51
  7 4 8 2
   3      10.73        77.25  76.19  93.66  98.43   6.37  98.43   6.37
  6 4 8 2
   3      11.00        79.19  78.19  93.75  98.68   6.23  98.68   6.23
  5 4 8 2
   3      11.26        81.07  80.18  93.93  98.90   6.10  98.90   6.10
  4 4 8 2
   3      11.53        83.01  82.17  94.00  99.09   5.97  99.09   5.97
  3 4 8 2
   3      11.79        84.88  84.15  94.15  99.25   5.85  99.25   5.85
  2 4 8 2
   3      12.05        86.75  86.14  94.29  99.38   5.73  99.38   5.73
  1 4 8 2
   3      12.31        88.62  88.12  94.42  99.50   5.61  99.50   5.61
  9 3 8 2
   3      10.46        75.31  74.17  93.53  98.08   6.51  98.08   6.51
  8 3 8 2
   3      10.73        77.25  76.16  93.63  98.39   6.37  98.39   6.37
  7 3 8 2
   3      10.99        79.12  78.16  93.80  98.65   6.23  98.65   6.23
  6 3 8 2
   3      11.26        81.07  80.14  93.88  98.88   6.10  98.88   6.10
  5 3 8 2
   3      11.52        82.94  82.12  94.03  99.07   5.97  99.07   5.97
  4 3 8 2
   3      11.78        84.81  84.10  94.17  99.24   5.85  99.24   5.85
  3 3 8 2
   3      12.04        86.68  86.08  94.30  99.38   5.73  99.38   5.73
  2 3 8 2
   3      12.30        88.55  88.05  94.42  99.50   5.62  99.50   5.62
  1 3 8 2
   3      12.57        90.50  90.02  94.46  99.60   5.50  99.60   5.50
  9 2 8 2
   3      10.73        77.25  76.14  93.60  98.33   6.36  98.33   6.36
  8 2 8 2
   3      10.99        79.12  78.13  93.77  98.61   6.23  98.61   6.23
  7 2 8 2
   3      11.25        80.99  80.11  93.93  98.85   6.10  98.85   6.10
  6 2 8 2
   3      11.52        82.94  82.09  93.99  99.05   5.97  99.05   5.97
  5 2 8 2
   3      11.78        84.81  84.06  94.13  99.22   5.85  99.22   5.85
  4 2 8 2
   3      12.04        86.68  86.03  94.25  99.37   5.73  99.37   5.73
  3 2 8 2
   3      12.30        88.55  88.00  94.37  99.49   5.62  99.49   5.62
  2 2 8 2
   3      12.56        90.42  89.96  94.47  99.60   5.51  99.60   5.51
  1 2 8 2
   3      12.78        92.01  91.62  94.56  99.69   5.42  99.69   5.42
  9 1 8 2
   3      10.99        79.12  78.12  93.76  98.55   6.23  98.55   6.23
  8 1 8 2
   3      11.25        80.99  80.10  93.91  98.80   6.10  98.80   6.10
  7 1 8 2
   3      11.51        82.87  82.07  94.05  99.02   5.97  99.02   5.97
  6 1 8 2
   3      11.77        84.74  84.03  94.17  99.20   5.85  99.20   5.85
  5 1 8 2
   3      12.03        86.61  86.00  94.29  99.35   5.74  99.35   5.74
  4 1 8 2
   3      12.29        88.48  87.96  94.40  99.48   5.62  99.48   5.62
  3 1 8 2
   3      12.55        90.35  89.92  94.50  99.59   5.51  99.59   5.51
  2 1 8 2
   3      12.77        91.94  91.58  94.60  99.68   5.42  99.68   5.42
  1 1 8 2
   3      12.97        93.38  93.09  94.67  99.76   5.34  99.76   5.34
  9 9 7 2
   3       9.14        65.80  64.23  92.69  96.13   7.31  96.13   7.31
  8 9 7 2
   3       9.41        67.75  66.26  92.87  96.66   7.13  96.66   7.13
  7 9 7 2
   3       9.68        69.71  68.30  93.03  97.12   6.97  97.12   6.97
  6 9 7 2
   3       9.95        71.66  70.33  93.19  97.52   6.80  97.52   6.80
  5 9 7 2
   3      10.22        73.58  72.36  93.39  97.87   6.65  97.87   6.65
  4 9 7 2
   3      10.49        75.52  74.38  93.53  98.17   6.50  98.17   6.50
  3 9 7 2
   3      10.76        77.47  76.41  93.66  98.43   6.35  98.43   6.35
  2 9 7 2
   3      11.03        79.41  78.43  93.79  98.66   6.21  98.66   6.21
  1 9 7 2
   3      11.30        81.35  80.45  93.90  98.87   6.08  98.87   6.08
  9 8 7 2
   3       9.40        67.70  66.20  92.86  96.64   7.14  96.64   7.14
  8 8 7 2
   3       9.67        69.65  68.23  93.03  97.11   6.97  97.11   6.97
  7 8 7 2
   3       9.94        71.59  70.25  93.19  97.52   6.81  97.52   6.81
  6 8 7 2
   3      10.21        73.51  72.28  93.37  97.88   6.66  97.88   6.66
  5 8 7 2
   3      10.48        75.45  74.29  93.51  98.19   6.51  98.19   6.51
  4 8 7 2
   3      10.75        77.39  76.31  93.63  98.46   6.36  98.46   6.36
  3 8 7 2
   3      11.02        79.34  78.32  93.75  98.69   6.22  98.69   6.22
  2 8 7 2
   3      11.28        81.21  80.33  93.94  98.89   6.09  98.89   6.09
  1 8 7 2
   3      11.55        83.15  82.34  94.03  99.07   5.96  99.07   5.96
  9 7 7 2
   3       9.67        69.59  68.17  93.02  97.08   6.98  97.08   6.98
  8 7 7 2
   3       9.94        71.53  70.19  93.19  97.51   6.82  97.51   6.82
  7 7 7 2
   3      10.20        73.43  72.21  93.37  97.87   6.66  97.87   6.66
  6 7 7 2
   3      10.47        75.38  74.22  93.50  98.19   6.51  98.19   6.51
  5 7 7 2
   3      10.74        77.32  76.23  93.62  98.47   6.37  98.47   6.37
  4 7 7 2
   3      11.01        79.27  78.24  93.73  98.70   6.23  98.70   6.23
  3 7 7 2
   3      11.27        81.14  80.24  93.91  98.91   6.10  98.91   6.10
  2 7 7 2
   3      11.54        83.08  82.24  94.00  99.09   5.96  99.09   5.96
  1 7 7 2
   3      11.80        84.95  84.25  94.17  99.24   5.84  99.24   5.84
  9 6 7 2
   3       9.93        71.48  70.14  93.18  97.47   6.82  97.47   6.82
  8 6 7 2
   3      10.20        73.43  72.15  93.30  97.85   6.66  97.85   6.66
  7 6 7 2
   3      10.46        75.31  74.16  93.52  98.18   6.52  98.18   6.52
  6 6 7 2
   3      10.73        77.25  76.16  93.63  98.46   6.37  98.46   6.37
  5 6 7 2
   3      11.00        79.19  78.17  93.73  98.70   6.23  98.70   6.23
  4 6 7 2
   3      11.26        81.07  80.17  93.91  98.91   6.10  98.91   6.10
  3 6 7 2
   3      11.52        82.94  82.16  94.07  99.09   5.97  99.09   5.97
  2 6 7 2
   3      11.79        84.88  84.15  94.14  99.25   5.85  99.25   5.85
  1 6 7 2
   3      12.05        86.75  86.14  94.29  99.39   5.73  99.39   5.73
  9 5 7 2
   3      10.19        73.36  72.11  93.34  97.81   6.67  97.81   6.67
  8 5 7 2
   3      10.46        75.31  74.11  93.46  98.15   6.52  98.15   6.52
  7 5 7 2
   3      10.72        77.18  76.11  93.65  98.44   6.38  98.44   6.38
  6 5 7 2
   3      10.99        79.12  78.10  93.74  98.69   6.24  98.69   6.24
  5 5 7 2
   3      11.25        80.99  80.10  93.91  98.91   6.11  98.91   6.11
  4 5 7 2
   3      11.52        82.94  82.08  93.98  99.09   5.97  99.09   5.97
  3 5 7 2
   3      11.78        84.81  84.07  94.13  99.25   5.85  99.25   5.85
  2 5 7 2
   3      12.04        86.68  86.06  94.28  99.39   5.73  99.39   5.73
  1 5 7 2
   3      12.30        88.55  88.04  94.41  99.51   5.62  99.51   5.62
  9 4 7 2
   3      10.45        75.23  74.08  93.50  98.10   6.52  98.10   6.52
  8 4 7 2
   3      10.72        77.18  76.07  93.60  98.41   6.38  98.41   6.38
  7 4 7 2
   3      10.98        79.05  78.06  93.77  98.67   6.24  98.67   6.24
  6 4 7 2
   3      11.25        80.99  80.05  93.85  98.89   6.11  98.89   6.11
  5 4 7 2
   3      11.51        82.87  82.03  94.01  99.09   5.98  99.09   5.98
  4 4 7 2
   3      11.77        84.74  84.01  94.15  99.25   5.86  99.25   5.86
  3 4 7 2
   3      12.03        86.61  85.98  94.27  99.39   5.74  99.39   5.74
  2 4 7 2
   3      12.29        88.48  87.96  94.40  99.51   5.62  99.51   5.62
  1 4 7 2
   3      12.55        90.35  89.93  94.52  99.61   5.51  99.61   5.51
  9 3 7 2
   3      10.71        77.11  76.04  93.65  98.36   6.38  98.36   6.38
  8 3 7 2
   3      10.98        79.05  78.03  93.73  98.63   6.24  98.63   6.24
  7 3 7 2
   3      11.24        80.92  80.01  93.89  98.87   6.11  98.87   6.11
  6 3 7 2
   3      11.50        82.79  81.99  94.03  99.07   5.98  99.07   5.98
  5 3 7 2
   3      11.76        84.67  83.96  94.17  99.24   5.86  99.24   5.86
  4 3 7 2
   3      12.02        86.54  85.93  94.29  99.38   5.74  99.38   5.74
  3 3 7 2
   3      12.28        88.41  87.90  94.41  99.50   5.63  99.50   5.63
  2 3 7 2
   3      12.54        90.28  89.86  94.52  99.61   5.52  99.61   5.52
  1 3 7 2
   3      12.77        91.94  91.55  94.56  99.69   5.42  99.69   5.42
  9 2 7 2
   3      10.97        78.98  78.01  93.79  98.59   6.24  98.59   6.24
  8 2 7 2
   3      11.24        80.92  79.98  93.86  98.83   6.11  98.83   6.11
  7 2 7 2
   3      11.50        82.79  81.96  94.00  99.04   5.98  99.04   5.98
  6 2 7 2
   3      11.76        84.67  83.93  94.13  99.22   5.86  99.22   5.86
  5 2 7 2
   3      12.02        86.54  85.89  94.25  99.37   5.74  99.37   5.74
  4 2 7 2
   3      12.28        88.41  87.85  94.36  99.49   5.63  99.49   5.63
  3 2 7 2
   3      12.54        90.28  89.81  94.47  99.60   5.52  99.60   5.52
  2 2 7 2
   3      12.76        91.86  91.50  94.58  99.69   5.43  99.69   5.43
  1 2 7 2
   3      12.96        93.30  93.01  94.66  99.77   5.35  99.77   5.35
  9 1 7 2
   3      11.23        80.85  79.98  93.94  98.78   6.11  98.78   6.11
  8 1 7 2
   3      11.50        82.79  81.94  93.98  99.01   5.98  99.01   5.98
  7 1 7 2
   3      11.76        84.67  83.90  94.11  99.19   5.86  99.19   5.86
  6 1 7 2
   3      12.02        86.54  85.87  94.23  99.35   5.74  99.35   5.74
  5 1 7 2
   3      12.27        88.34  87.82  94.40  99.48   5.63  99.48   5.63
  4 1 7 2
   3      12.53        90.21  89.77  94.50  99.59   5.52  99.59   5.52
  3 1 7 2
   3      12.76        91.86  91.46  94.55  99.68   5.43  99.68   5.43
  2 1 7 2
   3      12.96        93.30  92.97  94.62  99.77   5.35  99.77   5.35
  1 1 7 2
   3      13.15        94.67  94.48  94.77  99.83   5.27  99.83   5.27
  9 9 6 2
   3       9.40        67.65  66.15  92.86  96.59   7.14  96.59   7.14
  8 9 6 2
   3       9.67        69.60  68.18  93.03  97.07   6.97  97.07   6.97
  7 9 6 2
   3       9.94        71.54  70.21  93.19  97.49   6.81  97.49   6.81
  6 9 6 2
   3      10.21        73.51  72.23  93.31  97.85   6.66  97.85   6.66
  5 9 6 2
   3      10.48        75.45  74.25  93.45  98.16   6.50  98.16   6.50
  4 9 6 2
   3      10.74        77.32  76.26  93.66  98.43   6.37  98.43   6.37
  3 9 6 2
   3      11.01        79.27  78.28  93.78  98.67   6.22  98.67   6.22
  2 9 6 2
   3      11.28        81.21  80.29  93.88  98.88   6.09  98.88   6.09
  1 9 6 2
   3      11.54        83.08  82.30  94.06  99.06   5.96  99.06   5.96
  9 8 6 2
   3       9.66        69.54  68.12  93.02  97.05   6.98  97.05   6.98
  8 8 6 2
   3       9.93        71.48  70.14  93.18  97.48   6.82  97.48   6.82
  7 8 6 2
   3      10.20        73.43  72.15  93.31  97.85   6.66  97.85   6.66
  6 8 6 2
   3      10.46        75.31  74.17  93.52  98.17   6.52  98.17   6.52
  5 8 6 2
   3      10.73        77.25  76.18  93.64  98.45   6.37  98.45   6.37
  4 8 6 2
   3      11.00        79.19  78.19  93.75  98.69   6.23  98.69   6.23
  3 8 6 2
   3      11.26        81.07  80.19  93.93  98.90   6.10  98.90   6.10
  2 8 6 2
   3      11.53        83.01  82.19  94.02  99.08   5.97  99.08   5.97
  1 8 6 2
   3      11.79        84.88  84.19  94.19  99.23   5.85  99.23   5.85
  9 7 6 2
   3       9.92        71.42  70.08  93.18  97.45   6.82  97.45   6.82
  8 7 6 2
   3      10.19        73.36  72.09  93.32  97.84   6.67  97.84   6.67
  7 7 6 2
   3      10.46        75.31  74.10  93.44  98.17   6.52  98.17   6.52
  6 7 6 2
   3      10.72        77.18  76.10  93.64  98.45   6.38  98.45   6.38
  5 7 6 2
   3      10.99        79.12  78.10  93.74  98.70   6.24  98.70   6.24
  4 7 6 2
   3      11.25        80.99  80.11  93.92  98.91   6.11  98.91   6.11
  3 7 6 2
   3      11.52        82.94  82.10  94.00  99.09   5.97  99.09   5.97
  2 7 6 2
   3      11.78        84.81  84.09  94.15  99.25   5.85  99.25   5.85
  1 7 6 2
   3      12.04        86.68  86.08  94.30  99.38   5.73  99.38   5.73
  9 6 6 2
   3      10.18        73.29  72.04  93.34  97.80   6.67  97.80   6.67
  8 6 6 2
   3      10.45        75.23  74.05  93.46  98.14   6.52  98.14   6.52
  7 6 6 2
   3      10.71        77.11  76.04  93.65  98.44   6.38  98.44   6.38
  6 6 6 2
   3      10.98        79.05  78.04  93.74  98.69   6.24  98.69   6.24
  5 6 6 2
   3      11.24        80.92  80.03  93.91  98.91   6.11  98.91   6.11
  4 6 6 2
   3      11.51        82.87  82.02  93.99  99.09   5.98  99.09   5.98
  3 6 6 2
   3      11.77        84.74  84.00  94.14  99.25   5.86  99.25   5.86
  2 6 6 2
   3      12.03        86.61  85.99  94.28  99.39   5.74  99.39   5.74
  1 6 6 2
   3      12.29        88.48  87.97  94.41  99.50   5.62  99.50   5.62
  9 5 6 2
   3      10.44        75.16  74.00  93.50  98.11   6.53  98.11   6.53
  8 5 6 2
   3      10.71        77.11  76.00  93.59  98.41   6.38  98.41   6.38
  7 5 6 2
   3      10.97        78.98  77.98  93.76  98.67   6.25  98.67   6.25
  6 5 6 2
   3      11.24        80.92  79.97  93.84  98.90   6.11  98.90   6.11
  5 5 6 2
   3      11.50        82.79  81.96  94.00  99.09   5.98  99.09   5.98
  4 5 6 2
   3      11.76        84.67  83.93  94.14  99.25   5.86  99.25   5.86
  3 5 6 2
   3      12.02        86.54  85.91  94.27  99.39   5.74  99.39   5.74
  2 5 6 2
   3      12.28        88.41  87.88  94.40  99.51   5.63  99.51   5.63
  1 5 6 2
   3      12.54        90.28  89.86  94.51  99.61   5.52  99.61   5.52
  9 4 6 2
   3      10.70        77.03  75.96  93.64  98.37   6.38  98.37   6.38
  8 4 6 2
   3      10.97        78.98  77.95  93.72  98.65   6.25  98.65   6.25
  7 4 6 2
   3      11.23        80.85  79.92  93.87  98.88   6.11  98.88   6.11
  6 4 6 2
   3      11.49        82.72  81.90  94.02  99.08   5.99  99.08   5.99
  5 4 6 2
   3      11.75        84.59  83.87  94.15  99.24   5.87  99.24   5.87
  4 4 6 2
   3      12.01        86.47  85.85  94.28  99.39   5.75  99.39   5.75
  3 4 6 2
   3      12.27        88.34  87.82  94.40  99.51   5.63  99.51   5.63
  2 4 6 2
   3      12.53        90.21  89.78  94.51  99.61   5.52  99.61   5.52
  1 4 6 2
   3      12.76        91.86  91.48  94.56  99.70   5.43  99.70   5.43
  9 3 6 2
   3      10.96        78.91  77.92  93.77  98.60   6.25  98.60   6.25
  8 3 6 2
   3      11.22        80.78  79.89  93.92  98.85   6.12  98.85   6.12
  7 3 6 2
   3      11.49        82.72  81.87  93.98  99.05   5.99  99.05   5.99
  6 3 6 2
   3      11.75        84.59  83.84  94.11  99.23   5.87  99.23   5.87
  5 3 6 2
   3      12.01        86.47  85.80  94.23  99.38   5.75  99.38   5.75
  4 3 6 2
   3      12.27        88.34  87.76  94.34  99.50   5.63  99.50   5.63
  3 3 6 2
   3      12.53        90.21  89.72  94.45  99.61   5.52  99.61   5.52
  2 3 6 2
   3      12.75        91.79  91.43  94.58  99.69   5.43  99.69   5.43
  1 3 6 2
   3      12.95        93.23  92.94  94.66  99.77   5.35  99.77   5.35
  9 2 6 2
   3      11.22        80.78  79.87  93.89  98.81   6.12  98.81   6.12
  8 2 6 2
   3      11.48        82.65  81.84  94.03  99.02   5.99  99.02   5.99
  7 2 6 2
   3      11.74        84.52  83.81  94.16  99.21   5.87  99.21   5.87
  6 2 6 2
   3      12.00        86.39  85.76  94.27  99.36   5.75  99.36   5.75
  5 2 6 2
   3      12.26        88.26  87.72  94.37  99.49   5.64  99.49   5.64
  4 2 6 2
   3      12.52        90.14  89.67  94.46  99.60   5.52  99.60   5.52
  3 2 6 2
   3      12.75        91.79  91.39  94.54  99.69   5.43  99.69   5.43
  2 2 6 2
   3      12.95        93.23  92.90  94.62  99.77   5.35  99.77   5.35
  1 2 6 2
   3      13.14        94.60  94.40  94.76  99.84   5.28  99.84   5.28
  9 1 6 2
   3      11.48        82.65  81.83  94.02  98.98   5.99  98.98   5.99
  8 1 6 2
   3      11.74        84.52  83.79  94.14  99.18   5.87  99.18   5.87
  7 1 6 2
   3      12.00        86.39  85.74  94.24  99.34   5.75  99.34   5.75
  6 1 6 2
   3      12.26        88.26  87.70  94.35  99.48   5.64  99.48   5.64
  5 1 6 2
   3      12.51        90.06  89.64  94.51  99.59   5.53  99.59   5.53
  4 1 6 2
   3      12.74        91.72  91.36  94.58  99.68   5.43  99.68   5.43
  3 1 6 2
   3      12.94        93.16  92.86  94.65  99.76   5.35  99.76   5.35
  2 1 6 2
   3      13.14        94.60  94.36  94.72  99.83   5.28  99.83   5.28
  1 1 6 2
   3      13.34        96.04  95.86  94.78  99.89   5.20  99.89   5.20
  9 9 5 2
   3       9.65        69.50  68.08  93.02  96.99   6.98  96.99   6.98
  8 9 5 2
   3       9.92        71.44  70.10  93.18  97.43   6.82  97.43   6.82
  7 9 5 2
   3      10.19        73.36  72.12  93.35  97.81   6.67  97.81   6.67
  6 9 5 2
   3      10.46        75.31  74.13  93.48  98.13   6.52  98.13   6.52
  5 9 5 2
   3      10.73        77.25  76.14  93.60  98.42   6.37  98.42   6.37
  4 9 5 2
   3      10.99        79.12  78.15  93.79  98.66   6.23  98.66   6.23
  3 9 5 2
   3      11.26        81.07  80.15  93.89  98.87   6.10  98.87   6.10
  2 9 5 2
   3      11.52        82.94  82.15  94.06  99.06   5.97  99.06   5.97
  1 9 5 2
   3      11.79        84.88  84.15  94.15  99.22   5.84  99.22   5.84
  9 8 5 2
   3       9.91        71.38  70.04  93.18  97.41   6.82  97.41   6.82
  8 8 5 2
   3      10.18        73.29  72.05  93.35  97.80   6.67  97.80   6.67
  7 8 5 2
   3      10.45        75.23  74.06  93.47  98.14   6.52  98.14   6.52
  6 8 5 2
   3      10.72        77.18  76.06  93.58  98.42   6.38  98.42   6.38
  5 8 5 2
   3      10.98        79.05  78.06  93.77  98.67   6.24  98.67   6.24
  4 8 5 2
   3      11.25        80.99  80.06  93.87  98.89   6.10  98.89   6.10
  3 8 5 2
   3      11.51        82.87  82.05  94.03  99.07   5.98  99.07   5.98
  2 8 5 2
   3      11.77        84.74  84.05  94.19  99.23   5.86  99.23   5.86
  1 8 5 2
   3      12.04        86.68  86.03  94.25  99.37   5.73  99.37   5.73
  9 7 5 2
   3      10.17        73.22  71.99  93.37  97.78   6.68  97.78   6.68
  8 7 5 2
   3      10.44        75.16  73.99  93.48  98.12   6.53  98.12   6.53
  7 7 5 2
   3      10.71        77.11  75.99  93.59  98.42   6.38  98.42   6.38
  6 7 5 2
   3      10.97        78.98  77.99  93.77  98.68   6.25  98.68   6.25
  5 7 5 2
   3      11.24        80.92  79.98  93.85  98.89   6.11  98.89   6.11
  4 7 5 2
   3      11.50        82.79  81.96  94.01  99.08   5.98  99.08   5.98
  3 7 5 2
   3      11.76        84.67  83.95  94.16  99.24   5.86  99.24   5.86
  2 7 5 2
   3      12.03        86.61  85.94  94.22  99.38   5.74  99.38   5.74
  1 7 5 2
   3      12.29        88.48  87.92  94.35  99.50   5.62  99.50   5.62
  9 6 5 2
   3      10.43        75.09  73.94  93.51  98.09   6.53  98.09   6.53
  8 6 5 2
   3      10.70        77.03  75.94  93.61  98.40   6.39  98.40   6.39
  7 6 5 2
   3      10.96        78.91  77.93  93.79  98.67   6.25  98.67   6.25
  6 6 5 2
   3      11.23        80.85  79.92  93.86  98.89   6.12  98.89   6.12
  5 6 5 2
   3      11.49        82.72  81.90  94.01  99.08   5.99  99.08   5.99
  4 6 5 2
   3      11.75        84.59  83.87  94.15  99.25   5.87  99.25   5.87
  3 6 5 2
   3      12.01        86.47  85.85  94.29  99.39   5.75  99.39   5.75
  2 6 5 2
   3      12.27        88.34  87.82  94.41  99.50   5.63  99.50   5.63
  1 6 5 2
   3      12.54        90.28  89.80  94.45  99.61   5.52  99.61   5.52
  9 5 5 2
   3      10.69        76.96  75.89  93.64  98.37   6.39  98.37   6.39
  8 5 5 2
   3      10.96        78.91  77.88  93.72  98.64   6.25  98.64   6.25
  7 5 5 2
   3      11.22        80.78  79.86  93.89  98.88   6.12  98.88   6.12
  6 5 5 2
   3      11.48        82.65  81.83  94.02  99.07   5.99  99.07   5.99
  5 5 5 2
   3      11.74        84.52  83.81  94.17  99.24   5.87  99.24   5.87
  4 5 5 2
   3      12.00        86.39  85.78  94.28  99.39   5.75  99.39   5.75
  3 5 5 2
   3      12.26        88.26  87.75  94.40  99.51   5.64  99.51   5.64
  2 5 5 2
   3      12.52        90.14  89.71  94.51  99.61   5.53  99.61   5.53
  1 5 5 2
   3      12.75        91.79  91.43  94.58  99.70   5.43  99.70   5.43
  9 4 5 2
   3      10.95        78.83  77.85  93.77  98.61   6.25  98.61   6.25
  8 4 5 2
   3      11.21        80.71  79.82  93.92  98.85   6.12  98.85   6.12
  7 4 5 2
   3      11.48        82.65  81.79  93.97  99.06   5.99  99.06   5.99
  6 4 5 2
   3      11.74        84.52  83.76  94.11  99.23   5.87  99.23   5.87
  5 4 5 2
   3      12.00        86.39  85.72  94.22  99.38   5.75  99.38   5.75
  4 4 5 2
   3      12.26        88.26  87.69  94.34  99.50   5.64  99.50   5.64
  3 4 5 2
   3      12.52        90.14  89.64  94.44  99.61   5.53  99.61   5.53
  2 4 5 2
   3      12.74        91.72  91.36  94.59  99.70   5.43  99.70   5.43
  1 4 5 2
   3      12.94        93.16  92.88  94.68  99.77   5.35  99.77   5.35
  9 3 5 2
   3      11.21        80.71  79.80  93.89  98.81   6.12  98.81   6.12
  8 3 5 2
   3      11.47        82.58  81.76  94.02  99.03   6.00  99.03   6.00
  7 3 5 2
   3      11.73        84.45  83.72  94.14  99.21   5.87  99.21   5.87
  6 3 5 2
   3      11.99        86.32  85.68  94.25  99.37   5.76  99.37   5.76
  5 3 5 2
   3      12.25        88.19  87.63  94.36  99.50   5.64  99.50   5.64
  4 3 5 2
   3      12.51        90.06  89.59  94.46  99.60   5.53  99.60   5.53
  3 3 5 2
   3      12.74        91.72  91.32  94.54  99.69   5.43  99.69   5.43
  2 3 5 2
   3      12.94        93.16  92.83  94.62  99.77   5.35  99.77   5.35
  1 3 5 2
   3      13.14        94.60  94.34  94.70  99.84   5.28  99.84   5.28
  9 2 5 2
   3      11.47        82.58  81.74  93.99  99.00   5.99  99.00   5.99
  8 2 5 2
   3      11.73        84.45  83.70  94.12  99.19   5.87  99.19   5.87
  7 2 5 2
   3      11.99        86.32  85.66  94.23  99.35   5.75  99.35   5.75
  6 2 5 2
   3      12.25        88.19  87.60  94.33  99.48   5.64  99.48   5.64
  5 2 5 2
   3      12.50        89.99  89.55  94.49  99.60   5.53  99.60   5.53
  4 2 5 2
   3      12.73        91.65  91.29  94.59  99.69   5.44  99.69   5.44
  3 2 5 2
   3      12.93        93.09  92.79  94.66  99.77   5.36  99.77   5.36
  2 2 5 2
   3      13.13        94.53  94.29  94.72  99.83   5.28  99.83   5.28
  1 2 5 2
   3      13.33        95.97  95.78  94.78  99.89   5.20  99.89   5.20
  9 1 5 2
   3      11.73        84.45  83.68  94.10  99.15   5.87  99.15   5.87
  8 1 5 2
   3      11.99        86.32  85.63  94.20  99.32   5.75  99.32   5.75
  7 1 5 2
   3      12.24        88.12  87.58  94.38  99.47   5.64  99.47   5.64
  6 1 5 2
   3      12.50        89.99  89.52  94.46  99.58   5.53  99.58   5.53
  5 1 5 2
   3      12.73        91.65  91.26  94.56  99.68   5.44  99.68   5.44
  4 1 5 2
   3      12.93        93.09  92.76  94.62  99.76   5.36  99.76   5.36
  3 1 5 2
   3      13.13        94.53  94.25  94.68  99.83   5.28  99.83   5.28
  2 1 5 2
   3      13.32        95.90  95.75  94.81  99.89   5.21  99.89   5.21
  1 1 5 2
   3      13.52        97.34  97.24  94.87  99.94   5.13  99.94   5.13
  9 9 4 2
   3       9.91        71.35  70.01  93.18  97.34   6.82  97.34   6.82
  8 9 4 2
   3      10.18        73.29  72.02  93.31  97.74   6.67  97.74   6.67
  7 9 4 2
   3      10.45        75.23  74.03  93.44  98.09   6.52  98.09   6.52
  6 9 4 2
   3      10.71        77.11  76.03  93.63  98.38   6.38  98.38   6.38
  5 9 4 2
   3      10.98        79.05  78.03  93.73  98.64   6.24  98.64   6.24
  4 9 4 2
   3      11.24        80.92  80.03  93.91  98.86   6.11  98.86   6.11
  3 9 4 2
   3      11.51        82.87  82.02  94.00  99.05   5.98  99.05   5.98
  2 9 4 2
   3      11.77        84.74  84.02  94.15  99.21   5.85  99.21   5.85
  1 9 4 2
   3      12.03        86.61  86.00  94.30  99.35   5.74  99.35   5.74
  9 8 4 2
   3      10.17        73.22  71.95  93.32  97.73   6.67  97.73   6.67
  8 8 4 2
   3      10.44        75.16  73.96  93.44  98.08   6.52  98.08   6.52
  7 8 4 2
   3      10.70        77.03  75.96  93.64  98.38   6.39  98.38   6.39
  6 8 4 2
   3      10.97        78.98  77.95  93.73  98.65   6.25  98.65   6.25
  5 8 4 2
   3      11.23        80.85  79.94  93.89  98.87   6.11  98.87   6.11
  4 8 4 2
   3      11.49        82.72  81.93  94.06  99.06   5.99  99.06   5.99
  3 8 4 2
   3      11.76        84.67  83.92  94.12  99.23   5.86  99.23   5.86
  2 8 4 2
   3      12.02        86.54  85.90  94.26  99.37   5.74  99.37   5.74
  1 8 4 2
   3      12.28        88.41  87.88  94.39  99.49   5.63  99.49   5.63
  9 7 4 2
   3      10.43        75.09  73.90  93.46  98.06   6.53  98.06   6.53
  8 7 4 2
   3      10.69        76.96  75.89  93.64  98.37   6.39  98.37   6.39
  7 7 4 2
   3      10.96        78.91  77.88  93.73  98.64   6.25  98.64   6.25
  6 7 4 2
   3      11.22        80.78  79.87  93.89  98.87   6.12  98.87   6.12
  5 7 4 2
   3      11.48        82.65  81.85  94.04  99.07   5.99  99.07   5.99
  4 7 4 2
   3      11.75        84.59  83.83  94.10  99.23   5.87  99.23   5.87
  3 7 4 2
   3      12.01        86.47  85.81  94.24  99.38   5.75  99.38   5.75
  2 7 4 2
   3      12.27        88.34  87.78  94.36  99.50   5.63  99.50   5.63
  1 7 4 2
   3      12.53        90.21  89.75  94.48  99.60   5.52  99.60   5.52
  9 6 4 2
   3      10.69        76.96  75.85  93.58  98.35   6.39  98.35   6.39
  8 6 4 2
   3      10.95        78.83  77.83  93.75  98.62   6.26  98.62   6.26
  7 6 4 2
   3      11.21        80.71  79.81  93.91  98.86   6.12  98.86   6.12
  6 6 4 2
   3      11.48        82.65  81.79  93.97  99.06   5.99  99.06   5.99
  5 6 4 2
   3      11.74        84.52  83.76  94.11  99.23   5.87  99.23   5.87
  4 6 4 2
   3      12.00        86.39  85.73  94.23  99.38   5.75  99.38   5.75
  3 6 4 2
   3      12.26        88.26  87.70  94.35  99.50   5.64  99.50   5.64
  2 6 4 2
   3      12.52        90.14  89.66  94.46  99.60   5.53  99.60   5.53
  1 6 4 2
   3      12.75        91.79  91.39  94.54  99.69   5.43  99.69   5.43
  9 5 4 2
   3      10.94        78.76  77.79  93.78  98.60   6.26  98.60   6.26
  8 5 4 2
   3      11.21        80.71  79.76  93.85  98.84   6.12  98.84   6.12
  7 5 4 2
   3      11.47        82.58  81.74  93.99  99.05   6.00  99.05   6.00
  6 5 4 2
   3      11.73        84.45  83.70  94.12  99.23   5.87  99.23   5.87
  5 5 4 2
   3      11.99        86.32  85.66  94.24  99.37   5.76  99.37   5.76
  4 5 4 2
   3      12.25        88.19  87.63  94.35  99.50   5.64  99.50   5.64
  3 5 4 2
   3      12.51        90.06  89.58  94.45  99.60   5.53  99.60   5.53
  2 5 4 2
   3      12.74        91.72  91.32  94.54  99.69   5.43  99.69   5.43
  1 5 4 2
   3      12.94        93.16  92.84  94.63  99.77   5.35  99.77   5.35
  9 4 4 2
   3      11.20        80.63  79.73  93.89  98.81   6.13  98.81   6.13
  8 4 4 2
   3      11.46        82.51  81.69  94.02  99.03   6.00  99.03   6.00
  7 4 4 2
   3      11.72        84.38  83.65  94.15  99.21   5.88  99.21   5.88
  6 4 4 2
   3      11.98        86.25  85.62  94.27  99.37   5.76  99.37   5.76
  5 4 4 2
   3      12.24        88.12  87.57  94.37  99.49   5.65  99.49   5.65
  4 4 4 2
   3      12.50        89.99  89.52  94.46  99.60   5.53  99.60   5.53
  3 4 4 2
   3      12.73        91.65  91.27  94.56  99.69   5.44  99.69   5.44
  2 4 4 2
   3      12.93        93.09  92.77  94.64  99.77   5.36  99.77   5.36
  1 4 4 2
   3      13.13        94.53  94.28  94.71  99.84   5.28  99.84   5.28
  9 3 4 2
   3      11.46        82.51  81.67  94.00  99.00   6.00  99.00   6.00
  8 3 4 2
   3      11.72        84.38  83.62  94.11  99.19   5.88  99.19   5.88
  7 3 4 2
   3      11.98        86.25  85.58  94.22  99.35   5.76  99.35   5.76
  6 3 4 2
   3      12.24        88.12  87.53  94.32  99.48   5.64  99.48   5.64
  5 3 4 2
   3      12.49        89.92  89.47  94.48  99.60   5.54  99.60   5.54
  4 3 4 2
   3      12.73        91.65  91.23  94.52  99.69   5.44  99.69   5.44
  3 3 4 2
   3      12.92        93.02  92.73  94.67  99.77   5.36  99.77   5.36
  2 3 4 2
   3      13.12        94.46  94.23  94.73  99.83   5.28  99.83   5.28
  1 3 4 2
   3      13.32        95.90  95.73  94.80  99.89   5.21  99.89   5.21
  9 2 4 2
   3      11.72        84.38  83.60  94.09  99.16   5.88  99.16   5.88
  8 2 4 2
   3      11.97        86.18  85.55  94.27  99.33   5.76  99.33   5.76
  7 2 4 2
   3      12.23        88.05  87.50  94.37  99.47   5.65  99.47   5.65
  6 2 4 2
   3      12.49        89.92  89.44  94.45  99.59   5.54  99.59   5.54
  5 2 4 2
   3      12.72        91.58  91.20  94.57  99.68   5.44  99.68   5.44
  4 2 4 2
   3      12.92        93.02  92.70  94.64  99.76   5.36  99.76   5.36
  3 2 4 2
   3      13.12        94.46  94.19  94.70  99.83   5.28  99.83   5.28
  2 2 4 2
   3      13.31        95.82  95.69  94.82  99.89   5.21  99.89   5.21
  1 2 4 2
   3      13.51        97.26  97.18  94.88  99.94   5.14  99.94   5.14
  9 1 4 2
   3      11.97        86.18  85.54  94.26  99.30   5.76  99.30   5.76
  8 1 4 2
   3      12.23        88.05  87.48  94.35  99.45   5.65  99.45   5.65
  7 1 4 2
   3      12.49        89.92  89.42  94.43  99.57   5.54  99.57   5.54
  6 1 4 2
   3      12.72        91.58  91.18  94.54  99.67   5.44  99.67   5.44
  5 1 4 2
   3      12.92        93.02  92.67  94.61  99.76   5.36  99.76   5.36
  4 1 4 2
   3      13.11        94.38  94.16  94.74  99.83   5.29  99.83   5.29
  3 1 4 2
   3      13.31        95.82  95.65  94.79  99.88   5.21  99.88   5.21
  2 1 4 2
   3      13.51        97.26  97.13  94.83  99.93   5.14  99.93   5.14
  1 1 4 2
   3      13.70        98.63  98.62  94.95  99.97   5.07  99.97   5.07
  9 9 3 2
   3      10.17        73.22  71.93  93.29  97.66   6.67  97.66   6.67
  8 9 3 2
   3      10.43        75.09  73.94  93.50  98.02   6.53  98.02   6.53
  7 9 3 2
   3      10.70        77.03  75.94  93.61  98.33   6.38  98.33   6.38
  6 9 3 2
   3      10.96        78.91  77.93  93.79  98.60   6.25  98.60   6.25
  5 9 3 2
   3      11.23        80.85  79.92  93.87  98.83   6.11  98.83   6.11
  4 9 3 2
   3      11.49        82.72  81.91  94.03  99.03   5.99  99.03   5.99
  3 9 3 2
   3      11.75        84.59  83.90  94.18  99.20   5.86  99.20   5.86
  2 9 3 2
   3      12.02        86.54  85.88  94.23  99.35   5.74  99.35   5.74
  1 9 3 2
   3      12.28        88.41  87.86  94.37  99.47   5.63  99.47   5.63
  9 8 3 2
   3      10.42        75.02  73.87  93.51  98.01   6.53  98.01   6.53
  8 8 3 2
   3      10.69        76.96  75.87  93.61  98.33   6.39  98.33   6.39
  7 8 3 2
   3      10.95        78.83  77.85  93.78  98.60   6.25  98.60   6.25
  6 8 3 2
   3      11.22        80.78  79.84  93.86  98.84   6.12  98.84   6.12
  5 8 3 2
   3      11.48        82.65  81.83  94.02  99.04   5.99  99.04   5.99
  4 8 3 2
   3      11.74        84.52  83.81  94.16  99.21   5.87  99.21   5.87
  3 8 3 2
   3      12.00        86.39  85.78  94.28  99.36   5.75  99.36   5.75
  2 8 3 2
   3      12.27        88.34  87.76  94.34  99.48   5.63  99.48   5.63
  1 8 3 2
   3      12.53        90.21  89.73  94.45  99.59   5.52  99.59   5.52
  9 7 3 2
   3      10.68        76.89  75.81  93.63  98.31   6.39  98.31   6.39
  8 7 3 2
   3      10.95        78.83  77.79  93.71  98.59   6.25  98.59   6.25
  7 7 3 2
   3      11.21        80.71  79.77  93.86  98.83   6.12  98.83   6.12
  6 7 3 2
   3      11.47        82.58  81.75  94.01  99.04   6.00  99.04   6.00
  5 7 3 2
   3      11.73        84.45  83.72  94.14  99.21   5.87  99.21   5.87
  4 7 3 2
   3      11.99        86.32  85.69  94.27  99.36   5.76  99.36   5.76
  3 7 3 2
   3      12.25        88.19  87.66  94.39  99.49   5.64  99.49   5.64
  2 7 3 2
   3      12.51        90.06  89.63  94.50  99.59   5.53  99.59   5.53
  1 7 3 2
   3      12.74        91.72  91.36  94.59  99.68   5.43  99.68   5.43
  9 6 3 2
   3      10.94        78.76  77.75  93.74  98.57   6.26  98.57   6.26
  8 6 3 2
   3      11.20        80.63  79.72  93.88  98.82   6.13  98.82   6.13
  7 6 3 2
   3      11.46        82.51  81.69  94.02  99.03   6.00  99.03   6.00
  6 6 3 2
   3      11.72        84.38  83.66  94.16  99.21   5.88  99.21   5.88
  5 6 3 2
   3      11.98        86.25  85.63  94.27  99.36   5.76  99.36   5.76
  4 6 3 2
   3      12.24        88.12  87.58  94.38  99.49   5.65  99.49   5.65
  3 6 3 2
   3      12.50        89.99  89.54  94.48  99.60   5.53  99.60   5.53
  2 6 3 2
   3      12.73        91.65  91.29  94.59  99.69   5.44  99.69   5.44
  1 6 3 2
   3      12.93        93.09  92.81  94.67  99.77   5.36  99.77   5.36
  9 5 3 2
   3      11.20        80.63  79.68  93.84  98.79   6.13  98.79   6.13
  8 5 3 2
   3      11.46        82.51  81.65  93.97  99.01   6.00  99.01   6.00
  7 5 3 2
   3      11.72        84.38  83.61  94.10  99.20   5.88  99.20   5.88
  6 5 3 2
   3      11.98        86.25  85.56  94.21  99.35   5.76  99.35   5.76
  5 5 3 2
   3      12.23        88.05  87.52  94.39  99.49   5.65  99.49   5.65
  4 5 3 2
   3      12.49        89.92  89.47  94.48  99.60   5.54  99.60   5.54
  3 5 3 2
   3      12.73        91.65  91.23  94.52  99.69   5.44  99.69   5.44
  2 5 3 2
   3      12.93        93.09  92.74  94.60  99.77   5.36  99.77   5.36
  1 5 3 2
   3      13.12        94.46  94.25  94.75  99.83   5.28  99.83   5.28
  9 4 3 2
   3      11.45        82.43  81.61  94.01  98.99   6.00  98.99   6.00
  8 4 3 2
   3      11.71        84.31  83.57  94.13  99.18   5.88  99.18   5.88
  7 4 3 2
   3      11.97        86.18  85.52  94.24  99.34   5.76  99.34   5.76
  6 4 3 2
   3      12.23        88.05  87.47  94.33  99.48   5.65  99.48   5.65
  5 4 3 2
   3      12.49        89.92  89.42  94.43  99.59   5.54  99.59   5.54
  4 4 3 2
   3      12.72        91.58  91.18  94.55  99.68   5.44  99.68   5.44
  3 4 3 2
   3      12.92        93.02  92.68  94.62  99.77   5.36  99.77   5.36
  2 4 3 2
   3      13.12        94.46  94.18  94.69  99.83   5.28  99.83   5.28
  1 4 3 2
   3      13.31        95.82  95.69  94.82  99.89   5.21  99.89   5.21
  9 3 3 2
   3      11.71        84.31  83.54  94.10  99.16   5.88  99.16   5.88
  8 3 3 2
   3      11.97        86.18  85.49  94.20  99.33   5.76  99.33   5.76
  7 3 3 2
   3      12.22        87.98  87.44  94.38  99.47   5.65  99.47   5.65
  6 3 3 2
   3      12.48        89.85  89.37  94.46  99.58   5.54  99.58   5.54
  5 3 3 2
   3      12.71        91.50  91.14  94.59  99.68   5.45  99.68   5.45
  4 3 3 2
   3      12.91        92.94  92.65  94.66  99.76   5.37  99.76   5.37
  3 3 3 2
   3      13.11        94.38  94.14  94.71  99.83   5.29  99.83   5.29
  2 3 3 2
   3      13.31        95.82  95.63  94.77  99.89   5.21  99.89   5.21
  1 3 3 2
   3      13.50        97.19  97.13  94.90  99.93   5.14  99.93   5.14
  9 2 3 2
   3      11.96        86.11  85.47  94.26  99.30   5.77  99.30   5.77
  8 2 3 2
   3      12.22        87.98  87.41  94.35  99.45   5.65  99.45   5.65
  7 2 3 2
   3      12.48        89.85  89.35  94.43  99.57   5.54  99.57   5.54
  6 2 3 2
   3      12.71        91.50  91.12  94.56  99.67   5.45  99.67   5.45
  5 2 3 2
   3      12.91        92.94  92.62  94.62  99.76   5.37  99.76   5.37
  4 2 3 2
   3      13.11        94.38  94.11  94.68  99.83   5.29  99.83   5.29
  3 2 3 2
   3      13.30        95.75  95.60  94.80  99.88   5.22  99.88   5.22
  2 2 3 2
   3      13.50        97.19  97.08  94.85  99.93   5.14  99.93   5.14
  1 2 3 2
   3      13.69        98.56  98.57  94.97  99.97   5.07  99.97   5.07
  9 1 3 2
   3      12.22        87.98  87.39  94.33  99.43   5.65  99.43   5.65
  8 1 3 2
   3      12.47        89.78  89.33  94.48  99.56   5.54  99.56   5.54
  7 1 3 2
   3      12.71        91.50  91.11  94.55  99.66   5.45  99.66   5.45
  6 1 3 2
   3      12.91        92.94  92.59  94.60  99.75   5.37  99.75   5.37
  5 1 3 2
   3      13.10        94.31  94.08  94.73  99.82   5.29  99.82   5.29
  4 1 3 2
   3      13.30        95.75  95.56  94.77  99.88   5.22  99.88   5.22
  3 1 3 2
   3      13.49        97.12  97.04  94.89  99.93   5.14  99.93   5.14
  2 1 3 2
   3      13.69        98.56  98.53  94.93  99.97   5.07  99.97   5.07
  1 1 3 2
   3      13.88        99.93 100.00  95.03 100.00   5.00 100.00   5.00
  9 9 2 2
   3      10.42        75.02  73.86  93.49  97.93   6.53  97.93   6.53
  8 9 2 2
   3      10.69        76.96  75.85  93.59  98.26   6.38  98.26   6.38
  7 9 2 2
   3      10.95        78.83  77.85  93.77  98.55   6.25  98.55   6.25
  6 9 2 2
   3      11.22        80.78  79.83  93.85  98.79   6.12  98.79   6.12
  5 9 2 2
   3      11.48        82.65  81.81  94.00  99.00   5.99  99.00   5.99
  4 9 2 2
   3      11.74        84.52  83.79  94.14  99.18   5.87  99.18   5.87
  3 9 2 2
   3      12.00        86.39  85.77  94.27  99.33   5.75  99.33   5.75
  2 9 2 2
   3      12.26        88.26  87.74  94.40  99.46   5.63  99.46   5.63
  1 9 2 2
   3      12.52        90.14  89.71  94.51  99.57   5.52  99.57   5.52
  9 8 2 2
   3      10.68        76.89  75.79  93.60  98.25   6.39  98.25   6.39
  8 8 2 2
   3      10.94        78.76  77.78  93.78  98.54   6.26  98.54   6.26
  7 8 2 2
   3      11.21        80.71  79.76  93.84  98.79   6.12  98.79   6.12
  6 8 2 2
   3      11.47        82.58  81.74  93.99  99.01   5.99  99.01   5.99
  5 8 2 2
   3      11.73        84.45  83.71  94.13  99.19   5.87  99.19   5.87
  4 8 2 2
   3      11.99        86.32  85.68  94.25  99.34   5.75  99.34   5.75
  3 8 2 2
   3      12.25        88.19  87.64  94.37  99.47   5.64  99.47   5.64
  2 8 2 2
   3      12.51        90.06  89.61  94.48  99.58   5.53  99.58   5.53
  1 8 2 2
   3      12.74        91.72  91.35  94.58  99.67   5.43  99.67   5.43
  9 7 2 2
   3      10.94        78.76  77.72  93.70  98.53   6.25  98.53   6.25
  8 7 2 2
   3      11.20        80.63  79.70  93.86  98.78   6.13  98.78   6.13
  7 7 2 2
   3      11.46        82.51  81.67  94.00  99.00   6.00  99.00   6.00
  6 7 2 2
   3      11.72        84.38  83.63  94.12  99.19   5.88  99.19   5.88
  5 7 2 2
   3      11.98        86.25  85.60  94.24  99.34   5.76  99.34   5.76
  4 7 2 2
   3      12.24        88.12  87.56  94.35  99.47   5.64  99.47   5.64
  3 7 2 2
   3      12.50        89.99  89.51  94.46  99.58   5.53  99.58   5.53
  2 7 2 2
   3      12.73        91.65  91.27  94.57  99.68   5.44  99.68   5.44
  1 7 2 2
   3      12.93        93.09  92.78  94.65  99.76   5.36  99.76   5.36
  9 6 2 2
   3      11.19        80.56  79.64  93.88  98.76   6.13  98.76   6.13
  8 6 2 2
   3      11.45        82.43  81.61  94.02  98.99   6.00  98.99   6.00
  7 6 2 2
   3      11.71        84.31  83.58  94.14  99.18   5.88  99.18   5.88
  6 6 2 2
   3      11.97        86.18  85.53  94.25  99.34   5.76  99.34   5.76
  5 6 2 2
   3      12.23        88.05  87.49  94.36  99.47   5.65  99.47   5.65
  4 6 2 2
   3      12.49        89.92  89.44  94.45  99.59   5.54  99.59   5.54
  3 6 2 2
   3      12.72        91.58  91.21  94.58  99.68   5.44  99.68   5.44
  2 6 2 2
   3      12.92        93.02  92.71  94.65  99.76   5.36  99.76   5.36
  1 6 2 2
   3      13.12        94.46  94.22  94.73  99.83   5.28  99.83   5.28
  9 5 2 2
   3      11.45        82.43  81.57  93.97  98.97   6.00  98.97   6.00
  8 5 2 2
   3      11.71        84.31  83.53  94.08  99.16   5.88  99.16   5.88
  7 5 2 2
   3      11.96        86.11  85.48  94.27  99.33   5.77  99.33   5.77
  6 5 2 2
   3      12.22        87.98  87.43  94.37  99.47   5.65  99.47   5.65
  5 5 2 2
   3      12.48        89.85  89.38  94.46  99.58   5.54  99.58   5.54
  4 5 2 2
   3      12.72        91.58  91.15  94.52  99.68   5.44  99.68   5.44
  3 5 2 2
   3      12.91        92.94  92.65  94.66  99.76   5.37  99.76   5.37
  2 5 2 2
   3      13.11        94.38  94.15  94.73  99.83   5.29  99.83   5.29
  1 5 2 2
   3      13.31        95.82  95.66  94.79  99.89   5.21  99.89   5.21
  9 4 2 2
   3      11.70        84.23  83.50  94.13  99.14   5.89  99.14   5.89
  8 4 2 2
   3      11.96        86.11  85.44  94.23  99.31   5.77  99.31   5.77
  7 4 2 2
   3      12.22        87.98  87.38  94.32  99.46   5.65  99.46   5.65
  6 4 2 2
   3      12.47        89.78  89.33  94.48  99.58   5.55  99.58   5.55
  5 4 2 2
   3      12.71        91.50  91.11  94.55  99.67   5.45  99.67   5.45
  4 4 2 2
   3      12.91        92.94  92.61  94.62  99.76   5.37  99.76   5.37
  3 4 2 2
   3      13.11        94.38  94.10  94.68  99.83   5.29  99.83   5.29
  2 4 2 2
   3      13.30        95.75  95.60  94.80  99.88   5.22  99.88   5.22
  1 4 2 2
   3      13.50        97.19  97.09  94.86  99.93   5.14  99.93   5.14
  9 3 2 2
   3      11.96        86.11  85.41  94.20  99.29   5.77  99.29   5.77
  8 3 2 2
   3      12.21        87.90  87.35  94.37  99.44   5.66  99.44   5.66
  7 3 2 2
   3      12.47        89.78  89.29  94.44  99.57   5.55  99.57   5.55
  6 3 2 2
   3      12.71        91.50  91.08  94.52  99.67   5.45  99.67   5.45
  5 3 2 2
   3      12.90        92.87  92.57  94.65  99.75   5.37  99.75   5.37
  4 3 2 2
   3      13.10        94.31  94.06  94.71  99.82   5.29  99.82   5.29
  3 3 2 2
   3      13.30        95.75  95.55  94.76  99.88   5.22  99.88   5.22
  2 3 2 2
   3      13.49        97.12  97.04  94.88  99.93   5.14  99.93   5.14
  1 3 2 2
   3      13.69        98.56  98.52  94.92  99.97   5.07  99.97   5.07
  9 2 2 2
   3      12.21        87.90  87.33  94.34  99.42   5.66  99.42   5.66
  8 2 2 2
   3      12.47        89.78  89.26  94.42  99.55   5.54  99.55   5.54
  7 2 2 2
   3      12.70        91.43  91.05  94.57  99.66   5.45  99.66   5.45
  6 2 2 2
   3      12.90        92.87  92.55  94.63  99.75   5.37  99.75   5.37
  5 2 2 2
   3      13.10        94.31  94.03  94.68  99.82   5.29  99.82   5.29
  4 2 2 2
   3      13.29        95.68  95.52  94.80  99.88   5.22  99.88   5.22
  3 2 2 2
   3      13.49        97.12  97.00  94.84  99.93   5.14  99.93   5.14
  2 2 2 2
   3      13.68        98.49  98.48  94.95  99.97   5.08  99.97   5.08
  1 2 2 2
   3      13.88        99.93  99.95  94.99 100.00   5.00 100.00   5.00
  9 1 2 2
   3      12.46        89.70  89.25  94.48  99.53   5.55  99.53   5.55
  8 1 2 2
   3      12.70        91.43  91.04  94.55  99.64   5.45  99.64   5.45
  7 1 2 2
   3      12.90        92.87  92.52  94.60  99.74   5.37  99.74   5.37
  6 1 2 2
   3      13.09        94.24  94.01  94.73  99.81   5.30  99.81   5.30
  5 1 2 2
   3      13.29        95.68  95.49  94.77  99.88   5.22  99.88   5.22
  4 1 2 2
   3      13.48        97.05  96.97  94.88  99.93   5.15  99.93   5.15
  3 1 2 2
   3      13.68        98.49  98.45  94.92  99.97   5.08  99.97   5.08
  2 1 2 2
   3      13.87        99.86  99.92  95.02 100.00   5.01 100.00   5.01
  1 1 2 2
   3      13.88        99.93 100.00  95.03 100.00   5.00 100.00   5.00
